package	asset_base	namespace	text_key	offset	current	target	old_size	new_size	delta	encoding	repair_ok	repair_status
1	/NGR/Content/Data/DataTables/CombatGrowth/BuffGrowth/DT_BuffGrowth_DFY	/Game/Data/DataTables/CombatGrowth/BuffGrowth/DT_BuffGrowth_DFY	B7479CCE43B067256EF063813009543D	69392	强化普攻震流强度+#AddElecDamage#，每第#Count#次强化普攻，暴击效果+#CriDamageAdd#。	Every #Count# Enhanced Basic Attacks increase Quake Adeptness by #AddElecDamage# and Critical Damage by #CriDamageAdd#.	126	244	118	utf16		
1	/NGR/Content/Data/DataTables/CombatGrowth/BuffGrowth/DT_BuffGrowth_DreamMonster	/Game/Data/DataTables/CombatGrowth/BuffGrowth/DT_BuffGrowth_DreamMonster	C00E1B3E414BA56524865FA871037E85	9597	无法闪避、交互以及攻击	The target cannot be dodged, interacted with, or attacked.	28	122	94	utf16		
1	/NGR/Content/Data/DataTables/CombatGrowth/BuffGrowth/DT_BuffGrowth_DreamMonster	/Game/Data/DataTables/CombatGrowth/BuffGrowth/DT_BuffGrowth_DreamMonster	968AAB924F1AF0ABE979E88B1BCF4BE8	11081	无法闪避、交互以及攻击	The target cannot be dodged, interacted with, or attacked.	28	122	94	utf16		
1	/NGR/Content/Data/DataTables/CombatGrowth/BuffGrowth/DT_BuffGrowth_General	/Game/Data/DataTables/CombatGrowth/BuffGrowth/DT_BuffGrowth_General	41E92FD6482343215AC84B81D71C03DB	33342	持续恢复生命	Butterfly Spring	18	38	20	utf16		
1	/NGR/Content/Data/DataTables/CombatGrowth/BuffGrowth/DT_BuffGrowth_General	/Game/Data/DataTables/CombatGrowth/BuffGrowth/DT_BuffGrowth_General	433679CA485238A1972C239B74AFB04D	33461	在区域内，持续恢复生命值。	The Dream Energy in the spring can heal wounds.	32	100	68	utf16		
1	/NGR/Content/Data/DataTables/CombatGrowth/BuffGrowth/DT_BuffGrowth_General	/Game/Data/DataTables/CombatGrowth/BuffGrowth/DT_BuffGrowth_General	1FAD8DA84B79AA5B9831B98F8F584A48	49963	部位已被破坏，每层使敌人受到额外#damage#伤害。	One or more parts have been broken. Each stack causes the target to take #damage# more damage.	60	194	134	utf16		
1	/NGR/Content/Data/DataTables/CombatGrowth/BuffGrowth/DT_BuffGrowth_General	/Game/Data/DataTables/CombatGrowth/BuffGrowth/DT_BuffGrowth_General	49A28C344AD2B9ACBA72D1A3EEABE459	91663	倒计时结束会施放团灭技能	The doom is coming.	30	44	14	utf16		
1	/NGR/Content/Data/DataTables/CombatGrowth/BuffGrowth/DT_BuffGrowth_JL	/Game/Data/DataTables/CombatGrowth/BuffGrowth/DT_BuffGrowth_JL	1D464EED418D77A52F300D9D7B0C04FB	83071	处于<#FS1002_D_7>中时，自身额外提升10%<#攻击力>。	Attack increases by 15% inside Sphere of Purity.	74	102	28	utf16		
1	/NGR/Content/Data/DataTables/CombatGrowth/BuffGrowth/DT_BuffGrowth_Servant	/Game/Data/DataTables/CombatGrowth/BuffGrowth/DT_BuffGrowth_Servant	9CA6D31C4E6C1A3E1AAED5B4B657F912	2041	正在强化友方，可通过击破万法铸灵护盾打断。	Currently enhancing allies; can be interrupted by breaking the Manifold Sentinel's shield.	48	186	138	utf16		
1	/NGR/Content/Data/DataTables/CombatGrowth/BuffGrowth/DT_BuffGrowth_WZJ	/Game/Data/DataTables/CombatGrowth/BuffGrowth/DT_BuffGrowth_WZJ	FC5DF9AC46781F01EAF1658CC6F75686	51491	<#FS1007_D_4>状态持续时长提升至#TimePer#。	Frost Stained lasts #TimePer# of its normal duration. Ice attacks by you or your allies against Frost Stained enemies gain an additional #Cri# Critical Rate.	70	320	250	utf16		
1	/NGR/Content/Data/DataTables/CombatGrowth/SkillGrowth/DT_SkillGrowth_DFY	/Game/Data/DataTables/CombatGrowth/SkillGrowth/DT_SkillGrowth_DFY	BE6EB93C48B82FC30BC8C1BB7FC1C73D	15633	"<#激活>相关<#流脉>可施放。
斩击前<#方>范围敌人，造成<#伤害>。"	Available after activating the corresponding Talent. Unleash a forward slash, dealing damage to enemies within range.	82	240	158	utf16		
1	/NGR/Content/Data/DataTables/CombatGrowth/SkillGrowth/DT_SkillGrowth_Kai	/Game/Data/DataTables/CombatGrowth/SkillGrowth/DT_SkillGrowth_Kai	881770BF4276A7619CA1AF98F62CE703	1126229	闪身攻击	Dash & Attack	14	32	18	utf16		
1	/NGR/Content/Data/DataTables/CombatGrowth/SkillGrowth/DT_SkillGrowth_Kai	/Game/Data/DataTables/CombatGrowth/SkillGrowth/DT_SkillGrowth_Kai	50B96AFC493B5994E3DD9896DA6B9D80	1126574	#power8#攻击力+#defend8#防御力	#power4# Attack + #defend4# Defense	54	76	22	utf16		
1	/NGR/Content/Data/DataTables/CombatGrowth/SkillGrowth/DT_SkillGrowth_Kai	/Game/Data/DataTables/CombatGrowth/SkillGrowth/DT_SkillGrowth_Kai	EB75C2CF4BF2717E553AE8B47B7B7F8F	1229936	向前突进并连续挥刀进行2次斩击，造成<#流技伤害>，6秒内下一次<#普攻><#强化>为<#FS1003_D_3>。	Dash forward and slash twice, dealing Skill Damage. Your next Basic Attack within 6s becomes Ultra Strike.	120	218	98	utf16		
1	/NGR/Content/Data/DataTables/CombatGrowth/SkillGrowth/DT_SkillGrowth_Kai	/Game/Data/DataTables/CombatGrowth/SkillGrowth/DT_SkillGrowth_Kai	44BAD99C4D2BF44D3772F786966D7AF4	1230242	向前迅猛突进并造成<#普攻伤害>，命中敌人后获得1层<#FS1003_D_2>。	Lunge forward, dealing Basic Attack Damage. Hitting an enemy grants 1 stack of Blade Power Rising.	86	202	116	utf16		
1	/NGR/Content/Data/DataTables/CombatGrowth/SkillGrowth/DT_SkillGrowth_Kai	/Game/Data/DataTables/CombatGrowth/SkillGrowth/DT_SkillGrowth_Kai	4781696E4C9C9A80E1B7109FFDB60CE6	1273525	向前发动两段攻击，造成<#流技伤害>，命中敌人后获得1层<#FS1003_D_2>。	Unleash two forward slashes, each dealing Skill Damage. Gain 1 stack of Blade Power Rising upon hitting an enemy.	90	232	142	utf16		
1	/NGR/Content/Data/DataTables/CombatGrowth/SkillGrowth/DT_SkillGrowth_LBDS	/Game/Data/DataTables/CombatGrowth/SkillGrowth/DT_SkillGrowth_LBDS	5077BA13489CDC26F1A651AAD8D4A4E4	1283586	<#闪身攻击>/<#蓄力攻击>	Dash & Attack/Charged Basic Attack	36	74	38	utf16		
1	/NGR/Content/Data/DataTables/CombatGrowth/SkillGrowth/DT_SkillGrowth_LBDS	/Game/Data/DataTables/CombatGrowth/SkillGrowth/DT_SkillGrowth_LBDS	96E33D6542962DA1373C7182CBD19D64	1291257	<#闪身攻击>/<#蓄力攻击>	Dash & Attack/Charged Basic Attack	36	74	38	utf16		
1	/NGR/Content/Data/DataTables/CombatGrowth/SkillGrowth/DT_SkillGrowth_LBDS	/Game/Data/DataTables/CombatGrowth/SkillGrowth/DT_SkillGrowth_LBDS	F3ACE5AB4523CB5152167A9471BBF0E4	1298928	<#闪身攻击>/<#蓄力攻击>	Dash & Attack/Charged Basic Attack	36	74	38	utf16		
1	/NGR/Content/Data/DataTables/CombatGrowth/SkillGrowth/DT_SkillGrowth_LBDS	/Game/Data/DataTables/CombatGrowth/SkillGrowth/DT_SkillGrowth_LBDS	4B2604AE41147EAD71BE7E95CD8BB071	1306599	<#闪身攻击>/<#蓄力攻击>	Dash & Attack/Charged Basic Attack	36	74	38	utf16		
1	/NGR/Content/Data/DataTables/CombatGrowth/SkillGrowth/DT_SkillGrowth_LBDS	/Game/Data/DataTables/CombatGrowth/SkillGrowth/DT_SkillGrowth_LBDS	14EF8FF342667349CA0297AD47CB451A	1314270	<#闪身攻击>/<#蓄力攻击>	Dash & Attack/Charged Basic Attack	36	74	38	utf16		
1	/NGR/Content/Data/DataTables/CombatGrowth/SkillGrowth/DT_SkillGrowth_LBDS	/Game/Data/DataTables/CombatGrowth/SkillGrowth/DT_SkillGrowth_LBDS	E2563BFB476BFDEFB3B3598AA2CBEF71	1321941	<#闪身攻击>/<#蓄力攻击>	Dash & Attack/Charged Basic Attack	36	74	38	utf16		
1	/NGR/Content/Data/DataTables/CombatGrowth/SkillGrowth/DT_SkillGrowth_LBDS	/Game/Data/DataTables/CombatGrowth/SkillGrowth/DT_SkillGrowth_LBDS	D44498774897683F1937EC916B73EB16	1329612	<#闪身攻击>/<#蓄力攻击>	Dash & Attack/Charged Basic Attack	36	74	38	utf16		
1	/NGR/Content/Data/DataTables/CombatGrowth/SkillGrowth/DT_SkillGrowth_LBDS	/Game/Data/DataTables/CombatGrowth/SkillGrowth/DT_SkillGrowth_LBDS	7A0C75B34FC14BFDBE0A11B79EBDE78B	1337283	<#闪身攻击>/<#蓄力攻击>	Dash & Attack/Charged Basic Attack	36	74	38	utf16		
1	/NGR/Content/Data/DataTables/CombatGrowth/SkillGrowth/DT_SkillGrowth_LBDS	/Game/Data/DataTables/CombatGrowth/SkillGrowth/DT_SkillGrowth_LBDS	9B60287242D0E0EB095D42A3010B63FA	1344954	<#闪身攻击>/<#蓄力攻击>	Dash & Attack/Charged Basic Attack	36	74	38	utf16		
1	/NGR/Content/Data/DataTables/CombatGrowth/SkillGrowth/DT_SkillGrowth_LengChun	/Game/Data/DataTables/CombatGrowth/SkillGrowth/DT_SkillGrowth_LengChun	B598E4D3452F3669FAE8C79770444706	269042	"自身高速旋转并幻化出血鞭攻击附近敌人，造成<#普攻伤害>；命中的敌人进入6秒<#FS1017_D_6>状态。
<#FS1017_S_6>不会打断<#普攻>连段。如在敌人攻击即将命中时施放，可触发<#完美闪避>。
<#绯瞳刃舞>攻击<#FS1017_D_6>状态下的敌人时，提升#IgnoreDefenseTime#<#追击率>。"	"Conjure a Blood Whip to hit nearby enemies, dealing Basic Attack Damage and inflicting Wound for 6s.

Using Lethal Cyclone won't break your Basic Attack combo and can Perfect Dodge incoming attacks.

Against enemies with Wound, Scarlet Waltz's Double Strike Rate is increased by #IgnoreDefenseTime#."	334	612	278	utf16		
1	/NGR/Content/Data/DataTables/CombatGrowth/SkillGrowth/DT_SkillGrowth_LengChun	/Game/Data/DataTables/CombatGrowth/SkillGrowth/DT_SkillGrowth_LengChun	CCF73E5C47B4DC431604408E055F4A62	275882	"自身高速旋转并幻化出血鞭攻击附近敌人，造成<#普攻伤害>；命中的敌人进入6秒<#FS1017_D_6>状态。
<#FS1017_S_6>不会打断<#普攻>连段。如在敌人攻击即将命中时施放，可触发<#完美闪避>。
<#绯瞳刃舞>攻击<#FS1017_D_6>状态下的敌人时，提升#IgnoreDefenseTime#<#追击率>。"	"Conjure a Blood Whip to hit nearby enemies, dealing Basic Attack Damage and inflicting Wound for 6s.

Using Lethal Cyclone won't break your Basic Attack combo and can Perfect Dodge incoming attacks.

Against enemies with Wound, Scarlet Waltz's Double Strike Rate is increased by #IgnoreDefenseTime#."	334	612	278	utf16		
1	/NGR/Content/Data/DataTables/CombatGrowth/SkillGrowth/DT_SkillGrowth_LengChun	/Game/Data/DataTables/CombatGrowth/SkillGrowth/DT_SkillGrowth_LengChun	575996EB4A61B52001DFA587FB724FAB	279570	"自身高速旋转并幻化出血鞭攻击附近敌人，造成<#普攻伤害>；命中的敌人进入6秒<#FS1017_D_6>状态。
<#FS1017_S_6>不会打断<#普攻>连段。如在敌人攻击即将命中时施放，可触发<#完美闪避>。
<#绯瞳刃舞>攻击<#FS1017_D_6>状态下的敌人时，提升#IgnoreDefenseTime#<#追击率>。"	"Conjure a Blood Whip to hit nearby enemies, dealing Basic Attack Damage and inflicting Wound for 6s.

Using Lethal Cyclone won't break your Basic Attack combo and can Perfect Dodge incoming attacks.

Against enemies with Wound, Scarlet Waltz's Double Strike Rate is increased by #IgnoreDefenseTime#."	334	612	278	utf16		
1	/NGR/Content/Data/DataTables/CombatGrowth/SkillGrowth/DT_SkillGrowth_LengChun	/Game/Data/DataTables/CombatGrowth/SkillGrowth/DT_SkillGrowth_LengChun	9CAFB01A40865BFB53F045AFCDC1274F	283258	"自身高速旋转并幻化出血鞭攻击附近敌人，造成<#普攻伤害>；命中的敌人进入6秒<#FS1017_D_6>状态。
<#FS1017_S_6>不会打断<#普攻>连段。如在敌人攻击即将命中时施放，可触发<#完美闪避>。
<#绯瞳刃舞>攻击<#FS1017_D_6>状态下的敌人时，提升#IgnoreDefenseTime#<#追击率>。"	"Conjure a Blood Whip to hit nearby enemies, dealing Basic Attack Damage and inflicting Wound for 6s.

Using Lethal Cyclone won't break your Basic Attack combo and can Perfect Dodge incoming attacks.

Against enemies with Wound, Scarlet Waltz's Double Strike Rate is increased by #IgnoreDefenseTime#."	334	612	278	utf16		
1	/NGR/Content/Data/DataTables/CombatGrowth/SkillGrowth/DT_SkillGrowth_LengChun	/Game/Data/DataTables/CombatGrowth/SkillGrowth/DT_SkillGrowth_LengChun	088A656F400AB24B1C73958512700A70	286946	"自身高速旋转并幻化出血鞭攻击附近敌人，造成<#普攻伤害>；命中的敌人进入6秒<#FS1017_D_6>状态。
<#FS1017_S_6>不会打断<#普攻>连段。如在敌人攻击即将命中时施放，可触发<#完美闪避>。
<#绯瞳刃舞>攻击<#FS1017_D_6>状态下的敌人时，提升#IgnoreDefenseTime#<#追击率>。"	"Conjure a Blood Whip to hit nearby enemies, dealing Basic Attack Damage and inflicting Wound for 6s.

Using Lethal Cyclone won't break your Basic Attack combo and can Perfect Dodge incoming attacks.

Against enemies with Wound, Scarlet Waltz's Double Strike Rate is increased by #IgnoreDefenseTime#."	334	612	278	utf16		
1	/NGR/Content/Data/DataTables/CombatGrowth/SkillGrowth/DT_SkillGrowth_LengChun	/Game/Data/DataTables/CombatGrowth/SkillGrowth/DT_SkillGrowth_LengChun	35984F9F462135B73B606DB0C0F25AB5	290634	"自身高速旋转并幻化出血鞭攻击附近敌人，造成<#普攻伤害>；命中的敌人进入6秒<#FS1017_D_6>状态。
<#FS1017_S_6>不会打断<#普攻>连段。如在敌人攻击即将命中时施放，可触发<#完美闪避>。
<#绯瞳刃舞>攻击<#FS1017_D_6>状态下的敌人时，提升#IgnoreDefenseTime#<#追击率>。"	"Conjure a Blood Whip to hit nearby enemies, dealing Basic Attack Damage and inflicting Wound for 6s.

Using Lethal Cyclone won't break your Basic Attack combo and can Perfect Dodge incoming attacks.

Against enemies with Wound, Scarlet Waltz's Double Strike Rate is increased by #IgnoreDefenseTime#."	334	612	278	utf16		
1	/NGR/Content/Data/DataTables/CombatGrowth/SkillGrowth/DT_SkillGrowth_LengChun	/Game/Data/DataTables/CombatGrowth/SkillGrowth/DT_SkillGrowth_LengChun	3A8DD47F4E396FB81F87B0840724A008	294322	"自身高速旋转并幻化出血鞭攻击附近敌人，造成<#普攻伤害>；命中的敌人进入6秒<#FS1017_D_6>状态。
<#FS1017_S_6>不会打断<#普攻>连段。如在敌人攻击即将命中时施放，可触发<#完美闪避>。
<#绯瞳刃舞>攻击<#FS1017_D_6>状态下的敌人时，提升#IgnoreDefenseTime#<#追击率>。"	"Conjure a Blood Whip to hit nearby enemies, dealing Basic Attack Damage and inflicting Wound for 6s.

Using Lethal Cyclone won't break your Basic Attack combo and can Perfect Dodge incoming attacks.

Against enemies with Wound, Scarlet Waltz's Double Strike Rate is increased by #IgnoreDefenseTime#."	334	612	278	utf16		
1	/NGR/Content/Data/DataTables/CombatGrowth/SkillGrowth/DT_SkillGrowth_LengChun	/Game/Data/DataTables/CombatGrowth/SkillGrowth/DT_SkillGrowth_LengChun	AEB7B5C74EFB2CBDF9B95E874B128BC7	298010	"自身高速旋转并幻化出血鞭攻击附近敌人，造成<#普攻伤害>；命中的敌人进入6秒<#FS1017_D_6>状态。
<#FS1017_S_6>不会打断<#普攻>连段。如在敌人攻击即将命中时施放，可触发<#完美闪避>。
<#绯瞳刃舞>攻击<#FS1017_D_6>状态下的敌人时，提升#IgnoreDefenseTime#<#追击率>。"	"Conjure a Blood Whip to hit nearby enemies, dealing Basic Attack Damage and inflicting Wound for 6s.

Using Lethal Cyclone won't break your Basic Attack combo and can Perfect Dodge incoming attacks.

Against enemies with Wound, Scarlet Waltz's Double Strike Rate is increased by #IgnoreDefenseTime#."	334	612	278	utf16		
1	/NGR/Content/Data/DataTables/CombatGrowth/SkillGrowth/DT_SkillGrowth_LengChun	/Game/Data/DataTables/CombatGrowth/SkillGrowth/DT_SkillGrowth_LengChun	761EE2A04FE12A0B05078CACB7FE9730	301698	"自身高速旋转并幻化出血鞭攻击附近敌人，造成<#普攻伤害>；命中的敌人进入6秒<#FS1017_D_6>状态。
<#FS1017_S_6>不会打断<#普攻>连段。如在敌人攻击即将命中时施放，可触发<#完美闪避>。
<#绯瞳刃舞>攻击<#FS1017_D_6>状态下的敌人时，提升#IgnoreDefenseTime#<#追击率>。"	"Conjure a Blood Whip to hit nearby enemies, dealing Basic Attack Damage and inflicting Wound for 6s.

Using Lethal Cyclone won't break your Basic Attack combo and can Perfect Dodge incoming attacks.

Against enemies with Wound, Scarlet Waltz's Double Strike Rate is increased by #IgnoreDefenseTime#."	334	612	278	utf16		
1	/NGR/Content/Data/DataTables/CombatGrowth/SkillGrowth/DT_SkillGrowth_LengChun	/Game/Data/DataTables/CombatGrowth/SkillGrowth/DT_SkillGrowth_LengChun	D1866F714CF3F940E1E74DB4ED95CECC	305386	"自身高速旋转并幻化出血鞭攻击附近敌人，造成<#普攻伤害>；命中的敌人进入6秒<#FS1017_D_6>状态。
<#FS1017_S_6>不会打断<#普攻>连段。如在敌人攻击即将命中时施放，可触发<#完美闪避>。
<#绯瞳刃舞>攻击<#FS1017_D_6>状态下的敌人时，提升#IgnoreDefenseTime#<#追击率>。"	"Conjure a Blood Whip to hit nearby enemies, dealing Basic Attack Damage and inflicting Wound for 6s.

Using Lethal Cyclone won't break your Basic Attack combo and can Perfect Dodge incoming attacks.

Against enemies with Wound, Scarlet Waltz's Double Strike Rate is increased by #IgnoreDefenseTime#."	334	612	278	utf16		
1	/NGR/Content/Data/DataTables/CombatGrowth/SkillGrowth/DT_SkillGrowth_LengChun	/Game/Data/DataTables/CombatGrowth/SkillGrowth/DT_SkillGrowth_LengChun	25A55B954D063BC09F74A6A19A8527A1	309248	"当前没有刺入<#FS1017_D_3>的敌人时，将<#投掷><#FS1017_D_3>，刺入敌人后可将自身拉向敌人身前，并造成<#普攻伤害>。
已有刺入<#FS1017_D_3>的敌人时，对其攻击将使<#FS1017_D_3>获得能量，能量充盈时可再次施放。施放时拔出<#FS1017_D_3>，造成<#普攻伤害>，并可反制敌人<#红光技>。"	"If no enemy has Bloodblade, stab an enemy with Bloodblade, pull yourself to it, and draw the enemy's aggro, dealing Basic Attack Damage.
You can charge Bloodblade by hitting the enemy. If an enemy already has Bloodblade and it is fully charged, the skill can be used again to pull Bloodblade out, dealing Basic Attack Damage and interrupting red-glowing skills."	350	730	380	utf16		
1	/NGR/Content/Data/DataTables/CombatGrowth/SkillGrowth/DT_SkillGrowth_LengChun	/Game/Data/DataTables/CombatGrowth/SkillGrowth/DT_SkillGrowth_LengChun	616D34F7416B94C220D5C1B2DE3D6CF1	315064	"当前没有刺入<#FS1017_D_3>的敌人时，将<#投掷><#FS1017_D_3>，刺入敌人后可将自身拉向敌人身前，并造成<#普攻伤害>。
已有刺入<#FS1017_D_3>的敌人时，对其攻击将使<#FS1017_D_3>获得能量，能量充盈时可再次施放。施放时拔出<#FS1017_D_3>，造成<#普攻伤害>，并可反制敌人<#红光技>。"	"If no enemy has Bloodblade, stab an enemy with Bloodblade, pull yourself to it, and draw the enemy's aggro, dealing Basic Attack Damage.
You can charge Bloodblade by hitting the enemy. If an enemy already has Bloodblade and it is fully charged, the skill can be used again to pull Bloodblade out, dealing Basic Attack Damage and interrupting red-glowing skills."	350	730	380	utf16		
1	/NGR/Content/Data/DataTables/CombatGrowth/SkillGrowth/DT_SkillGrowth_LengChun	/Game/Data/DataTables/CombatGrowth/SkillGrowth/DT_SkillGrowth_LengChun	EA5BEFC449DD8AB3BCCD03AE589E5F7F	319052	"当前没有刺入<#FS1017_D_3>的敌人时，将<#投掷><#FS1017_D_3>，刺入敌人后可将自身拉向敌人身前，并造成<#普攻伤害>。
已有刺入<#FS1017_D_3>的敌人时，对其攻击将使<#FS1017_D_3>获得能量，能量充盈时可再次施放。施放时拔出<#FS1017_D_3>，造成<#普攻伤害>，并可反制敌人<#红光技>。"	"If no enemy has Bloodblade, stab an enemy with Bloodblade, pull yourself to it, and draw the enemy's aggro, dealing Basic Attack Damage.
You can charge Bloodblade by hitting the enemy. If an enemy already has Bloodblade and it is fully charged, the skill can be used again to pull Bloodblade out, dealing Basic Attack Damage and interrupting red-glowing skills."	350	730	380	utf16		
1	/NGR/Content/Data/DataTables/CombatGrowth/SkillGrowth/DT_SkillGrowth_LengChun	/Game/Data/DataTables/CombatGrowth/SkillGrowth/DT_SkillGrowth_LengChun	09698502406A0AB7AED8869E8049B13B	323040	"当前没有刺入<#FS1017_D_3>的敌人时，将<#投掷><#FS1017_D_3>，刺入敌人后可将自身拉向敌人身前，并造成<#普攻伤害>。
已有刺入<#FS1017_D_3>的敌人时，对其攻击将使<#FS1017_D_3>获得能量，能量充盈时可再次施放。施放时拔出<#FS1017_D_3>，造成<#普攻伤害>，并可反制敌人<#红光技>。"	"If no enemy has Bloodblade, stab an enemy with Bloodblade, pull yourself to it, and draw the enemy's aggro, dealing Basic Attack Damage.
You can charge Bloodblade by hitting the enemy. If an enemy already has Bloodblade and it is fully charged, the skill can be used again to pull Bloodblade out, dealing Basic Attack Damage and interrupting red-glowing skills."	350	730	380	utf16		
1	/NGR/Content/Data/DataTables/CombatGrowth/SkillGrowth/DT_SkillGrowth_LengChun	/Game/Data/DataTables/CombatGrowth/SkillGrowth/DT_SkillGrowth_LengChun	CF3BE4444EDDD39F4C5851A4E2CD4D05	327028	"当前没有刺入<#FS1017_D_3>的敌人时，将<#投掷><#FS1017_D_3>，刺入敌人后可将自身拉向敌人身前，并造成<#普攻伤害>。
已有刺入<#FS1017_D_3>的敌人时，对其攻击将使<#FS1017_D_3>获得能量，能量充盈时可再次施放。施放时拔出<#FS1017_D_3>，造成<#普攻伤害>，并可反制敌人<#红光技>。"	"If no enemy has Bloodblade, stab an enemy with Bloodblade, pull yourself to it, and draw the enemy's aggro, dealing Basic Attack Damage.
You can charge Bloodblade by hitting the enemy. If an enemy already has Bloodblade and it is fully charged, the skill can be used again to pull Bloodblade out, dealing Basic Attack Damage and interrupting red-glowing skills."	350	730	380	utf16		
1	/NGR/Content/Data/DataTables/CombatGrowth/SkillGrowth/DT_SkillGrowth_LengChun	/Game/Data/DataTables/CombatGrowth/SkillGrowth/DT_SkillGrowth_LengChun	529E1EB94CF8A5E9FB1645ADEE084565	331016	"当前没有刺入<#FS1017_D_3>的敌人时，将<#投掷><#FS1017_D_3>，刺入敌人后可将自身拉向敌人身前，并造成<#普攻伤害>。
已有刺入<#FS1017_D_3>的敌人时，对其攻击将使<#FS1017_D_3>获得能量，能量充盈时可再次施放。施放时拔出<#FS1017_D_3>，造成<#普攻伤害>，并可反制敌人<#红光技>。"	"If no enemy has Bloodblade, stab an enemy with Bloodblade, pull yourself to it, and draw the enemy's aggro, dealing Basic Attack Damage.
You can charge Bloodblade by hitting the enemy. If an enemy already has Bloodblade and it is fully charged, the skill can be used again to pull Bloodblade out, dealing Basic Attack Damage and interrupting red-glowing skills."	350	730	380	utf16		
1	/NGR/Content/Data/DataTables/CombatGrowth/SkillGrowth/DT_SkillGrowth_LengChun	/Game/Data/DataTables/CombatGrowth/SkillGrowth/DT_SkillGrowth_LengChun	CD4970A949DB1812438588921F61E7F0	335004	"当前没有刺入<#FS1017_D_3>的敌人时，将<#投掷><#FS1017_D_3>，刺入敌人后可将自身拉向敌人身前，并造成<#普攻伤害>。
已有刺入<#FS1017_D_3>的敌人时，对其攻击将使<#FS1017_D_3>获得能量，能量充盈时可再次施放。施放时拔出<#FS1017_D_3>，造成<#普攻伤害>，并可反制敌人<#红光技>。"	"If no enemy has Bloodblade, stab an enemy with Bloodblade, pull yourself to it, and draw the enemy's aggro, dealing Basic Attack Damage.
You can charge Bloodblade by hitting the enemy. If an enemy already has Bloodblade and it is fully charged, the skill can be used again to pull Bloodblade out, dealing Basic Attack Damage and interrupting red-glowing skills."	350	730	380	utf16		
1	/NGR/Content/Data/DataTables/CombatGrowth/SkillGrowth/DT_SkillGrowth_LengChun	/Game/Data/DataTables/CombatGrowth/SkillGrowth/DT_SkillGrowth_LengChun	9BF3E7824C9EBCE7ACDB339CE8A43AD0	338992	"当前没有刺入<#FS1017_D_3>的敌人时，将<#投掷><#FS1017_D_3>，刺入敌人后可将自身拉向敌人身前，并造成<#普攻伤害>。
已有刺入<#FS1017_D_3>的敌人时，对其攻击将使<#FS1017_D_3>获得能量，能量充盈时可再次施放。施放时拔出<#FS1017_D_3>，造成<#普攻伤害>，并可反制敌人<#红光技>。"	"If no enemy has Bloodblade, stab an enemy with Bloodblade, pull yourself to it, and draw the enemy's aggro, dealing Basic Attack Damage.
You can charge Bloodblade by hitting the enemy. If an enemy already has Bloodblade and it is fully charged, the skill can be used again to pull Bloodblade out, dealing Basic Attack Damage and interrupting red-glowing skills."	350	730	380	utf16		
1	/NGR/Content/Data/DataTables/CombatGrowth/SkillGrowth/DT_SkillGrowth_LengChun	/Game/Data/DataTables/CombatGrowth/SkillGrowth/DT_SkillGrowth_LengChun	6CF333144019A1ACB67480922DF5411B	342980	"当前没有刺入<#FS1017_D_3>的敌人时，将<#投掷><#FS1017_D_3>，刺入敌人后可将自身拉向敌人身前，并造成<#普攻伤害>。
已有刺入<#FS1017_D_3>的敌人时，对其攻击将使<#FS1017_D_3>获得能量，能量充盈时可再次施放。施放时拔出<#FS1017_D_3>，造成<#普攻伤害>，并可反制敌人<#红光技>。"	"If no enemy has Bloodblade, stab an enemy with Bloodblade, pull yourself to it, and draw the enemy's aggro, dealing Basic Attack Damage.
You can charge Bloodblade by hitting the enemy. If an enemy already has Bloodblade and it is fully charged, the skill can be used again to pull Bloodblade out, dealing Basic Attack Damage and interrupting red-glowing skills."	350	730	380	utf16		
1	/NGR/Content/Data/DataTables/CombatGrowth/SkillGrowth/DT_SkillGrowth_LengChun	/Game/Data/DataTables/CombatGrowth/SkillGrowth/DT_SkillGrowth_LengChun	C2422315470D24D255F98EAFCC8E9998	346968	"当前没有刺入<#FS1017_D_3>的敌人时，将<#投掷><#FS1017_D_3>，刺入敌人后可将自身拉向敌人身前，并造成<#普攻伤害>。
已有刺入<#FS1017_D_3>的敌人时，对其攻击将使<#FS1017_D_3>获得能量，能量充盈时可再次施放。施放时拔出<#FS1017_D_3>，造成<#普攻伤害>，并可反制敌人<#红光技>。"	"If no enemy has Bloodblade, stab an enemy with Bloodblade, pull yourself to it, and draw the enemy's aggro, dealing Basic Attack Damage.
You can charge Bloodblade by hitting the enemy. If an enemy already has Bloodblade and it is fully charged, the skill can be used again to pull Bloodblade out, dealing Basic Attack Damage and interrupting red-glowing skills."	350	730	380	utf16		
1	/NGR/Content/Data/DataTables/CombatGrowth/SkillGrowth/DT_SkillGrowth_MY	/Game/Data/DataTables/CombatGrowth/SkillGrowth/DT_SkillGrowth_MY	A0063BFE4767658E37A89F8BCE7989A7	1324097	"召唤<#FS1006_D_10>。<#FS1006_D_10>存在期间标记并持续攻击敌人部位，并可响应玩家<#普攻>发射攻击。
<#普攻>发射<#FS1006_T_12>命中标记部位时，<#FS1006_D_10>协同发射<#FS1006_T_12>，额外获得<#FS1006_D_6>和<#FS1006_D_7>并对敌人造成<#流技伤害>。<#FS1006_T_12>每命中<#FS1006_D_10>标记部位10次，触发<#FS1006_D_5>，发射1枚<#FS1006_D_8>。
<#普攻>发射<#FS1006_T_13>命中标记敌人时，<#FS1006_D_10>协同发射<#FS1006_T_13>，对敌人造成<#流技伤害>。<#FS1006_T_13>每次命中标记部位时，可触发<#FS1006_D_5>，发射1枚<#FS1006_D_8>。
再次点按技能可切换<#FS1006_D_10>标记的敌人和部位。长按技能可以回收<#FS1006_D_10>。"	"Summon a Drone Companion. While active, the drone marks and continuously attacks enemy parts, and can respond to your Basic Attacks.
When your Basic Attacks fire Rapid-fire Bullets that hit a marked part, the drone also fires Rapid-fire Bullets, granting additional Heat and Hype while dealing Skill Damage. Every 10 hits on a marked part triggers Missile Mayhem, launching 1 missile.
When your Basic Attacks fire Grenades that hit a marked enemy, the drone also fires Grenades, dealing Skill Damage. Each hit on a marked part triggers Missile Mayhem, launching 1 missile.
Use the skill again to switch the marked enemy or part. Hold the skill to recall the drone."	882	1340	458	utf16		
1	/NGR/Content/Data/DataTables/CombatGrowth/SkillGrowth/DT_SkillGrowth_WZJ	/Game/Data/DataTables/CombatGrowth/SkillGrowth/DT_SkillGrowth_WZJ	56906C46464A3E220B9102AE537C36D9	105234	"唤起冰霜，获得<#FS1007_D_2>，持续#Time#秒。且<#后台><#共鸣>上场时仍可享受该<#护盾>效果。
长按可蓄力消耗<#FS1007_D_1>，使蓄力结束时根据消耗<#FS1007_D_1>数量提升<#护盾>值。蓄力中可以移动和<#闪避>。"	"Summon frost to gain a Frigid Shield lasting #Time# seconds. The Shield remains active even after switching to Standby Resonance.
Hold to charge by consuming Ice Crystals, increasing the Shield's HP based on the number of Crystals used. You can move and dodge while charging."	264	556	292	utf16		
1	/NGR/Content/Data/DataTables/CombatGrowth/SkillGrowth/DT_SkillGrowth_WZJ	/Game/Data/DataTables/CombatGrowth/SkillGrowth/DT_SkillGrowth_WZJ	082FAA7546B38ECBB7457E8038CC5C26	107061	凝聚每颗<#FS1007_D_1>提升<#护盾>值	Shield Boost Per Ice Crystal	56	62	6	utf16		
1	/NGR/Content/Data/DataTables/CombatGrowth/SkillGrowth/DT_SkillGrowth_WZJ	/Game/Data/DataTables/CombatGrowth/SkillGrowth/DT_SkillGrowth_WZJ	58594FFA4218501FF6EB9083E009B6E3	137848	"唤起冰霜，获得<#FS1007_D_2>，持续#Time#秒。且<#后台><#共鸣>上场时仍可享受该<#护盾>效果。
长按可蓄力消耗<#FS1007_D_1>，使蓄力结束时根据消耗<#FS1007_D_1>数量提升<#护盾>值。蓄力中可以移动和<#闪避>。"	"Summon frost to gain a Frigid Shield lasting 24s. The Shield remains active even after switching to the other Flow Style.

Hold to charge by consuming Ice Crystals, increasing the Shield's HP based on the number of Crystals used. You can move and dodge while charging."	264	546	282	utf16		
1	/NGR/Content/Data/DataTables/CombatGrowth/SkillGrowth/DT_SkillGrowth_WZJ	/Game/Data/DataTables/CombatGrowth/SkillGrowth/DT_SkillGrowth_WZJ	6DEB3CBD428800D1774135B7A4A69B0D	139050	每次生成<#护盾>时，为附近友<#方>同样生成一定量的<#护盾>。	Nearby allies gain a Shield.	72	62	-10	utf16		
1018	/NGR/Content/Data/DataTables/Battle/DT_LogicEffect_Equipment	/Game/Data/DataTables/Battle/DT_LogicEffect_Equipment	35269FA5466D59B1722E18A6243B0A26	1960	每次治疗使目标获得8%伤害减免，持续10秒。	Healing provides 4% Damage Reduction for 10s.	50	96	46	utf16		
1018	/NGR/Content/Data/DataTables/Battle/DT_LogicEffect_Equipment	/Game/Data/DataTables/Battle/DT_LogicEffect_Equipment	77A2152F4CBCF6B9D2ACD58384C147F6	9556	每次治疗使目标获得16%伤害减免，持续10秒。	Healing provides 10% Damage Reduction for 10s.	52	98	46	utf16		
1018	/NGR/Content/Data/DataTables/Battle/DT_LogicEffect_Tower	/Game/Data/DataTables/Battle/DT_LogicEffect_Tower	6BE29D78431D0AACA7DAA28AECDAFE6E	32060	攻击力提升	Ultimate Power Boost	16	46	30	utf16		
1018	/NGR/Content/Data/DataTables/Battle/DT_LogicEffect_Tower	/Game/Data/DataTables/Battle/DT_LogicEffect_Tower	B5E208CB4914D57113675C83DB471128	39564	全流强度提升	Damage Boost	18	30	12	utf16		
1018	/NGR/Content/Data/DataTables/CombatGrowth/BuffGrowth/DT_BuffGrowth_Cook	/Game/Data/DataTables/CombatGrowth/BuffGrowth/DT_BuffGrowth_Cook	EDBA5D7842FC7B456CDA7CB0715D681F	123000	疾精通	[Slash] Adeptness	12	40	28	utf16		
1018	/NGR/Content/Data/DataTables/CombatGrowth/BuffGrowth/DT_BuffGrowth_Cook	/Game/Data/DataTables/CombatGrowth/BuffGrowth/DT_BuffGrowth_Cook	1046850B4B5DF18F1DE0FBB59CF4BD3D	124561	疾精通	[Slash] Adeptness	12	40	28	utf16		
1018	/NGR/Content/Data/DataTables/CombatGrowth/BuffGrowth/DT_BuffGrowth_Cook	/Game/Data/DataTables/CombatGrowth/BuffGrowth/DT_BuffGrowth_Cook	80B078B443DAB27D52E60F8858D225AD	126122	贯精通	[Puncture] Adeptness	12	46	34	utf16		
1018	/NGR/Content/Data/DataTables/CombatGrowth/BuffGrowth/DT_BuffGrowth_Cook	/Game/Data/DataTables/CombatGrowth/BuffGrowth/DT_BuffGrowth_Cook	1285136D4FBB6795CEA2D0A9BFB7CBC7	127683	贯精通	[Puncture] Adeptness	12	46	34	utf16		
1018	/NGR/Content/Data/DataTables/CombatGrowth/BuffGrowth/DT_BuffGrowth_Cook	/Game/Data/DataTables/CombatGrowth/BuffGrowth/DT_BuffGrowth_Cook	B57EACBF4A2FA1AC70CEF58A0011795D	129244	崩精通	[Bash] Adeptness	12	38	26	utf16		
1018	/NGR/Content/Data/DataTables/CombatGrowth/BuffGrowth/DT_BuffGrowth_Cook	/Game/Data/DataTables/CombatGrowth/BuffGrowth/DT_BuffGrowth_Cook	EBA1CB414B478B5F5CA868B7420D4795	130805	崩精通	[Bash] Adeptness	12	38	26	utf16		
1018	/NGR/Content/Data/DataTables/CombatGrowth/BuffGrowth/DT_BuffGrowth_Cook	/Game/Data/DataTables/CombatGrowth/BuffGrowth/DT_BuffGrowth_Cook	806F874143C057488D291D954FB711FD	132366	灼精通	[Scorch] Adeptness	12	42	30	utf16		
1018	/NGR/Content/Data/DataTables/CombatGrowth/BuffGrowth/DT_BuffGrowth_Cook	/Game/Data/DataTables/CombatGrowth/BuffGrowth/DT_BuffGrowth_Cook	2DEF2EF343D9EB82C322F4AA01C1F17B	133927	灼精通	[Scorch] Adeptness	12	42	30	utf16		
1018	/NGR/Content/Data/DataTables/CombatGrowth/BuffGrowth/DT_BuffGrowth_Cook	/Game/Data/DataTables/CombatGrowth/BuffGrowth/DT_BuffGrowth_Cook	0AF423B14C83E82887D1288B58801B0C	137047	凝精通	[Ice] Adeptness	12	36	24	utf16		
1018	/NGR/Content/Data/DataTables/CombatGrowth/BuffGrowth/DT_BuffGrowth_Cook	/Game/Data/DataTables/CombatGrowth/BuffGrowth/DT_BuffGrowth_Cook	9C18B15D46DB3C096128E6A0020BFB72	138608	凝精通	[Ice] Adeptness	12	36	24	utf16		
1018	/NGR/Content/Data/DataTables/CombatGrowth/BuffGrowth/DT_BuffGrowth_Cook	/Game/Data/DataTables/CombatGrowth/BuffGrowth/DT_BuffGrowth_Cook	A8D9FD704EB9C5CCCED1CAA62070D48E	140169	震精通	[Quake] Adeptness	12	40	28	utf16		
1018	/NGR/Content/Data/DataTables/CombatGrowth/BuffGrowth/DT_BuffGrowth_Cook	/Game/Data/DataTables/CombatGrowth/BuffGrowth/DT_BuffGrowth_Cook	72ED4F284579C7D5C3FA2783000A019B	141730	震精通	[Quake] Adeptness	12	40	28	utf16		
1018	/NGR/Content/Data/DataTables/CombatGrowth/BuffGrowth/DT_BuffGrowth_Cook	/Game/Data/DataTables/CombatGrowth/BuffGrowth/DT_BuffGrowth_Cook	AD8903394E913A20A4985C86F480D1EE	143291	<#念>精通	[Psyche] Adeptness	18	42	24	utf16		
1018	/NGR/Content/Data/DataTables/CombatGrowth/BuffGrowth/DT_BuffGrowth_Cook	/Game/Data/DataTables/CombatGrowth/BuffGrowth/DT_BuffGrowth_Cook	0DFCAF5644D64B797B6820B0701A4727	144864	<#念>精通	[Psyche] Adeptness	18	42	24	utf16		
1018	/NGR/Content/Data/DataTables/CombatGrowth/BuffGrowth/DT_BuffGrowth_Cook	/Game/Data/DataTables/CombatGrowth/BuffGrowth/DT_BuffGrowth_Cook	577682A44DD98C6B1486A285AED2B981	148008	疾抗性	Slash Resistance	12	38	26	utf16		
1018	/NGR/Content/Data/DataTables/CombatGrowth/BuffGrowth/DT_BuffGrowth_Cook	/Game/Data/DataTables/CombatGrowth/BuffGrowth/DT_BuffGrowth_Cook	55189052411AF348E56A448E1339940B	149569	疾抗性	Slash Resistance	12	38	26	utf16		
1018	/NGR/Content/Data/DataTables/CombatGrowth/BuffGrowth/DT_BuffGrowth_Cook	/Game/Data/DataTables/CombatGrowth/BuffGrowth/DT_BuffGrowth_Cook	938C83304328046F5615EF9E22D3273E	151130	贯抗性	Puncture Resistance	12	44	32	utf16		
1018	/NGR/Content/Data/DataTables/CombatGrowth/BuffGrowth/DT_BuffGrowth_Cook	/Game/Data/DataTables/CombatGrowth/BuffGrowth/DT_BuffGrowth_Cook	EA74BCF04CE34FC561508EBE5DBBC688	152691	贯抗性	Puncture Resistance	12	44	32	utf16		
1018	/NGR/Content/Data/DataTables/CombatGrowth/BuffGrowth/DT_BuffGrowth_Cook	/Game/Data/DataTables/CombatGrowth/BuffGrowth/DT_BuffGrowth_Cook	C18537FD4955E893156A5C85A29EF140	154252	崩抗性	Bash Resistance	12	36	24	utf16		
1018	/NGR/Content/Data/DataTables/CombatGrowth/BuffGrowth/DT_BuffGrowth_Cook	/Game/Data/DataTables/CombatGrowth/BuffGrowth/DT_BuffGrowth_Cook	DD1E69994E1206E0A1313BA59CC9947B	155813	崩抗性	Bash Resistance	12	36	24	utf16		
1018	/NGR/Content/Data/DataTables/CombatGrowth/BuffGrowth/DT_BuffGrowth_LongYa	/Game/Data/DataTables/CombatGrowth/BuffGrowth/DT_BuffGrowth_LongYa	826D9D8648289A6BBB4F2ABD2BFFF217	1624	<#熔铸>	Moltening	16	24	8	utf16		
1018	/NGR/Content/Data/DataTables/CombatGrowth/BuffGrowth/DT_BuffGrowth_LongYa	/Game/Data/DataTables/CombatGrowth/BuffGrowth/DT_BuffGrowth_LongYa	8EB3E5B649DA22FEA138E98A8323278B	3126	<#破甲>	Sunder	16	18	2	utf16		
1018	/NGR/Content/Data/DataTables/CombatGrowth/BuffGrowth/DT_BuffGrowth_LongYa	/Game/Data/DataTables/CombatGrowth/BuffGrowth/DT_BuffGrowth_LongYa	C2D44D1F4B2E1BA61DFDCAA003FE7957	6373	下次释放E<#技能>不会进入冷却时间。	The next E Skill has no cooldown.	44	72	28	utf16		
1018	/NGR/Content/Data/DataTables/CombatGrowth/BuffGrowth/DT_BuffGrowth_LongYa	/Game/Data/DataTables/CombatGrowth/BuffGrowth/DT_BuffGrowth_LongYa	84CA648A4B8252FFF9486A826DC166CC	7762	<#炉火爆扩>	Talent 1	20	22	2	utf16		
1018	/NGR/Content/Data/DataTables/CombatGrowth/BuffGrowth/DT_BuffGrowth_LongYa	/Game/Data/DataTables/CombatGrowth/BuffGrowth/DT_BuffGrowth_LongYa	4AF094254253FFF080A29D9CAFD5851E	10894	<#千锤百炼>	Talent 2	20	22	2	utf16		
1018	/NGR/Content/Data/DataTables/CombatGrowth/BuffGrowth/DT_BuffGrowth_LongYa	/Game/Data/DataTables/CombatGrowth/BuffGrowth/DT_BuffGrowth_LongYa	C46FAE554E3CC41F09E421B0E45702ED	11015	<#激活><#共流技>所需的<#炉芯能量>数量减少50%。由<#铸魂炉芯><#激活><#共流技>后，后续<#熔铸爆炸>的触发间隔减少至0.4秒，且每次<#熔铸爆炸>都会使<#淬焰锻匠>的下一次<#共流技>及其<#洪炉百锻·共流强化招式>的<#伤害>提升2%，最多24%。	Halves the number of Moltening explosions needed to charge the Chain Skill. While the Chain Skill is ready, each Moltening explosion increases the damage of the next Chain Skill and Minka's E-Skill follow-up by 15% (up to 135%.)	276	462	186	utf16		
1018	/NGR/Content/Data/DataTables/CombatGrowth/BuffGrowth/DT_BuffGrowth_LongYa	/Game/Data/DataTables/CombatGrowth/BuffGrowth/DT_BuffGrowth_LongYa	3174FC674D73EE92CEEAA98CF2ED1E48	12714	<#焰不虚腾>	Talent 3_1	20	26	6	utf16		
1018	/NGR/Content/Data/DataTables/CombatGrowth/BuffGrowth/DT_BuffGrowth_LongYa	/Game/Data/DataTables/CombatGrowth/BuffGrowth/DT_BuffGrowth_LongYa	BCB3A5A344530957E7458C99D4CF762D	14310	<#炉温骤升>	Talent 3_2	20	26	6	utf16		
1018	/NGR/Content/Data/DataTables/CombatGrowth/BuffGrowth/DT_BuffGrowth_LongYa	/Game/Data/DataTables/CombatGrowth/BuffGrowth/DT_BuffGrowth_LongYa	6328F5AA4C6987D4FDA386B705BECE6E	15884	<#熔火裂甲>	Talent 4	20	22	2	utf16		
1018	/NGR/Content/Data/DataTables/CombatGrowth/BuffGrowth/DT_BuffGrowth_LongYa	/Game/Data/DataTables/CombatGrowth/BuffGrowth/DT_BuffGrowth_LongYa	908E6E94406FD093C7933CB03905DF46	17894	<#淬火>	Talent 5_1	16	26	10	utf16		
1018	/NGR/Content/Data/DataTables/CombatGrowth/BuffGrowth/DT_BuffGrowth_LongYa	/Game/Data/DataTables/CombatGrowth/BuffGrowth/DT_BuffGrowth_LongYa	89D19F8C4DA4E9892F77D0BAB696F098	21828	<#淬砺万象>	Talent 5_2	20	26	6	utf16		
1018	/NGR/Content/Data/DataTables/CombatGrowth/BuffGrowth/DT_BuffGrowth_LongYa	/Game/Data/DataTables/CombatGrowth/BuffGrowth/DT_BuffGrowth_LongYa	7ABC2E584A51AF4E2265F181BB047BB9	25006	<#天地为炉>	Talent 6	20	22	2	utf16		
1018	/NGR/Content/Data/DataTables/CombatGrowth/BuffGrowth/DT_BuffGrowth_LongYa	/Game/Data/DataTables/CombatGrowth/BuffGrowth/DT_BuffGrowth_LongYa	8D7A5DA549A83516D2F971804239E5AE	26592	<#攻击力>提升	Attack Boost	22	30	8	utf16		
1018	/NGR/Content/Data/DataTables/CombatGrowth/BuffGrowth/DT_BuffGrowth_LongYa	/Game/Data/DataTables/CombatGrowth/BuffGrowth/DT_BuffGrowth_LongYa	C956292D4FFD55725BECB49B03948800	28138	<#攻击力>提升	Attack Boost	22	30	8	utf16		
1018	/NGR/Content/Data/DataTables/CombatGrowth/BuffGrowth/DT_BuffGrowth_LongYa	/Game/Data/DataTables/CombatGrowth/BuffGrowth/DT_BuffGrowth_LongYa	79F16950467DA84F9F3956B3EF97B673	29678	<#攻击力>降低	Attack Reduction	22	38	16	utf16		
1018	/NGR/Content/Data/DataTables/CombatGrowth/BuffGrowth/DT_BuffGrowth_LongYa	/Game/Data/DataTables/CombatGrowth/BuffGrowth/DT_BuffGrowth_LongYa	0A498ED348D8F412089496929770952A	31249	<#流技>增幅提升	Skill Power Boost	24	40	16	utf16		
1018	/NGR/Content/Data/DataTables/CombatGrowth/BuffGrowth/DT_BuffGrowth_LongYa	/Game/Data/DataTables/CombatGrowth/BuffGrowth/DT_BuffGrowth_LongYa	F27AAF094E01D070909EC797EADF8564	34412	<#流脉>2触发效果	Talent 2 Trigger Effect	26	52	26	utf16		
1018	/NGR/Content/Data/DataTables/CombatGrowth/BuffGrowth/DT_BuffGrowth_LongYa	/Game/Data/DataTables/CombatGrowth/BuffGrowth/DT_BuffGrowth_LongYa	3ACA7B3E47DB9DE889253281ABBBC007	38948	<#流脉>6触发效果	Talent 6 Trigger Effect	26	52	26	utf16		
1018	/NGR/Content/Data/DataTables/CombatGrowth/BuffGrowth/DT_BuffGrowth_LongYa	/Game/Data/DataTables/CombatGrowth/BuffGrowth/DT_BuffGrowth_LongYa	6502392C4FE63D3D74A00F8F4F917F08	42018	<#灼><#流>入炉	Stoker 1	26	22	-4	utf16		
1018	/NGR/Content/Data/DataTables/CombatGrowth/BuffGrowth/DT_BuffGrowth_LongYa	/Game/Data/DataTables/CombatGrowth/BuffGrowth/DT_BuffGrowth_LongYa	E45802C445F288FB787BC188F7972775	43967	<#灼><#流>入炉	Stoker 2	26	22	-4	utf16		
1018	/NGR/Content/Data/DataTables/CombatGrowth/BuffGrowth/DT_BuffGrowth_Medicine	/Game/Data/DataTables/CombatGrowth/BuffGrowth/DT_BuffGrowth_Medicine	9FDC43654EC4F5AF4C60128B8CD509DB	179462	全流抗性提升	All Damage Reduction	18	46	28	utf16		
1018	/NGR/Content/Data/DataTables/CombatGrowth/BuffGrowth/DT_BuffGrowth_Medicine	/Game/Data/DataTables/CombatGrowth/BuffGrowth/DT_BuffGrowth_Medicine	2F22F7704BA4E0101264C988C90F706C	195108	崩流抗性提升	Bash Damage Reduction	18	48	30	utf16		
1018	/NGR/Content/Data/DataTables/CombatGrowth/BuffGrowth/DT_BuffGrowth_SummonBiFang	/Game/Data/DataTables/CombatGrowth/BuffGrowth/DT_BuffGrowth_SummonBiFang	58B1FAEB42197DA6115FDFB14DD916E3	1195	共鸣受到超过当前生命值的伤害时，生命值会扣减至#LowHp#，并获得#Time0#秒的无敌，期间会恢复#Value0#的生命值，该效果每#Time1#秒可触发一次	When a Flow Style takes damage exceeding their current Health, reduces their Health to #LowHp# instead and grants Invincibility for #Time0#s, restoring #Value0# Health during that time. (Cooldown: #Time1#s)	168	418	250	utf16		
1018	/NGR/Content/Data/DataTables/CombatGrowth/BuffGrowth/DT_BuffGrowth_SummonBiFang	/Game/Data/DataTables/CombatGrowth/BuffGrowth/DT_BuffGrowth_SummonBiFang	6D518812448306201117358765DE0C71	6891	无敌	Grants Invincibility.	10	48	38	utf16		
1018	/NGR/Content/Data/DataTables/CombatGrowth/BuffGrowth/DT_BuffGrowth_SummonBiFang	/Game/Data/DataTables/CombatGrowth/BuffGrowth/DT_BuffGrowth_SummonBiFang	6812D09746608BB72483D8B7B094D1AB	9226	降低#Damage0#攻击力	Reduces Attack by #Damage0#.	34	62	28	utf16		
1018	/NGR/Content/Data/DataTables/CombatGrowth/BuffGrowth/DT_BuffGrowth_SummonBiFang	/Game/Data/DataTables/CombatGrowth/BuffGrowth/DT_BuffGrowth_SummonBiFang	542908C247C51ADD656B6E8888E3F9F2	11610	毕方向敌方单位施加的攻击力降低效果，时间提升至#a#秒	Bi Fang's Attack reduction effect lasts #a#s longer.	60	110	50	utf16		
1018	/NGR/Content/Data/DataTables/CombatGrowth/BuffGrowth/DT_BuffGrowth_SummonBiFang	/Game/Data/DataTables/CombatGrowth/BuffGrowth/DT_BuffGrowth_SummonBiFang	24D1C1A649B312DDE7E3BE8771535729	13502	召唤唤灵后，前台共鸣获得【雷鸣】效果，持续#0#秒；【雷鸣】:提升#Att0#防御力，效果持续期间受伤扣除的生命值，会在效果结束后返还给自身#1#	"Grants Thunderclap to the active Flow Style for #0#s. 

Thunderclap: Increases Defense by #Att0#. When the effect ends, it restores #1# of the Health lost while the effect was active."	152	376	224	utf16		
1018	/NGR/Content/Data/DataTables/CombatGrowth/BuffGrowth/DT_BuffGrowth_SummonBiFang	/Game/Data/DataTables/CombatGrowth/BuffGrowth/DT_BuffGrowth_SummonBiFang	920CC2E24F1389A9E3FC2BB598793226	16393	提升#Att0#防御力，效果持续期间受伤扣除的生命值，会在效果结束后返还给自身#1#	Increases Defense by #Att0#. When the effect ends, restores #1# of the Health lost while the effect was active.	90	228	138	utf16		
1018	/NGR/Content/Data/DataTables/CombatGrowth/BuffGrowth/DT_BuffGrowth_SummonBiFang	/Game/Data/DataTables/CombatGrowth/BuffGrowth/DT_BuffGrowth_SummonBiFang	47A07AFE4F5C80072954CC8C63DCEDA6	18873	队友将帮你承担#Damage0#伤害，持续#Time0#秒	Allies take #Damage0# damage for you for #Time0#s.	64	106	42	utf16		
1018	/NGR/Content/Data/DataTables/CombatGrowth/BuffGrowth/DT_BuffGrowth_SummonBiFang	/Game/Data/DataTables/CombatGrowth/BuffGrowth/DT_BuffGrowth_SummonBiFang	002B101F464AB55C0A650E978091E620	21263	降低#Damage0#攻击力	Reduces Attack by #Damage0#.	34	62	28	utf16		
1018	/NGR/Content/Data/DataTables/CombatGrowth/BuffGrowth/DT_BuffGrowth_SummonBiFang	/Game/Data/DataTables/CombatGrowth/BuffGrowth/DT_BuffGrowth_SummonBiFang	1F5E15C74C5B52CB9A9EA4921059262D	23703	降低#Damage0#攻击力	Reduces Attack by #Damage0#.	34	62	28	utf16		
1018	/NGR/Content/Data/DataTables/CombatGrowth/BuffGrowth/DT_BuffGrowth_SummonBiFang	/Game/Data/DataTables/CombatGrowth/BuffGrowth/DT_BuffGrowth_SummonBiFang	FB67E29548171968E6BF97B8511E884B	26143	降低#Damage0#攻击力	Reduces Attack by #Damage0#.	34	62	28	utf16		
1018	/NGR/Content/Data/DataTables/CombatGrowth/BuffGrowth/DT_BuffGrowth_SummonBiFang	/Game/Data/DataTables/CombatGrowth/BuffGrowth/DT_BuffGrowth_SummonBiFang	AB1F7C454501657DE3D44EBB12FB0578	28583	降低#Damage0#攻击力	Reduces Attack by #Damage0#.	34	62	28	utf16		
1018	/NGR/Content/Data/DataTables/CombatGrowth/BuffGrowth/DT_BuffGrowth_SummonBiFang	/Game/Data/DataTables/CombatGrowth/BuffGrowth/DT_BuffGrowth_SummonBiFang	1B42693F46B6288B13BDCF88CDBE0FA3	31023	降低#Damage0#攻击力	Reduces Attack by #Damage0#.	34	62	28	utf16		
1018	/NGR/Content/Data/DataTables/CombatGrowth/BuffGrowth/DT_BuffGrowth_SummonBiFang	/Game/Data/DataTables/CombatGrowth/BuffGrowth/DT_BuffGrowth_SummonBiFang	E9B78F78437F3DB346142586B368F5CE	33463	降低#Damage0#攻击力	Reduces Attack by #Damage0#.	34	62	28	utf16		
1018	/NGR/Content/Data/DataTables/CombatGrowth/BuffGrowth/DT_BuffGrowth_SummonBiFang	/Game/Data/DataTables/CombatGrowth/BuffGrowth/DT_BuffGrowth_SummonBiFang	F3F4BCFF41EFE100E62F4A92C4FA6AE4	35903	降低#Damage0#攻击力	Reduces Attack by #Damage0#.	34	62	28	utf16		
1018	/NGR/Content/Data/DataTables/CombatGrowth/BuffGrowth/DT_BuffGrowth_SummonBiFang	/Game/Data/DataTables/CombatGrowth/BuffGrowth/DT_BuffGrowth_SummonBiFang	A3AD40604C48004D9CA19D921B42FD7F	38343	降低#Damage0#攻击力	Reduces Attack by #Damage0#.	34	62	28	utf16		
1018	/NGR/Content/Data/DataTables/CombatGrowth/BuffGrowth/DT_BuffGrowth_SummonBiFang	/Game/Data/DataTables/CombatGrowth/BuffGrowth/DT_BuffGrowth_SummonBiFang	5CA64F054B1271FDA25A508D7CAB3088	40783	降低#Damage0#攻击力	Reduces Attack by #Damage0#.	34	62	28	utf16		
1018	/NGR/Content/Data/DataTables/CombatGrowth/BuffGrowth/DT_BuffGrowth_SummonBiFang	/Game/Data/DataTables/CombatGrowth/BuffGrowth/DT_BuffGrowth_SummonBiFang	A3A1EBC348F1F362B10E71AAF4D03CA9	43223	降低#Damage0#攻击力	Reduces Attack by #Damage0#.	34	62	28	utf16		
1018	/NGR/Content/Data/DataTables/CombatGrowth/BuffGrowth/DT_BuffGrowth_SummonBiFang	/Game/Data/DataTables/CombatGrowth/BuffGrowth/DT_BuffGrowth_SummonBiFang	7EE2F1E14A712916D6A25487C712DF77	45663	降低#Damage0#攻击力	Reduces Attack by #Damage0#.	34	62	28	utf16		
1018	/NGR/Content/Data/DataTables/CombatGrowth/BuffGrowth/DT_BuffGrowth_SummonBiFang	/Game/Data/DataTables/CombatGrowth/BuffGrowth/DT_BuffGrowth_SummonBiFang	0D822C664028DA9ACE80E6B4D7CDB1F5	48103	降低#Damage0#攻击力	Reduces Attack by #Damage0#.	34	62	28	utf16		
1018	/NGR/Content/Data/DataTables/CombatGrowth/BuffGrowth/DT_BuffGrowth_SummonBiFang	/Game/Data/DataTables/CombatGrowth/BuffGrowth/DT_BuffGrowth_SummonBiFang	80F0E8654429D7513359AF84378F80D9	50543	降低#Damage0#攻击力	Reduces Attack by #Damage0#.	34	62	28	utf16		
1018	/NGR/Content/Data/DataTables/CombatGrowth/BuffGrowth/DT_BuffGrowth_SummonBigBear	/Game/Data/DataTables/CombatGrowth/BuffGrowth/DT_BuffGrowth_SummonBigBear	D6E7535B44DC05365E4B4C88D28F60D7	1123	移动速度降低#0#	Reduces Movement Speed by #0#.	24	66	42	utf16		
1018	/NGR/Content/Data/DataTables/CombatGrowth/BuffGrowth/DT_BuffGrowth_SummonBigBear	/Game/Data/DataTables/CombatGrowth/BuffGrowth/DT_BuffGrowth_SummonBigBear	151BC982405ACFBDAA2E4EB519C3D5E5	3031	移动速度降低#0#	Reduces Movement Speed by #0#.	24	66	42	utf16		
1018	/NGR/Content/Data/DataTables/CombatGrowth/BuffGrowth/DT_BuffGrowth_SummonBigBear	/Game/Data/DataTables/CombatGrowth/BuffGrowth/DT_BuffGrowth_SummonBigBear	4D62F7AD46F2F14CA41EBE833AD6B196	4939	移动速度降低#0#	Reduces Movement Speed by #0#.	24	66	42	utf16		
1018	/NGR/Content/Data/DataTables/CombatGrowth/BuffGrowth/DT_BuffGrowth_SummonBigBear	/Game/Data/DataTables/CombatGrowth/BuffGrowth/DT_BuffGrowth_SummonBigBear	37CD1353475DB964168201ACE43465F2	6847	移动速度降低#0#	Reduces Movement Speed by #0#.	24	66	42	utf16		
1018	/NGR/Content/Data/DataTables/CombatGrowth/BuffGrowth/DT_BuffGrowth_SummonBigBear	/Game/Data/DataTables/CombatGrowth/BuffGrowth/DT_BuffGrowth_SummonBigBear	6C8C8A544C813469F4961F92B015C90B	8755	移动速度降低#0#	Reduces Movement Speed by #0#.	24	66	42	utf16		
1018	/NGR/Content/Data/DataTables/CombatGrowth/BuffGrowth/DT_BuffGrowth_SummonBigBear	/Game/Data/DataTables/CombatGrowth/BuffGrowth/DT_BuffGrowth_SummonBigBear	74A738454E11DF15967BE8BE29D526D9	10663	移动速度降低#0#	Reduces Movement Speed by #0#.	24	66	42	utf16		
1018	/NGR/Content/Data/DataTables/CombatGrowth/BuffGrowth/DT_BuffGrowth_SummonBigBear	/Game/Data/DataTables/CombatGrowth/BuffGrowth/DT_BuffGrowth_SummonBigBear	CD96FD1E49D46B7C1073C3B5FF77DBC5	12571	移动速度降低#0#	Reduces Movement Speed by #0#.	24	66	42	utf16		
1018	/NGR/Content/Data/DataTables/CombatGrowth/BuffGrowth/DT_BuffGrowth_SummonBigBear	/Game/Data/DataTables/CombatGrowth/BuffGrowth/DT_BuffGrowth_SummonBigBear	C0EB69E547019A24B32FA18BBB0C5183	14479	移动速度降低#0#	Reduces Movement Speed by #0#.	24	66	42	utf16		
1018	/NGR/Content/Data/DataTables/CombatGrowth/BuffGrowth/DT_BuffGrowth_SummonBigBear	/Game/Data/DataTables/CombatGrowth/BuffGrowth/DT_BuffGrowth_SummonBigBear	E1F22A2E4BC05561C93EB0B6E9FD5DAB	16387	移动速度降低#0#	Reduces Movement Speed by #0#.	24	66	42	utf16		
1018	/NGR/Content/Data/DataTables/CombatGrowth/BuffGrowth/DT_BuffGrowth_SummonBigBear	/Game/Data/DataTables/CombatGrowth/BuffGrowth/DT_BuffGrowth_SummonBigBear	EC6358294BEB8A5AB69018978E34E50C	18295	移动速度降低#0#	Reduces Movement Speed by #0#.	24	66	42	utf16		
1018	/NGR/Content/Data/DataTables/CombatGrowth/BuffGrowth/DT_BuffGrowth_SummonBigBear	/Game/Data/DataTables/CombatGrowth/BuffGrowth/DT_BuffGrowth_SummonBigBear	CB6D01734247BBB0A66AACB1AF5B6786	20203	移动速度降低#0#	Reduces Movement Speed by #0#.	24	66	42	utf16		
1018	/NGR/Content/Data/DataTables/CombatGrowth/BuffGrowth/DT_BuffGrowth_SummonBigBear	/Game/Data/DataTables/CombatGrowth/BuffGrowth/DT_BuffGrowth_SummonBigBear	1A59926249F38DF1B8D8989609CA1DBF	22111	移动速度降低#0#	Reduces Movement Speed by #0#.	24	66	42	utf16		
1018	/NGR/Content/Data/DataTables/CombatGrowth/BuffGrowth/DT_BuffGrowth_SummonBigBear	/Game/Data/DataTables/CombatGrowth/BuffGrowth/DT_BuffGrowth_SummonBigBear	F6FAE8D34B78F7AB253540A792371517	24019	移动速度降低#0#	Reduces Movement Speed by #0#.	24	66	42	utf16		
1018	/NGR/Content/Data/DataTables/CombatGrowth/BuffGrowth/DT_BuffGrowth_SummonBigBear	/Game/Data/DataTables/CombatGrowth/BuffGrowth/DT_BuffGrowth_SummonBigBear	9ECF98C24D72C998E8A846A803C98FD9	25927	移动速度降低#0#	Reduces Movement Speed by #0#.	24	66	42	utf16		
1018	/NGR/Content/Data/DataTables/CombatGrowth/BuffGrowth/DT_BuffGrowth_SummonBigBear	/Game/Data/DataTables/CombatGrowth/BuffGrowth/DT_BuffGrowth_SummonBigBear	B1313C0B4FF1CD920A14F1AC2E972737	27835	移动速度降低#0#	Reduces Movement Speed by #0#.	24	66	42	utf16		
1018	/NGR/Content/Data/DataTables/CombatGrowth/BuffGrowth/DT_BuffGrowth_SummonBigBear	/Game/Data/DataTables/CombatGrowth/BuffGrowth/DT_BuffGrowth_SummonBigBear	96D97CBE4E025A850C22C48294C6381A	29743	移动速度降低#0#	Reduces Movement Speed by #0#.	24	66	42	utf16		
1018	/NGR/Content/Data/DataTables/CombatGrowth/BuffGrowth/DT_BuffGrowth_SummonBigBear	/Game/Data/DataTables/CombatGrowth/BuffGrowth/DT_BuffGrowth_SummonBigBear	30F45B0B45722FB8B124A7983A544135	31651	移动速度降低#0#	Reduces Movement Speed by #0#.	24	66	42	utf16		
1018	/NGR/Content/Data/DataTables/CombatGrowth/BuffGrowth/DT_BuffGrowth_SummonBigBear	/Game/Data/DataTables/CombatGrowth/BuffGrowth/DT_BuffGrowth_SummonBigBear	0B8BA16C45BCA7FAC93D0A8E6EB35AFB	33563	攻击处于冰冻的敌人会额外造成#1#伤害	Deals #1# more damage to Frozen enemies.	44	86	42	utf16		
1018	/NGR/Content/Data/DataTables/CombatGrowth/BuffGrowth/DT_BuffGrowth_SummonBigBear	/Game/Data/DataTables/CombatGrowth/BuffGrowth/DT_BuffGrowth_SummonBigBear	1494088A4CB3D2ABF9343EBFD1741D1F	37241	冰柱和领域范围扩大至#a#米，伤害提升#b#	Enlarges the ice pillars and the Chilling Zone to #a# and increases damage by #b#.	50	170	120	utf16		
1018	/NGR/Content/Data/DataTables/CombatGrowth/BuffGrowth/DT_BuffGrowth_SummonBigBear	/Game/Data/DataTables/CombatGrowth/BuffGrowth/DT_BuffGrowth_SummonBigBear	ECEDF8D8413ED390BCE831BD33D15527	39551	提升#a#冰冻领域积累凝流异常的速度	Increases the speed that Ice debuffs are applied in frozen domains by #a#.	42	154	112	utf16		
1018	/NGR/Content/Data/DataTables/CombatGrowth/BuffGrowth/DT_BuffGrowth_SummonBlueBeast	/Game/Data/DataTables/CombatGrowth/BuffGrowth/DT_BuffGrowth_SummonBlueBeast	09A21C00491D385C00A7BD9C824D6E40	1579	获得#Shield0#点护盾值，持续#Time#秒	Grants a Shield that absorbs #Shield0# damage for #Time#s.	56	122	66	utf16		
1018	/NGR/Content/Data/DataTables/CombatGrowth/BuffGrowth/DT_BuffGrowth_SummonBlueBeast	/Game/Data/DataTables/CombatGrowth/BuffGrowth/DT_BuffGrowth_SummonBlueBeast	F788DBA64E3BF0671740BAAE0F30100B	3960	获得#Shield0#点护盾值，持续#Time#秒	Grants a Shield that absorbs #Shield0# damage for #Time#s.	56	122	66	utf16		
1018	/NGR/Content/Data/DataTables/CombatGrowth/BuffGrowth/DT_BuffGrowth_SummonBlueBeast	/Game/Data/DataTables/CombatGrowth/BuffGrowth/DT_BuffGrowth_SummonBlueBeast	56178938497FE674E28E0880BFE9BC9E	6341	获得#Shield0#点护盾值，持续#Time#秒	Grants a Shield that absorbs #Shield0# damage for #Time#s.	56	122	66	utf16		
1018	/NGR/Content/Data/DataTables/CombatGrowth/BuffGrowth/DT_BuffGrowth_SummonBlueBeast	/Game/Data/DataTables/CombatGrowth/BuffGrowth/DT_BuffGrowth_SummonBlueBeast	8009FC9140291782F783679FED1C0B03	8722	获得#Shield0#点护盾值，持续#Time#秒	Grants a Shield that absorbs #Shield0# damage for #Time#s.	56	122	66	utf16		
1018	/NGR/Content/Data/DataTables/CombatGrowth/BuffGrowth/DT_BuffGrowth_SummonBlueBeast	/Game/Data/DataTables/CombatGrowth/BuffGrowth/DT_BuffGrowth_SummonBlueBeast	9E799547467C44010F06DDA7810D93AA	11103	获得#Shield0#点护盾值，持续#Time#秒	Grants a Shield that absorbs #Shield0# damage for #Time#s.	56	122	66	utf16		
1018	/NGR/Content/Data/DataTables/CombatGrowth/BuffGrowth/DT_BuffGrowth_SummonBlueBeast	/Game/Data/DataTables/CombatGrowth/BuffGrowth/DT_BuffGrowth_SummonBlueBeast	3884683E456D2974D0036D9025DCE904	13484	获得#Shield0#点护盾值，持续#Time#秒	Grants a Shield that absorbs #Shield0# damage for #Time#s.	56	122	66	utf16		
1018	/NGR/Content/Data/DataTables/CombatGrowth/BuffGrowth/DT_BuffGrowth_SummonBlueBeast	/Game/Data/DataTables/CombatGrowth/BuffGrowth/DT_BuffGrowth_SummonBlueBeast	7F17770240162FF273FB4B8FC5EA0323	15865	获得#Shield0#点护盾值，持续#Time#秒	Grants a Shield that absorbs #Shield0# damage for #Time#s.	56	122	66	utf16		
1018	/NGR/Content/Data/DataTables/CombatGrowth/BuffGrowth/DT_BuffGrowth_SummonBlueBeast	/Game/Data/DataTables/CombatGrowth/BuffGrowth/DT_BuffGrowth_SummonBlueBeast	54665C0A499A493AEF7707A791CCAE64	18246	获得#Shield0#点护盾值，持续#Time#秒	Grants a Shield that absorbs #Shield0# damage for #Time#s.	56	122	66	utf16		
1018	/NGR/Content/Data/DataTables/CombatGrowth/BuffGrowth/DT_BuffGrowth_SummonBlueBeast	/Game/Data/DataTables/CombatGrowth/BuffGrowth/DT_BuffGrowth_SummonBlueBeast	62C23E2D4171E11A9A97929E922FE6D4	20627	获得#Shield0#点护盾值，持续#Time#秒	Grants a Shield that absorbs #Shield0# damage for #Time#s.	56	122	66	utf16		
1018	/NGR/Content/Data/DataTables/CombatGrowth/BuffGrowth/DT_BuffGrowth_SummonBlueBeast	/Game/Data/DataTables/CombatGrowth/BuffGrowth/DT_BuffGrowth_SummonBlueBeast	BACD028C48A7DBEFB82540AF2B96C3C1	23008	获得#Shield0#点护盾值，持续#Time#秒	Grants a Shield that absorbs #Shield0# damage for #Time#s.	56	122	66	utf16		
1018	/NGR/Content/Data/DataTables/CombatGrowth/BuffGrowth/DT_BuffGrowth_SummonBlueBeast	/Game/Data/DataTables/CombatGrowth/BuffGrowth/DT_BuffGrowth_SummonBlueBeast	8F67A2CE4ACF1D565CE2BF928C13328E	25389	获得#Shield0#点护盾值，持续#Time#秒	Grants a Shield that absorbs #Shield0# damage for #Time#s.	56	122	66	utf16		
1018	/NGR/Content/Data/DataTables/CombatGrowth/BuffGrowth/DT_BuffGrowth_SummonBlueBeast	/Game/Data/DataTables/CombatGrowth/BuffGrowth/DT_BuffGrowth_SummonBlueBeast	3250D4454766EE1BD3E7ACA215AC8B60	27770	获得#Shield0#点护盾值，持续#Time#秒	Grants a Shield that absorbs #Shield0# damage for #Time#s.	56	122	66	utf16		
1018	/NGR/Content/Data/DataTables/CombatGrowth/BuffGrowth/DT_BuffGrowth_SummonBlueBeast	/Game/Data/DataTables/CombatGrowth/BuffGrowth/DT_BuffGrowth_SummonBlueBeast	325117914DA23B40C17B489A16F3FEB3	30151	获得#Shield0#点护盾值，持续#Time#秒	Grants a Shield that absorbs #Shield0# damage for #Time#s.	56	122	66	utf16		
1018	/NGR/Content/Data/DataTables/CombatGrowth/BuffGrowth/DT_BuffGrowth_SummonBlueBeast	/Game/Data/DataTables/CombatGrowth/BuffGrowth/DT_BuffGrowth_SummonBlueBeast	207A04CE4242DB2917D6919C70CEA40A	32532	获得#Shield0#点护盾值，持续#Time#秒	Grants a Shield that absorbs #Shield0# damage for #Time#s.	56	122	66	utf16		
1018	/NGR/Content/Data/DataTables/CombatGrowth/BuffGrowth/DT_BuffGrowth_SummonBlueBeast	/Game/Data/DataTables/CombatGrowth/BuffGrowth/DT_BuffGrowth_SummonBlueBeast	CB58C0D343650F584C41F4B18F67B126	34913	获得#Shield0#点护盾值，持续#Time#秒	Grants a Shield that absorbs #Shield0# damage for #Time#s.	56	122	66	utf16		
1018	/NGR/Content/Data/DataTables/CombatGrowth/BuffGrowth/DT_BuffGrowth_SummonBlueBeast	/Game/Data/DataTables/CombatGrowth/BuffGrowth/DT_BuffGrowth_SummonBlueBeast	704A00424E40EB378180A490B10C5796	37294	获得#Shield0#点护盾值，持续#Time#秒	Grants a Shield that absorbs #Shield0# damage for #Time#s.	56	122	66	utf16		
1018	/NGR/Content/Data/DataTables/CombatGrowth/BuffGrowth/DT_BuffGrowth_SummonBlueBeast	/Game/Data/DataTables/CombatGrowth/BuffGrowth/DT_BuffGrowth_SummonBlueBeast	2D61389347C07003BD8A52A9F5425D8D	39667	暴击率提升#a#，持续#Time#秒	Increases Critical Rate by #a# for #Time#s.	42	92	50	utf16		
1018	/NGR/Content/Data/DataTables/CombatGrowth/BuffGrowth/DT_BuffGrowth_SummonBlueBeast	/Game/Data/DataTables/CombatGrowth/BuffGrowth/DT_BuffGrowth_SummonBlueBeast	BB040AFA4019F4608D4E14BC393A8F53	43613	获得#Shield0#点护盾值，持续#Time#秒	Grants a Shield that absorbs #Shield0# damage for #Time#s.	56	122	66	utf16		
1018	/NGR/Content/Data/DataTables/CombatGrowth/BuffGrowth/DT_BuffGrowth_SummonBlueBeast	/Game/Data/DataTables/CombatGrowth/BuffGrowth/DT_BuffGrowth_SummonBlueBeast	301E526242CA21FA2AC0FB827E26461B	45994	获得#Shield0#点护盾值，持续#Time#秒	Grants a Shield that absorbs #Shield0# damage for #Time#s.	56	122	66	utf16		
1018	/NGR/Content/Data/DataTables/CombatGrowth/BuffGrowth/DT_BuffGrowth_SummonBlueBeast	/Game/Data/DataTables/CombatGrowth/BuffGrowth/DT_BuffGrowth_SummonBlueBeast	65B3ADB0414C2D7E7E2672BBB6A0A24A	48375	获得#Shield0#点护盾值，持续#Time#秒	Grants a Shield that absorbs #Shield0# damage for #Time#s.	56	122	66	utf16		
1018	/NGR/Content/Data/DataTables/CombatGrowth/BuffGrowth/DT_BuffGrowth_SummonDreamHunterDualBlade	/Game/Data/DataTables/CombatGrowth/BuffGrowth/DT_BuffGrowth_SummonDreamHunterDualBlade	DF07C7DA4948EAB824495B914C8343B6	1127	飞刃每次命中可增加自身#1#的普攻伤害，可叠加#value#层，持续#time#秒	Each blade on hit increases Basic Attack damage by #1# for #time#s, stacking up to #value# times.	88	200	112	utf16		
1018	/NGR/Content/Data/DataTables/CombatGrowth/BuffGrowth/DT_BuffGrowth_SummonDreamHunterDualBlade	/Game/Data/DataTables/CombatGrowth/BuffGrowth/DT_BuffGrowth_SummonDreamHunterDualBlade	F02F2BB644A3C5B06B68D3ACB74B734A	3966	普攻伤害提升#1#	Increases Basic Attack damage by #1#.	24	80	56	utf16		
1018	/NGR/Content/Data/DataTables/CombatGrowth/BuffGrowth/DT_BuffGrowth_SummonDreamHunterDualBlade	/Game/Data/DataTables/CombatGrowth/BuffGrowth/DT_BuffGrowth_SummonDreamHunterDualBlade	96E8C5ED49E453AC8A48C2B8C42F2145	5822	召唤唤灵后，提升月刃伯屠#value#的流相克制强度	Increases Twinblade Dreamslayer's Weakness Multiplier by #value#.	58	136	78	utf16		
1018	/NGR/Content/Data/DataTables/CombatGrowth/BuffGrowth/DT_BuffGrowth_SummonDreamHunterDualBlade	/Game/Data/DataTables/CombatGrowth/BuffGrowth/DT_BuffGrowth_SummonDreamHunterDualBlade	B7CE56C6430C4E8449D75BA2E4EB67C4	7798	飞刃数量增加#a#，飞刃命中增加共鸣普攻伤害的效果可叠加至#c#层	The number of blades is increased by #a#. The Basic Attack damage bonus stacks up to #c# times.	72	196	124	utf16		
1018	/NGR/Content/Data/DataTables/CombatGrowth/BuffGrowth/DT_BuffGrowth_SummonDreamHunterDualBlade	/Game/Data/DataTables/CombatGrowth/BuffGrowth/DT_BuffGrowth_SummonDreamHunterDualBlade	B46174E944504FE738DAD6972391C67B	10614	普攻伤害提升#1#	Increases Basic Attack damage by #1#.	24	80	56	utf16		
1018	/NGR/Content/Data/DataTables/CombatGrowth/BuffGrowth/DT_BuffGrowth_SummonDreamHunterDualBlade	/Game/Data/DataTables/CombatGrowth/BuffGrowth/DT_BuffGrowth_SummonDreamHunterDualBlade	BA60A3584D33F087467E4C848ADAEDA8	13998	当共鸣施放普通攻击命中时，增加该共鸣#Dmg0#的暴击伤害，可叠加#ceng#层，持续#Time0#秒	Each Basic Attack on hit increases Critical Damage by #Dmg0# for #Time0#s, stacking up to #ceng# times.	108	212	104	utf16		
1018	/NGR/Content/Data/DataTables/CombatGrowth/BuffGrowth/DT_BuffGrowth_SummonDreamHunterDualBlade	/Game/Data/DataTables/CombatGrowth/BuffGrowth/DT_BuffGrowth_SummonDreamHunterDualBlade	E38C14294E2E1E357CB456978DCBD9C3	16848	增加#a#的暴击伤害	Increases Critical Damage by #a#.	26	72	46	utf16		
1018	/NGR/Content/Data/DataTables/CombatGrowth/BuffGrowth/DT_BuffGrowth_SummonDreamHunterDualBlade	/Game/Data/DataTables/CombatGrowth/BuffGrowth/DT_BuffGrowth_SummonDreamHunterDualBlade	5F9869194DB5C774C020DE954FCA4E15	18837	贯流强度提升#Puncture0#	Increases Puncture Adeptness by #Puncture0#.	40	94	54	utf16		
1018	/NGR/Content/Data/DataTables/CombatGrowth/BuffGrowth/DT_BuffGrowth_SummonDreamHunterDualBlade	/Game/Data/DataTables/CombatGrowth/BuffGrowth/DT_BuffGrowth_SummonDreamHunterDualBlade	03EE1FC949CC3B948EE284B0423640B6	20848	贯流强度提升#Puncture0#	Increases Puncture Adeptness by #Puncture0#.	40	94	54	utf16		
1018	/NGR/Content/Data/DataTables/CombatGrowth/BuffGrowth/DT_BuffGrowth_SummonDreamHunterDualBlade	/Game/Data/DataTables/CombatGrowth/BuffGrowth/DT_BuffGrowth_SummonDreamHunterDualBlade	F027EF79430DA93810E34F8DCD0FCF3A	22859	贯流强度提升#Puncture0#	Increases Puncture Adeptness by #Puncture0#.	40	94	54	utf16		
1018	/NGR/Content/Data/DataTables/CombatGrowth/BuffGrowth/DT_BuffGrowth_SummonDreamHunterDualBlade	/Game/Data/DataTables/CombatGrowth/BuffGrowth/DT_BuffGrowth_SummonDreamHunterDualBlade	CA0F2C0046B8FFBE25F20BADE40022D1	24870	贯流强度提升#Puncture0#	Increases Puncture Adeptness by #Puncture0#.	40	94	54	utf16		
1018	/NGR/Content/Data/DataTables/CombatGrowth/BuffGrowth/DT_BuffGrowth_SummonDreamHunterDualBlade	/Game/Data/DataTables/CombatGrowth/BuffGrowth/DT_BuffGrowth_SummonDreamHunterDualBlade	BE72D4374D09AAFBADCDD78F53C08061	26881	贯流强度提升#Puncture0#	Increases Puncture Adeptness by #Puncture0#.	40	94	54	utf16		
1018	/NGR/Content/Data/DataTables/CombatGrowth/BuffGrowth/DT_BuffGrowth_SummonDreamHunterDualBlade	/Game/Data/DataTables/CombatGrowth/BuffGrowth/DT_BuffGrowth_SummonDreamHunterDualBlade	7C094783491E1F887F5E018CC11921E5	28892	贯流强度提升#Puncture0#	Increases Puncture Adeptness by #Puncture0#.	40	94	54	utf16		
1018	/NGR/Content/Data/DataTables/CombatGrowth/BuffGrowth/DT_BuffGrowth_SummonDreamHunterDualBlade	/Game/Data/DataTables/CombatGrowth/BuffGrowth/DT_BuffGrowth_SummonDreamHunterDualBlade	93F70BA044FF164F2F591AA1A33D96AB	30903	贯流强度提升#Puncture0#	Increases Puncture Adeptness by #Puncture0#.	40	94	54	utf16		
1018	/NGR/Content/Data/DataTables/CombatGrowth/BuffGrowth/DT_BuffGrowth_SummonDreamHunterDualBlade	/Game/Data/DataTables/CombatGrowth/BuffGrowth/DT_BuffGrowth_SummonDreamHunterDualBlade	1ECC36634A68C37DB066C39FAD0650AE	32914	贯流强度提升#Puncture0#	Increases Puncture Adeptness by #Puncture0#.	40	94	54	utf16		
1018	/NGR/Content/Data/DataTables/CombatGrowth/BuffGrowth/DT_BuffGrowth_SummonDreamHunterDualBlade	/Game/Data/DataTables/CombatGrowth/BuffGrowth/DT_BuffGrowth_SummonDreamHunterDualBlade	755BCABC4D122B602F30109258508626	34925	贯流强度提升#Puncture0#	Increases Puncture Adeptness by #Puncture0#.	40	94	54	utf16		
1018	/NGR/Content/Data/DataTables/CombatGrowth/BuffGrowth/DT_BuffGrowth_SummonDreamHunterDualBlade	/Game/Data/DataTables/CombatGrowth/BuffGrowth/DT_BuffGrowth_SummonDreamHunterDualBlade	651F9E70466357F3F16C0C9098C0F6BA	36936	贯流强度提升#Puncture0#	Increases Puncture Adeptness by #Puncture0#.	40	94	54	utf16		
1018	/NGR/Content/Data/DataTables/CombatGrowth/BuffGrowth/DT_BuffGrowth_SummonDreamHunterDualBlade	/Game/Data/DataTables/CombatGrowth/BuffGrowth/DT_BuffGrowth_SummonDreamHunterDualBlade	5073C5C64573345B4BC6228FEB63A1C1	38947	贯流强度提升#Puncture0#	Increases Puncture Adeptness by #Puncture0#.	40	94	54	utf16		
1018	/NGR/Content/Data/DataTables/CombatGrowth/BuffGrowth/DT_BuffGrowth_SummonDreamHunterDualBlade	/Game/Data/DataTables/CombatGrowth/BuffGrowth/DT_BuffGrowth_SummonDreamHunterDualBlade	62B549AD439A170053F6C4B9F7DF7141	40958	贯流强度提升#Puncture0#	Increases Puncture Adeptness by #Puncture0#.	40	94	54	utf16		
1018	/NGR/Content/Data/DataTables/CombatGrowth/BuffGrowth/DT_BuffGrowth_SummonDreamHunterDualBlade	/Game/Data/DataTables/CombatGrowth/BuffGrowth/DT_BuffGrowth_SummonDreamHunterDualBlade	031EB7D14411A515AF6F6B8A6F81E6E9	42969	贯流强度提升#Puncture0#	Increases Puncture Adeptness by #Puncture0#.	40	94	54	utf16		
1018	/NGR/Content/Data/DataTables/CombatGrowth/BuffGrowth/DT_BuffGrowth_SummonGolemGiantBoss	/Game/Data/DataTables/CombatGrowth/BuffGrowth/DT_BuffGrowth_SummonGolemGiantBoss	309D989A4544035B8DA2239CF9CCBC51	1127	提升#SkillPower0#冷却缩减	Increases Cooldown Reduction by #SkillPower0#.	44	98	54	utf16		
1018	/NGR/Content/Data/DataTables/CombatGrowth/BuffGrowth/DT_BuffGrowth_SummonGolemGiantBoss	/Game/Data/DataTables/CombatGrowth/BuffGrowth/DT_BuffGrowth_SummonGolemGiantBoss	E00AAAF84F7047D32F3E02A762A7186C	3148	提升#SkillPower0#震流强度	Increases Quake Adeptness by #SkillPower0#.	44	92	48	utf16		
1018	/NGR/Content/Data/DataTables/CombatGrowth/BuffGrowth/DT_BuffGrowth_SummonGolemGiantBoss	/Game/Data/DataTables/CombatGrowth/BuffGrowth/DT_BuffGrowth_SummonGolemGiantBoss	46C068694E001837429F93B9306242F9	5165	提升#SkillPower0#的全流强度	Increases All-round Adeptness by #SkillPower0#.	46	100	54	utf16		
1018	/NGR/Content/Data/DataTables/CombatGrowth/BuffGrowth/DT_BuffGrowth_SummonGolemGiantBoss	/Game/Data/DataTables/CombatGrowth/BuffGrowth/DT_BuffGrowth_SummonGolemGiantBoss	5F5D290944580C5E36DF0B8C887589C0	8656	每次使用流技，普攻伤害提升#1#，持续#0#秒，可叠加#2#层	Using a skill increases Basic Attacks' damage by #1# for #0#s, stacking up to #2# times.	68	182	114	utf16		
1018	/NGR/Content/Data/DataTables/CombatGrowth/BuffGrowth/DT_BuffGrowth_SummonGolemGiantBoss	/Game/Data/DataTables/CombatGrowth/BuffGrowth/DT_BuffGrowth_SummonGolemGiantBoss	426497594E9057A51D908CB02116C595	11456	普攻伤害提升#1#	Increases Basic Attacks' damage by #1#.	24	84	60	utf16		
1018	/NGR/Content/Data/DataTables/CombatGrowth/BuffGrowth/DT_BuffGrowth_SummonGolemGiantBoss	/Game/Data/DataTables/CombatGrowth/BuffGrowth/DT_BuffGrowth_SummonGolemGiantBoss	899D9ED24F1954D9FE59A7BA8AA6E54D	13368	震流强度提升#SkillPower0#	Increases Quake Adeptness by #SkillPower0#.	44	92	48	utf16		
1018	/NGR/Content/Data/DataTables/CombatGrowth/BuffGrowth/DT_BuffGrowth_SummonGolemGiantBoss	/Game/Data/DataTables/CombatGrowth/BuffGrowth/DT_BuffGrowth_SummonGolemGiantBoss	9614AA7C49FC4CB0AEA16D8F005F64F7	15385	震流强度提升#SkillPower0#	Increases Quake Adeptness by #SkillPower0#.	44	92	48	utf16		
1018	/NGR/Content/Data/DataTables/CombatGrowth/BuffGrowth/DT_BuffGrowth_SummonGolemGiantBoss	/Game/Data/DataTables/CombatGrowth/BuffGrowth/DT_BuffGrowth_SummonGolemGiantBoss	CC6CECC8439A07B6A65BDD95E381A770	17402	震流强度提升#SkillPower0#	Increases Quake Adeptness by #SkillPower0#.	44	92	48	utf16		
1018	/NGR/Content/Data/DataTables/CombatGrowth/BuffGrowth/DT_BuffGrowth_SummonGolemGiantBoss	/Game/Data/DataTables/CombatGrowth/BuffGrowth/DT_BuffGrowth_SummonGolemGiantBoss	240AD6A842E12878345F5AB85359CD08	19419	震流强度提升#SkillPower0#	Increases Quake Adeptness by #SkillPower0#.	44	92	48	utf16		
1018	/NGR/Content/Data/DataTables/CombatGrowth/BuffGrowth/DT_BuffGrowth_SummonGolemGiantBoss	/Game/Data/DataTables/CombatGrowth/BuffGrowth/DT_BuffGrowth_SummonGolemGiantBoss	D982234B4259617BA652E9A8C8A1F06E	21436	震流强度提升#SkillPower0#	Increases Quake Adeptness by #SkillPower0#.	44	92	48	utf16		
1018	/NGR/Content/Data/DataTables/CombatGrowth/BuffGrowth/DT_BuffGrowth_SummonGolemGiantBoss	/Game/Data/DataTables/CombatGrowth/BuffGrowth/DT_BuffGrowth_SummonGolemGiantBoss	E827AE1F465B953774E20980035434D0	23453	震流强度提升#SkillPower0#	Increases Quake Adeptness by #SkillPower0#.	44	92	48	utf16		
1018	/NGR/Content/Data/DataTables/CombatGrowth/BuffGrowth/DT_BuffGrowth_SummonGolemGiantBoss	/Game/Data/DataTables/CombatGrowth/BuffGrowth/DT_BuffGrowth_SummonGolemGiantBoss	72AA139C44853B9D8A843CAD65B2D1BE	25470	震流强度提升#SkillPower0#	Increases Quake Adeptness by #SkillPower0#.	44	92	48	utf16		
1018	/NGR/Content/Data/DataTables/CombatGrowth/BuffGrowth/DT_BuffGrowth_SummonGolemGiantBoss	/Game/Data/DataTables/CombatGrowth/BuffGrowth/DT_BuffGrowth_SummonGolemGiantBoss	D6F0EB76475F424BCA9859A7CC65010A	27487	震流强度提升#SkillPower0#	Increases Quake Adeptness by #SkillPower0#.	44	92	48	utf16		
1018	/NGR/Content/Data/DataTables/CombatGrowth/BuffGrowth/DT_BuffGrowth_SummonGolemGiantBoss	/Game/Data/DataTables/CombatGrowth/BuffGrowth/DT_BuffGrowth_SummonGolemGiantBoss	BA4FAEDB4CC93FE306B69A98EFEBFE45	29504	震流强度提升#SkillPower0#	Increases Quake Adeptness by #SkillPower0#.	44	92	48	utf16		
1018	/NGR/Content/Data/DataTables/CombatGrowth/BuffGrowth/DT_BuffGrowth_SummonGolemGiantBoss	/Game/Data/DataTables/CombatGrowth/BuffGrowth/DT_BuffGrowth_SummonGolemGiantBoss	012EE9D641795931F8333591F356039C	31521	震流强度提升#SkillPower0#	Increases Quake Adeptness by #SkillPower0#.	44	92	48	utf16		
1018	/NGR/Content/Data/DataTables/CombatGrowth/BuffGrowth/DT_BuffGrowth_SummonGolemGiantBoss	/Game/Data/DataTables/CombatGrowth/BuffGrowth/DT_BuffGrowth_SummonGolemGiantBoss	B3ECE14744F1AFC930BD1085947E2D3E	33538	震流强度提升#SkillPower0#	Increases Quake Adeptness by #SkillPower0#.	44	92	48	utf16		
1018	/NGR/Content/Data/DataTables/CombatGrowth/BuffGrowth/DT_BuffGrowth_SummonGolemGiantBoss	/Game/Data/DataTables/CombatGrowth/BuffGrowth/DT_BuffGrowth_SummonGolemGiantBoss	D406E50042A88489A1AA2A92DD43F5EF	35555	震流强度提升#SkillPower0#	Increases Quake Adeptness by #SkillPower0#.	44	92	48	utf16		
1018	/NGR/Content/Data/DataTables/CombatGrowth/BuffGrowth/DT_BuffGrowth_SummonGolemGiantBoss	/Game/Data/DataTables/CombatGrowth/BuffGrowth/DT_BuffGrowth_SummonGolemGiantBoss	8EB342324D2E79A8D5AEBDB091AB9146	37572	震流强度提升#SkillPower0#	Increases Quake Adeptness by #SkillPower0#.	44	92	48	utf16		
1018	/NGR/Content/Data/DataTables/CombatGrowth/BuffGrowth/DT_BuffGrowth_SummonGolemGiantBoss	/Game/Data/DataTables/CombatGrowth/BuffGrowth/DT_BuffGrowth_SummonGolemGiantBoss	4F72602648CD1B85DE2AEBBD9036A960	39589	震流强度提升#SkillPower0#	Increases Quake Adeptness by #SkillPower0#.	44	92	48	utf16		
1018	/NGR/Content/Data/DataTables/CombatGrowth/BuffGrowth/DT_BuffGrowth_SummonGolemGiantBoss	/Game/Data/DataTables/CombatGrowth/BuffGrowth/DT_BuffGrowth_SummonGolemGiantBoss	E05F120C46E0CE8077475F829B3F9F57	41606	震流强度提升#SkillPower0#	Increases Quake Adeptness by #SkillPower0#.	44	92	48	utf16		
1018	/NGR/Content/Data/DataTables/CombatGrowth/BuffGrowth/DT_BuffGrowth_SummonPanJingZhongLi	/Game/Data/DataTables/CombatGrowth/BuffGrowth/DT_BuffGrowth_SummonPanJingZhongLi	25FA100D4C084CD922CC0F8534CB999B	1235	提升#a#的治愈强度	Increases Healing Power (Health & Shield) by #a#.	26	104	78	utf16		
1018	/NGR/Content/Data/DataTables/CombatGrowth/BuffGrowth/DT_BuffGrowth_SummonPanJingZhongLi	/Game/Data/DataTables/CombatGrowth/BuffGrowth/DT_BuffGrowth_SummonPanJingZhongLi	5495A6654BBB6ED60FDAB5A2C57AC9CD	3220	提升#a#的治愈强度	Increases Healing Power (Health & Shield) by #a#.	26	104	78	utf16		
1018	/NGR/Content/Data/DataTables/CombatGrowth/BuffGrowth/DT_BuffGrowth_SummonPanJingZhongLi	/Game/Data/DataTables/CombatGrowth/BuffGrowth/DT_BuffGrowth_SummonPanJingZhongLi	7943FA56400BB89C0E8F6E99724A32C3	5205	提升#a#的治愈强度	Increases Healing Power (Health & Shield) by #a#.	26	104	78	utf16		
1018	/NGR/Content/Data/DataTables/CombatGrowth/BuffGrowth/DT_BuffGrowth_SummonPanJingZhongLi	/Game/Data/DataTables/CombatGrowth/BuffGrowth/DT_BuffGrowth_SummonPanJingZhongLi	32FFBB7F44564F2172631CBAB0E5891C	7190	提升#a#的治愈强度	Increases Healing Power (Health & Shield) by #a#.	26	104	78	utf16		
1018	/NGR/Content/Data/DataTables/CombatGrowth/BuffGrowth/DT_BuffGrowth_SummonPanJingZhongLi	/Game/Data/DataTables/CombatGrowth/BuffGrowth/DT_BuffGrowth_SummonPanJingZhongLi	409FA96B48010741836DC39ACD84C83D	9175	提升#a#的治愈强度	Increases Healing Power (Health & Shield) by #a#.	26	104	78	utf16		
1018	/NGR/Content/Data/DataTables/CombatGrowth/BuffGrowth/DT_BuffGrowth_SummonPanJingZhongLi	/Game/Data/DataTables/CombatGrowth/BuffGrowth/DT_BuffGrowth_SummonPanJingZhongLi	2FDD8458479ADB9B21027AB6B8372FAC	11160	提升#a#的治愈强度	Increases Healing Power (Health & Shield) by #a#.	26	104	78	utf16		
1018	/NGR/Content/Data/DataTables/CombatGrowth/BuffGrowth/DT_BuffGrowth_SummonPanJingZhongLi	/Game/Data/DataTables/CombatGrowth/BuffGrowth/DT_BuffGrowth_SummonPanJingZhongLi	E2BF164A4AC4C214C5492BB5C444D227	13145	提升#a#的治愈强度	Increases Healing Power (Health & Shield) by #a#.	26	104	78	utf16		
1018	/NGR/Content/Data/DataTables/CombatGrowth/BuffGrowth/DT_BuffGrowth_SummonPanJingZhongLi	/Game/Data/DataTables/CombatGrowth/BuffGrowth/DT_BuffGrowth_SummonPanJingZhongLi	46CD7AFB426083FCDCC4338973B9ABB3	15130	提升#a#的治愈强度	Increases Healing Power (Health & Shield) by #a#.	26	104	78	utf16		
1018	/NGR/Content/Data/DataTables/CombatGrowth/BuffGrowth/DT_BuffGrowth_SummonPanJingZhongLi	/Game/Data/DataTables/CombatGrowth/BuffGrowth/DT_BuffGrowth_SummonPanJingZhongLi	18F54CC84B487FA6EA9DDFAEEDD39B1D	17115	提升#a#的治愈强度	Increases Healing Power (Health & Shield) by #a#.	26	104	78	utf16		
1018	/NGR/Content/Data/DataTables/CombatGrowth/BuffGrowth/DT_BuffGrowth_SummonPanJingZhongLi	/Game/Data/DataTables/CombatGrowth/BuffGrowth/DT_BuffGrowth_SummonPanJingZhongLi	83FA8A674D86D0724DE72192B8A5BFF8	19100	提升#a#的治愈强度	Increases Healing Power (Health & Shield) by #a#.	26	104	78	utf16		
1018	/NGR/Content/Data/DataTables/CombatGrowth/BuffGrowth/DT_BuffGrowth_SummonPanJingZhongLi	/Game/Data/DataTables/CombatGrowth/BuffGrowth/DT_BuffGrowth_SummonPanJingZhongLi	AA5271014ADBE6F94935D88E9E64F5B1	21085	提升#a#的治愈强度	Increases Healing Power (Health & Shield) by #a#.	26	104	78	utf16		
1018	/NGR/Content/Data/DataTables/CombatGrowth/BuffGrowth/DT_BuffGrowth_SummonPanJingZhongLi	/Game/Data/DataTables/CombatGrowth/BuffGrowth/DT_BuffGrowth_SummonPanJingZhongLi	26A3C7724E5A34D34E03B288865DA3AA	23070	提升#a#的治愈强度	Increases Healing Power (Health & Shield) by #a#.	26	104	78	utf16		
1018	/NGR/Content/Data/DataTables/CombatGrowth/BuffGrowth/DT_BuffGrowth_SummonPanJingZhongLi	/Game/Data/DataTables/CombatGrowth/BuffGrowth/DT_BuffGrowth_SummonPanJingZhongLi	C289495441FFBB9FF888FD845E659E04	25055	提升#a#的治愈强度	Increases Healing Power (Health & Shield) by #a#.	26	104	78	utf16		
1018	/NGR/Content/Data/DataTables/CombatGrowth/BuffGrowth/DT_BuffGrowth_SummonPanJingZhongLi	/Game/Data/DataTables/CombatGrowth/BuffGrowth/DT_BuffGrowth_SummonPanJingZhongLi	8048B2EC4959947E6E01598B0F033BFA	27040	提升#a#的治愈强度	Increases Healing Power (Health & Shield) by #a#.	26	104	78	utf16		
1018	/NGR/Content/Data/DataTables/CombatGrowth/BuffGrowth/DT_BuffGrowth_SummonPanJingZhongLi	/Game/Data/DataTables/CombatGrowth/BuffGrowth/DT_BuffGrowth_SummonPanJingZhongLi	817830B043A869F7C8B722A18ABD815F	29025	提升#a#的治愈强度	Increases Healing Power (Health & Shield) by #a#.	26	104	78	utf16		
1018	/NGR/Content/Data/DataTables/CombatGrowth/BuffGrowth/DT_BuffGrowth_SummonPanJingZhongLi	/Game/Data/DataTables/CombatGrowth/BuffGrowth/DT_BuffGrowth_SummonPanJingZhongLi	C4C05FF9483996F9821DBBB4ECB9BB25	31010	提升#a#的治愈强度	Increases Healing Power (Health & Shield) by #a#.	26	104	78	utf16		
1018	/NGR/Content/Data/DataTables/CombatGrowth/BuffGrowth/DT_BuffGrowth_SummonPanJingZhongLi	/Game/Data/DataTables/CombatGrowth/BuffGrowth/DT_BuffGrowth_SummonPanJingZhongLi	FC080D2F4ADF90933AEDD5AC2995EAF6	32955	当受到治疗效果时，提升共鸣#a#的全流强度，持续#b#秒，该效果每#c#秒可触发一次	Increases All-round Adeptness by #a# for #b#s after getting healed. (Cooldown: #c#s)	90	174	84	utf16		
1018	/NGR/Content/Data/DataTables/CombatGrowth/BuffGrowth/DT_BuffGrowth_SummonPanJingZhongLi	/Game/Data/DataTables/CombatGrowth/BuffGrowth/DT_BuffGrowth_SummonPanJingZhongLi	CA6DCECF455809BD7D575C89FC333D08	35777	提升共鸣#a#的全流强度	Increases All-round Adeptness by #a#.	30	80	50	utf16		
1018	/NGR/Content/Data/DataTables/CombatGrowth/BuffGrowth/DT_BuffGrowth_SummonPanJingZhongLi	/Game/Data/DataTables/CombatGrowth/BuffGrowth/DT_BuffGrowth_SummonPanJingZhongLi	6D9D79EE4DC3BD801426BF9B18206AB9	39083	召唤唤灵后，使自身获得#a#冷却缩减，持续#b#秒	Increases Cooldown Reduction by #a# for #b#s.	56	96	40	utf16		
1018	/NGR/Content/Data/DataTables/CombatGrowth/BuffGrowth/DT_BuffGrowth_SummonPanJingZhongLi	/Game/Data/DataTables/CombatGrowth/BuffGrowth/DT_BuffGrowth_SummonPanJingZhongLi	3C6EAC5E409A179A6D467FBF3F71A298	41451	获得#a#冷却缩减	Increases Cooldown Reduction by #a#.	24	78	54	utf16		
1018	/NGR/Content/Data/DataTables/CombatGrowth/BuffGrowth/DT_BuffGrowth_SummonPuffer	/Game/Data/DataTables/CombatGrowth/BuffGrowth/DT_BuffGrowth_SummonPuffer	20D1CA6B40058699B546E9BEE7447E14	1163	提供护盾，可以吸收一定伤害	Shield that absorbs damage.	32	60	28	utf16		
1018	/NGR/Content/Data/DataTables/CombatGrowth/BuffGrowth/DT_BuffGrowth_SummonPuffer	/Game/Data/DataTables/CombatGrowth/BuffGrowth/DT_BuffGrowth_SummonPuffer	C4A6D2DB40DE7ED45F883DB909059FC6	2667	提供护盾，可以吸收一定伤害	Shield that absorbs damage.	32	60	28	utf16		
1018	/NGR/Content/Data/DataTables/CombatGrowth/BuffGrowth/DT_BuffGrowth_SummonPuffer	/Game/Data/DataTables/CombatGrowth/BuffGrowth/DT_BuffGrowth_SummonPuffer	990AC2E34FF35F04595CD98BD2F5AAEC	5028	提供护盾，可以吸收一定伤害	Shield that absorbs damage.	32	60	28	utf16		
1018	/NGR/Content/Data/DataTables/CombatGrowth/BuffGrowth/DT_BuffGrowth_SummonPuffer	/Game/Data/DataTables/CombatGrowth/BuffGrowth/DT_BuffGrowth_SummonPuffer	EB5D215D4A0065EB5920699FA228A46B	7389	提供护盾，可以吸收一定伤害	Shield that absorbs damage.	32	60	28	utf16		
1018	/NGR/Content/Data/DataTables/CombatGrowth/BuffGrowth/DT_BuffGrowth_SummonPuffer	/Game/Data/DataTables/CombatGrowth/BuffGrowth/DT_BuffGrowth_SummonPuffer	4E27E8ED42227E9D94006CAE45751B44	9750	提供护盾，可以吸收一定伤害	Shield that absorbs damage.	32	60	28	utf16		
1018	/NGR/Content/Data/DataTables/CombatGrowth/BuffGrowth/DT_BuffGrowth_SummonPuffer	/Game/Data/DataTables/CombatGrowth/BuffGrowth/DT_BuffGrowth_SummonPuffer	AB3DE00945D8CA5E6917ACBA326CF881	12111	提供护盾，可以吸收一定伤害	Shield that absorbs damage.	32	60	28	utf16		
1018	/NGR/Content/Data/DataTables/CombatGrowth/BuffGrowth/DT_BuffGrowth_SummonPuffer	/Game/Data/DataTables/CombatGrowth/BuffGrowth/DT_BuffGrowth_SummonPuffer	D6BCC97F4E6F6E6C500F18B7DB6A9217	14472	提供护盾，可以吸收一定伤害	Shield that absorbs damage.	32	60	28	utf16		
1018	/NGR/Content/Data/DataTables/CombatGrowth/BuffGrowth/DT_BuffGrowth_SummonPuffer	/Game/Data/DataTables/CombatGrowth/BuffGrowth/DT_BuffGrowth_SummonPuffer	E731297D4569D454EE3CFCA99B43844B	16833	提供护盾，可以吸收一定伤害	Shield that absorbs damage.	32	60	28	utf16		
1018	/NGR/Content/Data/DataTables/CombatGrowth/BuffGrowth/DT_BuffGrowth_SummonPuffer	/Game/Data/DataTables/CombatGrowth/BuffGrowth/DT_BuffGrowth_SummonPuffer	4E3057454B74C8C507700E8788EEDDD6	19194	提供护盾，可以吸收一定伤害	Shield that absorbs damage.	32	60	28	utf16		
1018	/NGR/Content/Data/DataTables/CombatGrowth/BuffGrowth/DT_BuffGrowth_SummonPuffer	/Game/Data/DataTables/CombatGrowth/BuffGrowth/DT_BuffGrowth_SummonPuffer	4D1C32C44C193A0B3B6B30B669271524	21555	提供护盾，可以吸收一定伤害	Shield that absorbs damage.	32	60	28	utf16		
1018	/NGR/Content/Data/DataTables/CombatGrowth/BuffGrowth/DT_BuffGrowth_SummonPuffer	/Game/Data/DataTables/CombatGrowth/BuffGrowth/DT_BuffGrowth_SummonPuffer	77D610914086C978D108FFACB0FCEAEA	23916	提供护盾，可以吸收一定伤害	Shield that absorbs damage.	32	60	28	utf16		
1018	/NGR/Content/Data/DataTables/CombatGrowth/BuffGrowth/DT_BuffGrowth_SummonPuffer	/Game/Data/DataTables/CombatGrowth/BuffGrowth/DT_BuffGrowth_SummonPuffer	DFB4742B4830E9EB3349698615E3CBA3	26277	提供护盾，可以吸收一定伤害	Shield that absorbs damage.	32	60	28	utf16		
1018	/NGR/Content/Data/DataTables/CombatGrowth/BuffGrowth/DT_BuffGrowth_SummonPuffer	/Game/Data/DataTables/CombatGrowth/BuffGrowth/DT_BuffGrowth_SummonPuffer	C392440D438476AD463C7F98BAF5011A	28638	提供护盾，可以吸收一定伤害	Shield that absorbs damage.	32	60	28	utf16		
1018	/NGR/Content/Data/DataTables/CombatGrowth/BuffGrowth/DT_BuffGrowth_SummonPuffer	/Game/Data/DataTables/CombatGrowth/BuffGrowth/DT_BuffGrowth_SummonPuffer	CB6B9E9543142D14C1488F961ADA3107	30999	提供护盾，可以吸收一定伤害	Shield that absorbs damage.	32	60	28	utf16		
1018	/NGR/Content/Data/DataTables/CombatGrowth/BuffGrowth/DT_BuffGrowth_SummonPuffer	/Game/Data/DataTables/CombatGrowth/BuffGrowth/DT_BuffGrowth_SummonPuffer	B84735BE492E178A49B255BE52EF27A1	33360	提供护盾，可以吸收一定伤害	Shield that absorbs damage.	32	60	28	utf16		
1018	/NGR/Content/Data/DataTables/CombatGrowth/BuffGrowth/DT_BuffGrowth_SummonPuffer	/Game/Data/DataTables/CombatGrowth/BuffGrowth/DT_BuffGrowth_SummonPuffer	77EAB8C9402EC99B1D6E1EBEECEC1515	35721	提供护盾，可以吸收一定伤害	Shield that absorbs damage.	32	60	28	utf16		
1018	/NGR/Content/Data/DataTables/CombatGrowth/BuffGrowth/DT_BuffGrowth_SummonPuffer	/Game/Data/DataTables/CombatGrowth/BuffGrowth/DT_BuffGrowth_SummonPuffer	A167C6C6411A27E73DFCFDADE185EBC9	41024	召唤唤灵后获得的护盾值提升#Shield0#	The Shield absorbs #Shield0# more damage.	50	88	38	utf16		
1018	/NGR/Content/Data/DataTables/CombatGrowth/BuffGrowth/DT_BuffGrowth_SummonPuffer	/Game/Data/DataTables/CombatGrowth/BuffGrowth/DT_BuffGrowth_SummonPuffer	502B3DDB4CEE1A0CAF7E9D9EF9A8C973	42972	提升#0#的普通攻击伤害	Basic Attacks deal #0# more damage.	30	76	46	utf16		
1018	/NGR/Content/Data/DataTables/CombatGrowth/BuffGrowth/DT_BuffGrowth_SummonPuffer	/Game/Data/DataTables/CombatGrowth/BuffGrowth/DT_BuffGrowth_SummonPuffer	F123B3A44C4032F8CB48208F8AE122DD	44894	提升#Atk#的攻击力和#Def#的防御力	Increases Attack by #Atk# and Defense by #Def#.	48	100	52	utf16		
1018	/NGR/Content/Data/DataTables/CombatGrowth/BuffGrowth/DT_BuffGrowth_SummonPuffer	/Game/Data/DataTables/CombatGrowth/BuffGrowth/DT_BuffGrowth_SummonPuffer	989887B4447C547F125B5989A5FE4B94	47352	召唤唤灵后，提升自身#0#的普通攻击伤害，持续#1#秒	Increases Basic Attack damage by #0# for #1#s.	60	98	38	utf16		
1018	/NGR/Content/Data/DataTables/CombatGrowth/BuffGrowth/DT_BuffGrowth_SummonRadishKing	/Game/Data/DataTables/CombatGrowth/BuffGrowth/DT_BuffGrowth_SummonRadishKing	09FBC09C45C96F376A1E7DA91F39E561	108745	提升自身流技强度#Percent#，持续#Time#秒	Increases Skill Power by #Percent# for #Time#s.	60	100	40	utf16		
1018	/NGR/Content/Data/DataTables/CombatGrowth/BuffGrowth/DT_BuffGrowth_SummonRadishKing	/Game/Data/DataTables/CombatGrowth/BuffGrowth/DT_BuffGrowth_SummonRadishKing	561429744C03819DBB505CAF49C85F46	111203	每次完美闪避或化解敌人的攻击会降低唤灵冷却时间#Time#秒	Perfectly Dodging or Negating an attack reduces the Summon Skill's cooldown by #Time#s.	66	180	114	utf16		
1018	/NGR/Content/Data/DataTables/CombatGrowth/BuffGrowth/DT_BuffGrowth_SummonRadishKing	/Game/Data/DataTables/CombatGrowth/BuffGrowth/DT_BuffGrowth_SummonRadishKing	AAA3804E4C80C9B14C8E1A891467F889	113160	唤灵单次伤害降低至#Percent#	Reduces the Summon's single-hit damage to #Percent#.	42	110	68	utf16		
1018	/NGR/Content/Data/DataTables/CombatGrowth/BuffGrowth/DT_BuffGrowth_SummonRadishKing	/Game/Data/DataTables/CombatGrowth/BuffGrowth/DT_BuffGrowth_SummonRadishKing	0CEB39B946F3202665A3D9A528E62809	115040	召唤唤灵后，提升自身流技强度#Percent#，持续#Time#秒	Increases Skill Power by #Percent# for #Time#s.	72	100	28	utf16		
1018	/NGR/Content/Data/DataTables/CombatGrowth/BuffGrowth/DT_BuffGrowth_SummonRadishKing	/Game/Data/DataTables/CombatGrowth/BuffGrowth/DT_BuffGrowth_SummonRadishKing	F3D9DDDA48E5D409F83ED49F79746D75	117377	飞刀最多额外造成两段伤害，伤害降低至基础的#a#，流技伤害提升效果最大叠加层数增加至#b#层	The knife hits up to twice, each dealing #a# of the original damage. The Skill Damage Boost effect stacks up to #b# times.	98	250	152	utf16		
1018	/NGR/Content/Data/DataTables/CombatGrowth/BuffGrowth/DT_BuffGrowth_SummonRedBeast	/Game/Data/DataTables/CombatGrowth/BuffGrowth/DT_BuffGrowth_SummonRedBeast	33073B2E4E07D8F6A3FDDC83DF43EE08	1155	破势强度提升#StaminaBreakPower_Buff#	Increases Stance Broken Fatality by #StaminaBreakPower_Buff#.	66	128	62	utf16		
1018	/NGR/Content/Data/DataTables/CombatGrowth/BuffGrowth/DT_BuffGrowth_SummonRedBeast	/Game/Data/DataTables/CombatGrowth/BuffGrowth/DT_BuffGrowth_SummonRedBeast	42AC97F54336CF3B67FE9386E67CEEE9	3205	破势强度提升#StaminaBreakPower_Buff#	Increases Stance Broken Fatality by #StaminaBreakPower_Buff#.	66	128	62	utf16		
1018	/NGR/Content/Data/DataTables/CombatGrowth/BuffGrowth/DT_BuffGrowth_SummonRedBeast	/Game/Data/DataTables/CombatGrowth/BuffGrowth/DT_BuffGrowth_SummonRedBeast	AAA3ECEA48333508B52B31A49407FF35	5255	破势强度提升#StaminaBreakPower_Buff#	Increases Stance Broken Fatality by #StaminaBreakPower_Buff#.	66	128	62	utf16		
1018	/NGR/Content/Data/DataTables/CombatGrowth/BuffGrowth/DT_BuffGrowth_SummonRedBeast	/Game/Data/DataTables/CombatGrowth/BuffGrowth/DT_BuffGrowth_SummonRedBeast	892AC3D843E25A56705B46A72A8FD615	7305	破势强度提升#StaminaBreakPower_Buff#	Increases Stance Broken Fatality by #StaminaBreakPower_Buff#.	66	128	62	utf16		
1018	/NGR/Content/Data/DataTables/CombatGrowth/BuffGrowth/DT_BuffGrowth_SummonRedBeast	/Game/Data/DataTables/CombatGrowth/BuffGrowth/DT_BuffGrowth_SummonRedBeast	928B4CD54A3CEE8F48E0F99D8952FD3F	9355	破势强度提升#StaminaBreakPower_Buff#	Increases Stance Broken Fatality by #StaminaBreakPower_Buff#.	66	128	62	utf16		
1018	/NGR/Content/Data/DataTables/CombatGrowth/BuffGrowth/DT_BuffGrowth_SummonRedBeast	/Game/Data/DataTables/CombatGrowth/BuffGrowth/DT_BuffGrowth_SummonRedBeast	41E625CD45744F82CD7BAC9E9CD7C0FD	11405	破势强度提升#StaminaBreakPower_Buff#	Increases Stance Broken Fatality by #StaminaBreakPower_Buff#.	66	128	62	utf16		
1018	/NGR/Content/Data/DataTables/CombatGrowth/BuffGrowth/DT_BuffGrowth_SummonRedBeast	/Game/Data/DataTables/CombatGrowth/BuffGrowth/DT_BuffGrowth_SummonRedBeast	91C6F42E4FB10A99CF7A9CBCFAAF1D81	13455	破势强度提升#StaminaBreakPower_Buff#	Increases Stance Broken Fatality by #StaminaBreakPower_Buff#.	66	128	62	utf16		
1018	/NGR/Content/Data/DataTables/CombatGrowth/BuffGrowth/DT_BuffGrowth_SummonRedBeast	/Game/Data/DataTables/CombatGrowth/BuffGrowth/DT_BuffGrowth_SummonRedBeast	B7F134144732C829871341954287C31D	15505	破势强度提升#StaminaBreakPower_Buff#	Increases Stance Broken Fatality by #StaminaBreakPower_Buff#.	66	128	62	utf16		
1018	/NGR/Content/Data/DataTables/CombatGrowth/BuffGrowth/DT_BuffGrowth_SummonRedBeast	/Game/Data/DataTables/CombatGrowth/BuffGrowth/DT_BuffGrowth_SummonRedBeast	7AD53BCD404F014FBB4AECB18ABCE036	17555	破势强度提升#StaminaBreakPower_Buff#	Increases Stance Broken Fatality by #StaminaBreakPower_Buff#.	66	128	62	utf16		
1018	/NGR/Content/Data/DataTables/CombatGrowth/BuffGrowth/DT_BuffGrowth_SummonRedBeast	/Game/Data/DataTables/CombatGrowth/BuffGrowth/DT_BuffGrowth_SummonRedBeast	4F1064CE417D8FDE8C66A69C0E1F5F5A	19605	破势强度提升#StaminaBreakPower_Buff#	Increases Stance Broken Fatality by #StaminaBreakPower_Buff#.	66	128	62	utf16		
1018	/NGR/Content/Data/DataTables/CombatGrowth/BuffGrowth/DT_BuffGrowth_SummonRedBeast	/Game/Data/DataTables/CombatGrowth/BuffGrowth/DT_BuffGrowth_SummonRedBeast	94A003AC445253B7D68248B02363145D	21655	破势强度提升#StaminaBreakPower_Buff#	Increases Stance Broken Fatality by #StaminaBreakPower_Buff#.	66	128	62	utf16		
1018	/NGR/Content/Data/DataTables/CombatGrowth/BuffGrowth/DT_BuffGrowth_SummonRedBeast	/Game/Data/DataTables/CombatGrowth/BuffGrowth/DT_BuffGrowth_SummonRedBeast	EE4F3EBB4DE1C483DF05CB8447F325D3	23705	破势强度提升#StaminaBreakPower_Buff#	Increases Stance Broken Fatality by #StaminaBreakPower_Buff#.	66	128	62	utf16		
1018	/NGR/Content/Data/DataTables/CombatGrowth/BuffGrowth/DT_BuffGrowth_SummonRedBeast	/Game/Data/DataTables/CombatGrowth/BuffGrowth/DT_BuffGrowth_SummonRedBeast	5646FAF243ADD33EFB341CA05898DDC6	25755	破势强度提升#StaminaBreakPower_Buff#	Increases Stance Broken Fatality by #StaminaBreakPower_Buff#.	66	128	62	utf16		
1018	/NGR/Content/Data/DataTables/CombatGrowth/BuffGrowth/DT_BuffGrowth_SummonRedBeast	/Game/Data/DataTables/CombatGrowth/BuffGrowth/DT_BuffGrowth_SummonRedBeast	F38888F6448C3F9B9A35C7844D192F49	27805	破势强度提升#StaminaBreakPower_Buff#	Increases Stance Broken Fatality by #StaminaBreakPower_Buff#.	66	128	62	utf16		
1018	/NGR/Content/Data/DataTables/CombatGrowth/BuffGrowth/DT_BuffGrowth_SummonRedBeast	/Game/Data/DataTables/CombatGrowth/BuffGrowth/DT_BuffGrowth_SummonRedBeast	22BE53A0439FD6057CE48A96ED5B12DA	29855	破势强度提升#StaminaBreakPower_Buff#	Increases Stance Broken Fatality by #StaminaBreakPower_Buff#.	66	128	62	utf16		
1018	/NGR/Content/Data/DataTables/CombatGrowth/BuffGrowth/DT_BuffGrowth_SummonRedBeast	/Game/Data/DataTables/CombatGrowth/BuffGrowth/DT_BuffGrowth_SummonRedBeast	8BF2EF2B4186D2980C8A70AA798DD0BC	31905	破势强度提升#StaminaBreakPower_Buff#	Increases Stance Broken Fatality by #StaminaBreakPower_Buff#.	66	128	62	utf16		
1018	/NGR/Content/Data/DataTables/CombatGrowth/BuffGrowth/DT_BuffGrowth_SummonRedBeast	/Game/Data/DataTables/CombatGrowth/BuffGrowth/DT_BuffGrowth_SummonRedBeast	7B43B18C4B9D2B3B0E7C47947631C5AF	35371	召唤唤灵后，猩红神兽袭击时会附带小陨石雨攻击#0#次，命中时附带#1#易伤效果（不可叠加），持续#2#秒	Brings #0# falling stones, inflicting Vulnerability that increases damage taken by #1# for #2#s.	110	198	88	utf16		
1018	/NGR/Content/Data/DataTables/CombatGrowth/BuffGrowth/DT_BuffGrowth_SummonRedBeast	/Game/Data/DataTables/CombatGrowth/BuffGrowth/DT_BuffGrowth_SummonRedBeast	BDDFF7D245531A1ABD8A37A16F84945D	38213	受到的伤害+#a#	Increases damage taken by #a#.	24	66	42	utf16		
1018	/NGR/Content/Data/DataTables/CombatGrowth/BuffGrowth/DT_BuffGrowth_SummonRedBeast	/Game/Data/DataTables/CombatGrowth/BuffGrowth/DT_BuffGrowth_SummonRedBeast	2FD9F1E5403226B75E2BD6B0D81410A5	40153	【狂暴】持续时间增加#a#秒	Increases Crimson Tempest's duration by #a#s.	34	96	62	utf16		
1018	/NGR/Content/Data/DataTables/CombatGrowth/BuffGrowth/DT_BuffGrowth_SummonRedBeast	/Game/Data/DataTables/CombatGrowth/BuffGrowth/DT_BuffGrowth_SummonRedBeast	F8B0D76B4EFB431BF07A54A4BD19BF53	42023	召唤唤灵后，提升猩红神兽#a#的破势效率	Increases Crimson Beast's Stance Broken Efficiency by #a#.	46	122	76	utf16		
1018	/NGR/Content/Data/DataTables/CombatGrowth/BuffGrowth/DT_BuffGrowth_SummonServantMale_Sword	/Game/Data/DataTables/CombatGrowth/BuffGrowth/DT_BuffGrowth_SummonServantMale_Sword	D35DFCB64B72647F4581C9AF956F9602	1498	怪物#0#秒内破势，周围共鸣#1#提升伤害，持续#2#秒	If any enemy becomes Stance Broken within #0#s, nearby Flow Styles deal #1# more damage for #2#s.	62	200	138	utf16		
1018	/NGR/Content/Data/DataTables/CombatGrowth/BuffGrowth/DT_BuffGrowth_SummonServantMale_Sword	/Game/Data/DataTables/CombatGrowth/BuffGrowth/DT_BuffGrowth_SummonServantMale_Sword	0E7723B5458ADDCAFB748E93D705F433	4302	提升#0#伤害	Increases damage by #0#.	20	54	34	utf16		
1018	/NGR/Content/Data/DataTables/CombatGrowth/BuffGrowth/DT_BuffGrowth_SummonServantMale_Sword	/Game/Data/DataTables/CombatGrowth/BuffGrowth/DT_BuffGrowth_SummonServantMale_Sword	6FE6F973412AE1C8B96F5186988B1074	6295	提升#0#伤害	Increases damage by #0#.	20	54	34	utf16		
1018	/NGR/Content/Data/DataTables/CombatGrowth/BuffGrowth/DT_BuffGrowth_SummonServantMale_Sword	/Game/Data/DataTables/CombatGrowth/BuffGrowth/DT_BuffGrowth_SummonServantMale_Sword	30D319484FDEEEBB36820CAF34500596	8288	提升#0#伤害	Increases damage by #0#.	20	54	34	utf16		
1018	/NGR/Content/Data/DataTables/CombatGrowth/BuffGrowth/DT_BuffGrowth_SummonServantMale_Sword	/Game/Data/DataTables/CombatGrowth/BuffGrowth/DT_BuffGrowth_SummonServantMale_Sword	6AC33D0B4082F68A47972A9584084C48	10281	提升#0#伤害	Increases damage by #0#.	20	54	34	utf16		
1018	/NGR/Content/Data/DataTables/CombatGrowth/BuffGrowth/DT_BuffGrowth_SummonServantMale_Sword	/Game/Data/DataTables/CombatGrowth/BuffGrowth/DT_BuffGrowth_SummonServantMale_Sword	76AC198042E6ED8947391D821ABA33D9	12274	提升#0#伤害	Increases damage by #0#.	20	54	34	utf16		
1018	/NGR/Content/Data/DataTables/CombatGrowth/BuffGrowth/DT_BuffGrowth_SummonServantMale_Sword	/Game/Data/DataTables/CombatGrowth/BuffGrowth/DT_BuffGrowth_SummonServantMale_Sword	1A73C5A543B77289312242B17E50ECBF	14267	提升#0#伤害	Increases damage by #0#.	20	54	34	utf16		
1018	/NGR/Content/Data/DataTables/CombatGrowth/BuffGrowth/DT_BuffGrowth_SummonServantMale_Sword	/Game/Data/DataTables/CombatGrowth/BuffGrowth/DT_BuffGrowth_SummonServantMale_Sword	B1E2A230429DDF815FCD9F8845652D96	16260	提升#0#伤害	Increases damage by #0#.	20	54	34	utf16		
1018	/NGR/Content/Data/DataTables/CombatGrowth/BuffGrowth/DT_BuffGrowth_SummonServantMale_Sword	/Game/Data/DataTables/CombatGrowth/BuffGrowth/DT_BuffGrowth_SummonServantMale_Sword	3DCD942F4AEC7B9D9B2B52AC0B548F3D	18253	提升#0#伤害	Increases damage by #0#.	20	54	34	utf16		
1018	/NGR/Content/Data/DataTables/CombatGrowth/BuffGrowth/DT_BuffGrowth_SummonServantMale_Sword	/Game/Data/DataTables/CombatGrowth/BuffGrowth/DT_BuffGrowth_SummonServantMale_Sword	2CF227594D68FAADABE9B6B7CB38F374	20246	提升#0#伤害	Increases damage by #0#.	20	54	34	utf16		
1018	/NGR/Content/Data/DataTables/CombatGrowth/BuffGrowth/DT_BuffGrowth_SummonServantMale_Sword	/Game/Data/DataTables/CombatGrowth/BuffGrowth/DT_BuffGrowth_SummonServantMale_Sword	A5815C5D471741DDAE828F9F974D83A4	22239	提升#0#伤害	Increases damage by #0#.	20	54	34	utf16		
1018	/NGR/Content/Data/DataTables/CombatGrowth/BuffGrowth/DT_BuffGrowth_SummonServantMale_Sword	/Game/Data/DataTables/CombatGrowth/BuffGrowth/DT_BuffGrowth_SummonServantMale_Sword	2C6ED1FE479D4ADBDBD6C89D605283A3	24232	提升#0#伤害	Increases damage by #0#.	20	54	34	utf16		
1018	/NGR/Content/Data/DataTables/CombatGrowth/BuffGrowth/DT_BuffGrowth_SummonServantMale_Sword	/Game/Data/DataTables/CombatGrowth/BuffGrowth/DT_BuffGrowth_SummonServantMale_Sword	BA01CB2B456FAC836AB1F2A33837F346	26225	提升#0#伤害	Increases damage by #0#.	20	54	34	utf16		
1018	/NGR/Content/Data/DataTables/CombatGrowth/BuffGrowth/DT_BuffGrowth_SummonServantMale_Sword	/Game/Data/DataTables/CombatGrowth/BuffGrowth/DT_BuffGrowth_SummonServantMale_Sword	4B391A484521174CC19166A014099654	28218	提升#0#伤害	Increases damage by #0#.	20	54	34	utf16		
1018	/NGR/Content/Data/DataTables/CombatGrowth/BuffGrowth/DT_BuffGrowth_SummonServantMale_Sword	/Game/Data/DataTables/CombatGrowth/BuffGrowth/DT_BuffGrowth_SummonServantMale_Sword	84FE381A44BD769C0D59B7B2F22D638D	30211	提升#0#伤害	Increases damage by #0#.	20	54	34	utf16		
1018	/NGR/Content/Data/DataTables/CombatGrowth/BuffGrowth/DT_BuffGrowth_SummonServantMale_Sword	/Game/Data/DataTables/CombatGrowth/BuffGrowth/DT_BuffGrowth_SummonServantMale_Sword	BEC5A7E94535F41FCA2058A74E733E69	32204	提升#0#伤害	Increases damage by #0#.	20	54	34	utf16		
1018	/NGR/Content/Data/DataTables/CombatGrowth/BuffGrowth/DT_BuffGrowth_SummonServantMale_Sword	/Game/Data/DataTables/CombatGrowth/BuffGrowth/DT_BuffGrowth_SummonServantMale_Sword	F91B2F0B4269CBBFC9BFCA917C9FD0DB	34197	提升#0#伤害	Increases damage by #0#.	20	54	34	utf16		
1018	/NGR/Content/Data/DataTables/CombatGrowth/BuffGrowth/DT_BuffGrowth_SummonServantMale_Sword	/Game/Data/DataTables/CombatGrowth/BuffGrowth/DT_BuffGrowth_SummonServantMale_Sword	F95F03CF45FC0540D1DD7482EA0F6824	36190	提升#0#攻击	Increases Attack by #0#.	20	54	34	utf16		
1018	/NGR/Content/Data/DataTables/CombatGrowth/BuffGrowth/DT_BuffGrowth_SummonServantMale_Sword	/Game/Data/DataTables/CombatGrowth/BuffGrowth/DT_BuffGrowth_SummonServantMale_Sword	792792B1464A0F9B0E84A4BE4F21B4BD	38177	提升#0#破势效率	Increases Stance Broken Efficiency by #0#.	24	90	66	utf16		
1018	/NGR/Content/Data/DataTables/CombatGrowth/BuffGrowth/DT_BuffGrowth_SummonServantMale_Sword	/Game/Data/DataTables/CombatGrowth/BuffGrowth/DT_BuffGrowth_SummonServantMale_Sword	AEA08FAA4259EFB5610F6C8775CC42AF	40160	共鸣攻击处于破势状态下的目标，提升#1#冷却缩减，持续#2#秒	Attacking enemies with Stance Broken increases Cooldown Reduction by #1# for #2#s.	68	170	102	utf16		
1018	/NGR/Content/Data/DataTables/CombatGrowth/BuffGrowth/DT_BuffGrowth_SummonWanFaZhuLing	/Game/Data/DataTables/CombatGrowth/BuffGrowth/DT_BuffGrowth_SummonWanFaZhuLing	EE979AD848A95C8A47FBA3820E026320	1207	提升#a#的绝技强度	Increases Ultimate Power by #a#.	26	70	44	utf16		
1018	/NGR/Content/Data/DataTables/CombatGrowth/BuffGrowth/DT_BuffGrowth_SummonWanFaZhuLing	/Game/Data/DataTables/CombatGrowth/BuffGrowth/DT_BuffGrowth_SummonWanFaZhuLing	161D5D8B4BF7DC1597F22DB0047F8362	3192	提升#a#的绝技强度	Increases Ultimate Power by #a#.	26	70	44	utf16		
1018	/NGR/Content/Data/DataTables/CombatGrowth/BuffGrowth/DT_BuffGrowth_SummonWanFaZhuLing	/Game/Data/DataTables/CombatGrowth/BuffGrowth/DT_BuffGrowth_SummonWanFaZhuLing	F56AA92946E48AFA579C90AD2D45515A	5177	提升#a#的绝技强度	Increases Ultimate Power by #a#.	26	70	44	utf16		
1018	/NGR/Content/Data/DataTables/CombatGrowth/BuffGrowth/DT_BuffGrowth_SummonWanFaZhuLing	/Game/Data/DataTables/CombatGrowth/BuffGrowth/DT_BuffGrowth_SummonWanFaZhuLing	13FD3B7F4DF2E306B6C7C8876C72EA16	7162	提升#a#的绝技强度	Increases Ultimate Power by #a#.	26	70	44	utf16		
1018	/NGR/Content/Data/DataTables/CombatGrowth/BuffGrowth/DT_BuffGrowth_SummonWanFaZhuLing	/Game/Data/DataTables/CombatGrowth/BuffGrowth/DT_BuffGrowth_SummonWanFaZhuLing	732396304EAAED7372A38BB2B22C0988	9147	提升#a#的绝技强度	Increases Ultimate Power by #a#.	26	70	44	utf16		
1018	/NGR/Content/Data/DataTables/CombatGrowth/BuffGrowth/DT_BuffGrowth_SummonWanFaZhuLing	/Game/Data/DataTables/CombatGrowth/BuffGrowth/DT_BuffGrowth_SummonWanFaZhuLing	381D7CF24BD6AC97117C33BEE01203B6	11132	提升#a#的绝技强度	Increases Ultimate Power by #a#.	26	70	44	utf16		
1018	/NGR/Content/Data/DataTables/CombatGrowth/BuffGrowth/DT_BuffGrowth_SummonWanFaZhuLing	/Game/Data/DataTables/CombatGrowth/BuffGrowth/DT_BuffGrowth_SummonWanFaZhuLing	AC03520F47E78FDA1A2762A20CD7CD8B	13117	提升#a#的绝技强度	Increases Ultimate Power by #a#.	26	70	44	utf16		
1018	/NGR/Content/Data/DataTables/CombatGrowth/BuffGrowth/DT_BuffGrowth_SummonWanFaZhuLing	/Game/Data/DataTables/CombatGrowth/BuffGrowth/DT_BuffGrowth_SummonWanFaZhuLing	48B73E494F6E11989EAD04AC939CEA49	15102	提升#a#的绝技强度	Increases Ultimate Power by #a#.	26	70	44	utf16		
1018	/NGR/Content/Data/DataTables/CombatGrowth/BuffGrowth/DT_BuffGrowth_SummonWanFaZhuLing	/Game/Data/DataTables/CombatGrowth/BuffGrowth/DT_BuffGrowth_SummonWanFaZhuLing	FD8321544DD2C0E3A110EE9352CB0861	17087	提升#a#的绝技强度	Increases Ultimate Power by #a#.	26	70	44	utf16		
1018	/NGR/Content/Data/DataTables/CombatGrowth/BuffGrowth/DT_BuffGrowth_SummonWanFaZhuLing	/Game/Data/DataTables/CombatGrowth/BuffGrowth/DT_BuffGrowth_SummonWanFaZhuLing	41FCC64E4CFD6792F532B6B01FB22047	19072	提升#a#的绝技强度	Increases Ultimate Power by #a#.	26	70	44	utf16		
1018	/NGR/Content/Data/DataTables/CombatGrowth/BuffGrowth/DT_BuffGrowth_SummonWanFaZhuLing	/Game/Data/DataTables/CombatGrowth/BuffGrowth/DT_BuffGrowth_SummonWanFaZhuLing	E9FADC6D4DEC5E6A8339FA8BB915D823	21057	提升#a#的绝技强度	Increases Ultimate Power by #a#.	26	70	44	utf16		
1018	/NGR/Content/Data/DataTables/CombatGrowth/BuffGrowth/DT_BuffGrowth_SummonWanFaZhuLing	/Game/Data/DataTables/CombatGrowth/BuffGrowth/DT_BuffGrowth_SummonWanFaZhuLing	2D9867CC485DB3B899D7A1AFAA1D095E	23042	提升#a#的绝技强度	Increases Ultimate Power by #a#.	26	70	44	utf16		
1018	/NGR/Content/Data/DataTables/CombatGrowth/BuffGrowth/DT_BuffGrowth_SummonWanFaZhuLing	/Game/Data/DataTables/CombatGrowth/BuffGrowth/DT_BuffGrowth_SummonWanFaZhuLing	2E5EC9D74865B9E35D85678C24859D50	25027	提升#a#的绝技强度	Increases Ultimate Power by #a#.	26	70	44	utf16		
1018	/NGR/Content/Data/DataTables/CombatGrowth/BuffGrowth/DT_BuffGrowth_SummonWanFaZhuLing	/Game/Data/DataTables/CombatGrowth/BuffGrowth/DT_BuffGrowth_SummonWanFaZhuLing	7F57BCBD422154814163CAA0E2F1D02B	27012	提升#a#的绝技强度	Increases Ultimate Power by #a#.	26	70	44	utf16		
1018	/NGR/Content/Data/DataTables/CombatGrowth/BuffGrowth/DT_BuffGrowth_SummonWanFaZhuLing	/Game/Data/DataTables/CombatGrowth/BuffGrowth/DT_BuffGrowth_SummonWanFaZhuLing	02A468AA4B061A91A02C5D89357B82C7	28997	提升#a#的绝技强度	Increases Ultimate Power by #a#.	26	70	44	utf16		
1018	/NGR/Content/Data/DataTables/CombatGrowth/BuffGrowth/DT_BuffGrowth_SummonWanFaZhuLing	/Game/Data/DataTables/CombatGrowth/BuffGrowth/DT_BuffGrowth_SummonWanFaZhuLing	3C6D10204054816B558F2F8884F37D89	30982	提升#a#的绝技强度	Increases Ultimate Power by #a#.	26	70	44	utf16		
1018	/NGR/Content/Data/DataTables/CombatGrowth/BuffGrowth/DT_BuffGrowth_SummonWanFaZhuLing	/Game/Data/DataTables/CombatGrowth/BuffGrowth/DT_BuffGrowth_SummonWanFaZhuLing	B9B357E04478EB62CAB688B52F81CAD3	32927	造成绝技伤害时，提升#0#流技强度，持续#1#秒，可叠加#2#层	When the Ultimate deals damage, increases Skill Power by #0# for #1#s, stacking up to #2# times.	70	198	128	utf16		
1018	/NGR/Content/Data/DataTables/CombatGrowth/BuffGrowth/DT_BuffGrowth_SummonWanFaZhuLing	/Game/Data/DataTables/CombatGrowth/BuffGrowth/DT_BuffGrowth_SummonWanFaZhuLing	5BC2FCE645C256CE7B731A89AE8A2FB7	35729	提升#0#流技强度	Increases Skill Power by #0#.	24	64	40	utf16		
1018	/NGR/Content/Data/DataTables/CombatGrowth/BuffGrowth/DT_BuffGrowth_SummonWanFaZhuLing	/Game/Data/DataTables/CombatGrowth/BuffGrowth/DT_BuffGrowth_SummonWanFaZhuLing	D544C75C4EF700C749542CB19817AA07	37660	召唤唤灵后，额外提升自身#0#的绝技强度，持续#1#秒	Increases Ultimate Power by #0# for #1#s.	60	88	28	utf16		
1018	/NGR/Content/Data/DataTables/CombatGrowth/BuffGrowth/DT_BuffGrowth_SummonWanFaZhuLing	/Game/Data/DataTables/CombatGrowth/BuffGrowth/DT_BuffGrowth_SummonWanFaZhuLing	B597D7844377130D160539A8C6FBA831	40032	提升#0#的绝技强度	Increases Ultimate Power by #0#.	26	70	44	utf16		
1018	/NGR/Content/Data/DataTables/CombatGrowth/BuffGrowth/DT_BuffGrowth_SummonXZQH	/Game/Data/DataTables/CombatGrowth/BuffGrowth/DT_BuffGrowth_SummonXZQH	D6557ACC4E6ED22F425B28BFD5AD18AB	1131	【空中支援】会追踪目标，并提高该技能#a#的伤害	Air Support tracks the target and deals #a# more damage.	54	118	64	utf16		
1018	/NGR/Content/Data/DataTables/CombatGrowth/BuffGrowth/DT_BuffGrowth_SummonXZQH	/Game/Data/DataTables/CombatGrowth/BuffGrowth/DT_BuffGrowth_SummonXZQH	8702AC9E47AA355A78ED899F0426A943	3017	召唤唤灵后，会随机追加【河豚手雷】【无敌鲨嘴炮】【火力压制】三个技能中的一个，释放追加技能后，给当前共鸣增加#fire#的灼流强度，持续#time#秒	Randomly uses Blowfish Grenade, Shark Cannon, or Suppressive Fire, and then increases the active Flow Style's Scorch Adeptness by #fire# for #time#s.	156	304	148	utf16		
1018	/NGR/Content/Data/DataTables/CombatGrowth/BuffGrowth/DT_BuffGrowth_SummonXZQH	/Game/Data/DataTables/CombatGrowth/BuffGrowth/DT_BuffGrowth_SummonXZQH	14DC88A6488FA81D8A12439338130A09	5491	增加#fire#的灼流强度	Increases Scorch Adeptness by #fire#.	32	80	48	utf16		
1018	/NGR/Content/Data/DataTables/CombatGrowth/BuffGrowth/DT_BuffGrowth_SummonXZQH	/Game/Data/DataTables/CombatGrowth/BuffGrowth/DT_BuffGrowth_SummonXZQH	AE008217486E77C62DBFA6B4BA038D56	7432	召唤唤灵后，使自身绝技伤害提升#1#，持续#0#秒，期间释放的绝技会减少#2#秒冷却时间	Increases your Ultimates' damage by #1# for #0#s. While active, each time you use an Ultimate, its cooldown is reduced by #2#s.	94	260	166	utf16		
1018	/NGR/Content/Data/DataTables/CombatGrowth/BuffGrowth/DT_BuffGrowth_SummonXZQH	/Game/Data/DataTables/CombatGrowth/BuffGrowth/DT_BuffGrowth_SummonXZQH	4CDE1BDE4250604EA4FF459853CE48F7	10270	绝技伤害提升#1#，期间释放的绝技会减少#2#秒冷却时间	Increases the Ultimate's damage by #1# and reduces the next Ultimate's cooldown by #2#s.	62	182	120	utf16		
1018	/NGR/Content/Data/DataTables/CombatGrowth/BuffGrowth/DT_BuffGrowth_SummonXZQH	/Game/Data/DataTables/CombatGrowth/BuffGrowth/DT_BuffGrowth_SummonXZQH	3596E0F649D04DCC8A783A928D563A23	14116	每次释放流技，增加#Dmg0#的普攻伤害，最多叠加#a#层，持续#Time0#秒	Using a skill increases Basic Attack damage by #Dmg0# for #Time0#s, stacking up to #a# times.	86	192	106	utf16		
1018	/NGR/Content/Data/DataTables/CombatGrowth/BuffGrowth/DT_BuffGrowth_SummonXZQH	/Game/Data/DataTables/CombatGrowth/BuffGrowth/DT_BuffGrowth_SummonXZQH	FE860061476D11C734EC8DBBDE78110B	16941	增加#Dmg0#的普攻伤害	Increases Basic Attack damage by #Dmg0#.	32	86	54	utf16		
1018	/NGR/Content/Data/DataTables/CombatGrowth/BuffGrowth/DT_BuffGrowth_SummonYuanGePuppet	/Game/Data/DataTables/CombatGrowth/BuffGrowth/DT_BuffGrowth_SummonYuanGePuppet	DEDEAD694D4C07EB6DA51A87431A7AB6	1281	受到的流技伤害提升#a#	Taking #a# more damage from skills.	30	76	46	utf16		
1018	/NGR/Content/Data/DataTables/CombatGrowth/BuffGrowth/DT_BuffGrowth_SummonYuanGePuppet	/Game/Data/DataTables/CombatGrowth/BuffGrowth/DT_BuffGrowth_SummonYuanGePuppet	EBFBEAC44F57F16C2C0360ADD5823BDA	3213	受到的流技伤害提升#a#	Taking #a# more damage from skills.	30	76	46	utf16		
1018	/NGR/Content/Data/DataTables/CombatGrowth/BuffGrowth/DT_BuffGrowth_SummonYuanGePuppet	/Game/Data/DataTables/CombatGrowth/BuffGrowth/DT_BuffGrowth_SummonYuanGePuppet	0CE7DFB04D7F153DBBA9DABCAAEACE0B	5145	受到的流技伤害提升#a#	Taking #a# more damage from skills.	30	76	46	utf16		
1018	/NGR/Content/Data/DataTables/CombatGrowth/BuffGrowth/DT_BuffGrowth_SummonYuanGePuppet	/Game/Data/DataTables/CombatGrowth/BuffGrowth/DT_BuffGrowth_SummonYuanGePuppet	61635BE04B06A9329F52A4B3EB01B77F	7077	受到的流技伤害提升#a#	Taking #a# more damage from skills.	30	76	46	utf16		
1018	/NGR/Content/Data/DataTables/CombatGrowth/BuffGrowth/DT_BuffGrowth_SummonYuanGePuppet	/Game/Data/DataTables/CombatGrowth/BuffGrowth/DT_BuffGrowth_SummonYuanGePuppet	E30913154549FB4D2316968EC2966C37	9009	受到的流技伤害提升#a#	Taking #a# more damage from skills.	30	76	46	utf16		
1018	/NGR/Content/Data/DataTables/CombatGrowth/BuffGrowth/DT_BuffGrowth_SummonYuanGePuppet	/Game/Data/DataTables/CombatGrowth/BuffGrowth/DT_BuffGrowth_SummonYuanGePuppet	91FD11C64D0E0BF84D9F2280540EB535	10941	受到的流技伤害提升#a#	Taking #a# more damage from skills.	30	76	46	utf16		
1018	/NGR/Content/Data/DataTables/CombatGrowth/BuffGrowth/DT_BuffGrowth_SummonYuanGePuppet	/Game/Data/DataTables/CombatGrowth/BuffGrowth/DT_BuffGrowth_SummonYuanGePuppet	83FB886247674B4BEE0BCCBBC665ACE6	12873	受到的流技伤害提升#a#	Taking #a# more damage from skills.	30	76	46	utf16		
1018	/NGR/Content/Data/DataTables/CombatGrowth/BuffGrowth/DT_BuffGrowth_SummonYuanGePuppet	/Game/Data/DataTables/CombatGrowth/BuffGrowth/DT_BuffGrowth_SummonYuanGePuppet	1C6F5F1D4A48BAF585ACC4B1FF8C0BEF	14805	受到的流技伤害提升#a#	Taking #a# more damage from skills.	30	76	46	utf16		
1018	/NGR/Content/Data/DataTables/CombatGrowth/BuffGrowth/DT_BuffGrowth_SummonYuanGePuppet	/Game/Data/DataTables/CombatGrowth/BuffGrowth/DT_BuffGrowth_SummonYuanGePuppet	9EDF67CF4435CF53635591BC643E82C8	16737	受到的流技伤害提升#a#	Taking #a# more damage from skills.	30	76	46	utf16		
1018	/NGR/Content/Data/DataTables/CombatGrowth/BuffGrowth/DT_BuffGrowth_SummonYuanGePuppet	/Game/Data/DataTables/CombatGrowth/BuffGrowth/DT_BuffGrowth_SummonYuanGePuppet	784D91EB4B3A478DCB56038094D6B77F	18669	受到的流技伤害提升#a#	Taking #a# more damage from skills.	30	76	46	utf16		
1018	/NGR/Content/Data/DataTables/CombatGrowth/BuffGrowth/DT_BuffGrowth_SummonYuanGePuppet	/Game/Data/DataTables/CombatGrowth/BuffGrowth/DT_BuffGrowth_SummonYuanGePuppet	5B11E2934B4B9EACD3080B87F34292FC	20601	受到的流技伤害提升#a#	Taking #a# more damage from skills.	30	76	46	utf16		
1018	/NGR/Content/Data/DataTables/CombatGrowth/BuffGrowth/DT_BuffGrowth_SummonYuanGePuppet	/Game/Data/DataTables/CombatGrowth/BuffGrowth/DT_BuffGrowth_SummonYuanGePuppet	2BE41FD1433AF60CA7BC9580A4E25FD4	22533	受到的流技伤害提升#a#	Taking #a# more damage from skills.	30	76	46	utf16		
1018	/NGR/Content/Data/DataTables/CombatGrowth/BuffGrowth/DT_BuffGrowth_SummonYuanGePuppet	/Game/Data/DataTables/CombatGrowth/BuffGrowth/DT_BuffGrowth_SummonYuanGePuppet	5C6081FF4A707D029DE16EBFA1978144	24465	受到的流技伤害提升#a#	Taking #a# more damage from skills.	30	76	46	utf16		
1018	/NGR/Content/Data/DataTables/CombatGrowth/BuffGrowth/DT_BuffGrowth_SummonYuanGePuppet	/Game/Data/DataTables/CombatGrowth/BuffGrowth/DT_BuffGrowth_SummonYuanGePuppet	023344554570D9116AD64DBA21FDFE1E	26397	受到的流技伤害提升#a#	Taking #a# more damage from skills.	30	76	46	utf16		
1018	/NGR/Content/Data/DataTables/CombatGrowth/BuffGrowth/DT_BuffGrowth_SummonYuanGePuppet	/Game/Data/DataTables/CombatGrowth/BuffGrowth/DT_BuffGrowth_SummonYuanGePuppet	0F1AACA9425705383AA649847EDEFA5A	28329	受到的流技伤害提升#a#	Taking #a# more damage from skills.	30	76	46	utf16		
1018	/NGR/Content/Data/DataTables/CombatGrowth/BuffGrowth/DT_BuffGrowth_SummonYuanGePuppet	/Game/Data/DataTables/CombatGrowth/BuffGrowth/DT_BuffGrowth_SummonYuanGePuppet	2D1876B7436C2CEA359B4E8A0C3A6D04	30261	受到的流技伤害提升#a#	Taking #a# more damage from skills.	30	76	46	utf16		
1018	/NGR/Content/Data/DataTables/CombatGrowth/BuffGrowth/DT_BuffGrowth_SummonYuanGePuppet	/Game/Data/DataTables/CombatGrowth/BuffGrowth/DT_BuffGrowth_SummonYuanGePuppet	C7EF1794406E6518C9AA32B4AE4A152E	32191	释放绝技后，会获得#0#的冷却缩减，持续#1#秒，同时后台共鸣获得#2#的流技强度加成，持续#3#秒	Using the Ultimate increases Cooldown Reduction by #0# for #1#s and increases the standby Flow Style's Skill Power by #2# for #3#s.	106	268	162	utf16		
1018	/NGR/Content/Data/DataTables/CombatGrowth/BuffGrowth/DT_BuffGrowth_SummonYuanGePuppet	/Game/Data/DataTables/CombatGrowth/BuffGrowth/DT_BuffGrowth_SummonYuanGePuppet	29BD41BC4977F4D5946CFCAD5E4F1EF4	36823	获得#0#的冷却缩减	Increases Cooldown Reduction by #0#.	26	78	52	utf16		
1018	/NGR/Content/Data/DataTables/CombatGrowth/BuffGrowth/DT_BuffGrowth_SummonYuanGePuppet	/Game/Data/DataTables/CombatGrowth/BuffGrowth/DT_BuffGrowth_SummonYuanGePuppet	EC04A1054B859AEDEFBEA0A3014BE0C4	38808	获得#2#的流技强度加成	Increases Skill Power by #2#.	30	64	34	utf16		
1018	/NGR/Content/Data/DataTables/CombatGrowth/BuffGrowth/DT_BuffGrowth_SummonYuanGePuppet	/Game/Data/DataTables/CombatGrowth/BuffGrowth/DT_BuffGrowth_SummonYuanGePuppet	6F99F8B84C34458ED1530B8018EFDC7B	40749	召唤唤灵后，元歌傀儡命中敌方单位，会减少其#1#的防御力，可叠加#2#层，持续#3#秒	When Yango's Puppet hits an enemy, it reduces their Defense by #1# for #3#s, stacking up to #2# times.	92	210	118	utf16		
1018	/NGR/Content/Data/DataTables/CombatGrowth/BuffGrowth/DT_BuffGrowth_Tower	/Game/Data/DataTables/CombatGrowth/BuffGrowth/DT_BuffGrowth_Tower	894EF37747131F8EF65BA6BB5E0CE57F	756	S1使用	Area Buff 1	14	28	14	utf16		
1018	/NGR/Content/Data/DataTables/CombatGrowth/BuffGrowth/DT_BuffGrowth_Tower	/Game/Data/DataTables/CombatGrowth/BuffGrowth/DT_BuffGrowth_Tower	600A9E7A4214B62FE40C70A02F3A0261	871	己方全流强度+30%。	Increases Scorch, Quake, and Psyche Adeptness by #power#.	28	120	92	utf16		
1018	/NGR/Content/Data/DataTables/CombatGrowth/BuffGrowth/DT_BuffGrowth_Tower	/Game/Data/DataTables/CombatGrowth/BuffGrowth/DT_BuffGrowth_Tower	D6127BD8498B78C3D79E51B1A6109194	2755	S1使用	Choice Buff 3	14	32	18	utf16		
1018	/NGR/Content/Data/DataTables/CombatGrowth/BuffGrowth/DT_BuffGrowth_Tower	/Game/Data/DataTables/CombatGrowth/BuffGrowth/DT_BuffGrowth_Tower	EE901D864F3287081D3042B535710820	2870	生命值低于50%时，自身全流强度+50%。	Increases Double Strike Rate by #power1# and Healing Effect by #power2# when Health is lower than #per#.	48	214	166	utf16		
1018	/NGR/Content/Data/DataTables/CombatGrowth/BuffGrowth/DT_BuffGrowth_Tower	/Game/Data/DataTables/CombatGrowth/BuffGrowth/DT_BuffGrowth_Tower	0BC339324043614A9201BAA771898A41	5662	全流强度+50%。	Increases Double Strike Rate by #power1# and Healing Effect by #power2#.	24	150	126	utf16		
1018	/NGR/Content/Data/DataTables/CombatGrowth/BuffGrowth/DT_BuffGrowth_Tower	/Game/Data/DataTables/CombatGrowth/BuffGrowth/DT_BuffGrowth_Tower	F54D0ECF4EBF3919431025ADB2F89F3C	7967	S1使用	Choice Buff 5	14	32	18	utf16		
1018	/NGR/Content/Data/DataTables/CombatGrowth/BuffGrowth/DT_BuffGrowth_Tower	/Game/Data/DataTables/CombatGrowth/BuffGrowth/DT_BuffGrowth_Tower	87675F1C4544720FC45DD89FB18E35BF	9893	暂未使用	Area Buff 2	14	28	14	utf16		
1018	/NGR/Content/Data/DataTables/CombatGrowth/BuffGrowth/DT_BuffGrowth_Tower	/Game/Data/DataTables/CombatGrowth/BuffGrowth/DT_BuffGrowth_Tower	DD6541234DBA19A22D942597A41933F0	10008	暂未使用	Increases Ice, Slash, and Puncture Adeptness by #power#.	14	118	104	utf16		
1018	/NGR/Content/Data/DataTables/CombatGrowth/BuffGrowth/DT_BuffGrowth_Tower	/Game/Data/DataTables/CombatGrowth/BuffGrowth/DT_BuffGrowth_Tower	E887807249177FB3FD69D3B67599B882	12040	暂未使用	Area Buff 3	14	28	14	utf16		
1018	/NGR/Content/Data/DataTables/CombatGrowth/BuffGrowth/DT_BuffGrowth_Tower	/Game/Data/DataTables/CombatGrowth/BuffGrowth/DT_BuffGrowth_Tower	03B2C11848F927A1AF73EDA417BFD658	12155	暂未使用	Increases damage dealt to nearby enemies by #power#.	14	110	96	utf16		
1018	/NGR/Content/Data/DataTables/CombatGrowth/BuffGrowth/DT_BuffGrowth_Tower	/Game/Data/DataTables/CombatGrowth/BuffGrowth/DT_BuffGrowth_Tower	E1236B444866C1F9664909BC0D0A0AD4	13950	暂未使用	Area Buff 4	14	28	14	utf16		
1018	/NGR/Content/Data/DataTables/CombatGrowth/BuffGrowth/DT_BuffGrowth_Tower	/Game/Data/DataTables/CombatGrowth/BuffGrowth/DT_BuffGrowth_Tower	61D2F96F4F1C2A8574A3A190F0FA9DCD	14065	暂未使用	Increases damage dealt to distant enemies by #power#.	14	112	98	utf16		
1018	/NGR/Content/Data/DataTables/CombatGrowth/BuffGrowth/DT_BuffGrowth_Tower	/Game/Data/DataTables/CombatGrowth/BuffGrowth/DT_BuffGrowth_Tower	F6FBE1DC4B82A789966AFD87E1799CB8	15852	暂未使用	Area Buff 5	14	28	14	utf16		
1018	/NGR/Content/Data/DataTables/CombatGrowth/BuffGrowth/DT_BuffGrowth_Tower	/Game/Data/DataTables/CombatGrowth/BuffGrowth/DT_BuffGrowth_Tower	A45BBD24442DEC5004AB46A4DBB7B18B	15967	暂未使用	Increases Damage Reduction by #power1# and Battle Recovery by #power2#.	14	148	134	utf16		
1018	/NGR/Content/Data/DataTables/CombatGrowth/BuffGrowth/DT_BuffGrowth_Tower	/Game/Data/DataTables/CombatGrowth/BuffGrowth/DT_BuffGrowth_Tower	94B7423B4D8FB50269D66B89149111A8	18346	暂未使用	Area Buff 6	14	28	14	utf16		
1018	/NGR/Content/Data/DataTables/CombatGrowth/BuffGrowth/DT_BuffGrowth_Tower	/Game/Data/DataTables/CombatGrowth/BuffGrowth/DT_BuffGrowth_Tower	50E1C3C341F6978378B39D9516D8F596	18461	暂未使用	Increases damage dealt to Stance Broken enemies by #power#.	14	124	110	utf16		
1018	/NGR/Content/Data/DataTables/CombatGrowth/BuffGrowth/DT_BuffGrowth_Tower	/Game/Data/DataTables/CombatGrowth/BuffGrowth/DT_BuffGrowth_Tower	F7A499CE49B578B2A60BDAB3EB2012F5	20248	暂未使用	Choice Buff 1	14	32	18	utf16		
1018	/NGR/Content/Data/DataTables/CombatGrowth/BuffGrowth/DT_BuffGrowth_Tower	/Game/Data/DataTables/CombatGrowth/BuffGrowth/DT_BuffGrowth_Tower	1323893F42C0A21BCB69CCB26460179B	20363	暂未使用	Increases Ultimate Recharge by #power1# and Skill Power by #power2#.	14	142	128	utf16		
1018	/NGR/Content/Data/DataTables/CombatGrowth/BuffGrowth/DT_BuffGrowth_Tower	/Game/Data/DataTables/CombatGrowth/BuffGrowth/DT_BuffGrowth_Tower	20FF74134303CD5C0566F48E1D40EE43	22738	暂未使用	Choice Buff 2	14	32	18	utf16		
1018	/NGR/Content/Data/DataTables/CombatGrowth/BuffGrowth/DT_BuffGrowth_Tower	/Game/Data/DataTables/CombatGrowth/BuffGrowth/DT_BuffGrowth_Tower	C49A7DA04B4C567BEEA0C1BAC3BEC84C	22853	暂未使用	Increases Defense by #power1# and Shield Effect by #power2#.	14	126	112	utf16		
1018	/NGR/Content/Data/DataTables/CombatGrowth/BuffGrowth/Equipment/DT_BuffGrowth_Equipment_benzizhang	/Game/Data/DataTables/CombatGrowth/BuffGrowth/Equipment/DT_BuffGrowth_Equipment_benzizhang	72107FA644BD2BBD8EB8E39AA30D9F2F	125020	共鸣当前生命值越低冷却缩减越高，每降低#HPPer#将提升#CoolDownReductionPer_Buff#冷却缩减，最多提升#MaxCoolDownReductionPer_Buff#	Every #HPPer# lost Health increases the Flow Style's Cooldown Reduction by #CoolDownReductionPer_Buff#, up to #MaxCoolDownReductionPer_Buff#.	196	288	92	utf16		
1018	/NGR/Content/Data/DataTables/CombatGrowth/BuffGrowth/Equipment/DT_BuffGrowth_Equipment_benzizhang	/Game/Data/DataTables/CombatGrowth/BuffGrowth/Equipment/DT_BuffGrowth_Equipment_benzizhang	309F997D405AE1F886A7499767728EED	127963	共鸣当前生命值越低冷却缩减越高，每降低#HPPer#将提升#CoolDownReductionPer_Buff#冷却缩减，最多提升#MaxCoolDownReductionPer_Buff#	Every #HPPer# lost Health increases the Flow Style's Cooldown Reduction by #CoolDownReductionPer_Buff#, up to #MaxCoolDownReductionPer_Buff#.	196	288	92	utf16		
1018	/NGR/Content/Data/DataTables/CombatGrowth/BuffGrowth/Equipment/DT_BuffGrowth_Equipment_benzizhang	/Game/Data/DataTables/CombatGrowth/BuffGrowth/Equipment/DT_BuffGrowth_Equipment_benzizhang	82B7EAB94940FE36A241FBA828AE5114	130906	共鸣当前生命值越低冷却缩减越高，每降低#HPPer#将提升#CoolDownReductionPer_Buff#冷却缩减，最多提升#MaxCoolDownReductionPer_Buff#	Every #HPPer# lost Health increases the Flow Style's Cooldown Reduction by #CoolDownReductionPer_Buff#, up to #MaxCoolDownReductionPer_Buff#.	196	288	92	utf16		
1018	/NGR/Content/Data/DataTables/CombatGrowth/BuffGrowth/Equipment/DT_BuffGrowth_Equipment_benzizhang	/Game/Data/DataTables/CombatGrowth/BuffGrowth/Equipment/DT_BuffGrowth_Equipment_benzizhang	A5A6B5AE4A4843286609C58FE3A3968E	133849	共鸣当前生命值越低冷却缩减越高，每降低#HPPer#将提升#CoolDownReductionPer_Buff#冷却缩减，最多提升#MaxCoolDownReductionPer_Buff#	Every #HPPer# lost Health increases the Flow Style's Cooldown Reduction by #CoolDownReductionPer_Buff#, up to #MaxCoolDownReductionPer_Buff#.	196	288	92	utf16		
1018	/NGR/Content/Data/DataTables/CombatGrowth/BuffGrowth/Equipment/DT_BuffGrowth_Equipment_benzizhang	/Game/Data/DataTables/CombatGrowth/BuffGrowth/Equipment/DT_BuffGrowth_Equipment_benzizhang	7DCCD76F44CC388C9F57DA8752389EC5	136792	共鸣当前生命值越低冷却缩减越高，每降低#HPPer#将提升#CoolDownReductionPer_Buff#冷却缩减，最多提升#MaxCoolDownReductionPer_Buff#	Every #HPPer# lost Health increases the Flow Style's Cooldown Reduction by #CoolDownReductionPer_Buff#, up to #MaxCoolDownReductionPer_Buff#.	196	288	92	utf16		
1018	/NGR/Content/Data/DataTables/CombatGrowth/BuffGrowth/Equipment/DT_BuffGrowth_Equipment_benzizhang	/Game/Data/DataTables/CombatGrowth/BuffGrowth/Equipment/DT_BuffGrowth_Equipment_benzizhang	E97D3D25449B1A6F4BC1A2AF311D20F7	139735	共鸣当前生命值越低冷却缩减越高，每降低#HPPer#将提升#CoolDownReductionPer_Buff#冷却缩减，最多提升#MaxCoolDownReductionPer_Buff#	Every #HPPer# lost Health increases the Flow Style's Cooldown Reduction by #CoolDownReductionPer_Buff#, up to #MaxCoolDownReductionPer_Buff#.	196	288	92	utf16		
1018	/NGR/Content/Data/DataTables/CombatGrowth/BuffGrowth/Equipment/DT_BuffGrowth_Equipment_benzizhang	/Game/Data/DataTables/CombatGrowth/BuffGrowth/Equipment/DT_BuffGrowth_Equipment_benzizhang	76E130C149A49A52CA0BA882109E1609	142678	共鸣当前生命值越低冷却缩减越高，每降低#HPPer#将提升#CoolDownReductionPer_Buff#冷却缩减，最多提升#MaxCoolDownReductionPer_Buff#	Every #HPPer# lost Health increases the Flow Style's Cooldown Reduction by #CoolDownReductionPer_Buff#, up to #MaxCoolDownReductionPer_Buff#.	196	288	92	utf16		
1018	/NGR/Content/Data/DataTables/CombatGrowth/BuffGrowth/Equipment/DT_BuffGrowth_Equipment_benzizhang	/Game/Data/DataTables/CombatGrowth/BuffGrowth/Equipment/DT_BuffGrowth_Equipment_benzizhang	A61340B84F6CC7728C9AD89150954C62	145621	共鸣当前生命值越低冷却缩减越高，每降低#HPPer#将提升#CoolDownReductionPer_Buff#冷却缩减，最多提升#MaxCoolDownReductionPer_Buff#	Every #HPPer# lost Health increases the Flow Style's Cooldown Reduction by #CoolDownReductionPer_Buff#, up to #MaxCoolDownReductionPer_Buff#.	196	288	92	utf16		
1018	/NGR/Content/Data/DataTables/CombatGrowth/BuffGrowth/Equipment/DT_BuffGrowth_Equipment_benzizhang	/Game/Data/DataTables/CombatGrowth/BuffGrowth/Equipment/DT_BuffGrowth_Equipment_benzizhang	0603384641117F83C7CC64ADFB3C0A77	148564	共鸣当前生命值越低冷却缩减越高，每降低#HPPer#将提升#CoolDownReductionPer_Buff#冷却缩减，最多提升#MaxCoolDownReductionPer_Buff#	Every #HPPer# lost Health increases the Flow Style's Cooldown Reduction by #CoolDownReductionPer_Buff#, up to #MaxCoolDownReductionPer_Buff#.	196	288	92	utf16		
1018	/NGR/Content/Data/DataTables/CombatGrowth/BuffGrowth/Equipment/DT_BuffGrowth_Equipment_benzizhang	/Game/Data/DataTables/CombatGrowth/BuffGrowth/Equipment/DT_BuffGrowth_Equipment_benzizhang	7D81CDC0443223BD850762A9B058FF3E	151507	共鸣当前生命值越低冷却缩减越高，每降低#HPPer#将提升#CoolDownReductionPer_Buff#冷却缩减，最多提升#MaxCoolDownReductionPer_Buff#	Every #HPPer# lost Health increases the Flow Style's Cooldown Reduction by #CoolDownReductionPer_Buff#, up to #MaxCoolDownReductionPer_Buff#.	196	288	92	utf16		
1018	/NGR/Content/Data/DataTables/CombatGrowth/BuffGrowth/Equipment/DT_BuffGrowth_Equipment_benzizhang	/Game/Data/DataTables/CombatGrowth/BuffGrowth/Equipment/DT_BuffGrowth_Equipment_benzizhang	A35392194780E7D9FC474FB3BF0E611A	154450	共鸣当前生命值越低冷却缩减越高，每降低#HPPer#将提升#CoolDownReductionPer_Buff#冷却缩减，最多提升#MaxCoolDownReductionPer_Buff#	Every #HPPer# lost Health increases the Flow Style's Cooldown Reduction by #CoolDownReductionPer_Buff#, up to #MaxCoolDownReductionPer_Buff#.	196	288	92	utf16		
1018	/NGR/Content/Data/DataTables/CombatGrowth/BuffGrowth/Equipment/DT_BuffGrowth_Equipment_benzizhang	/Game/Data/DataTables/CombatGrowth/BuffGrowth/Equipment/DT_BuffGrowth_Equipment_benzizhang	CAFA268C4647051B4D7E7797E0F2253E	157393	共鸣当前生命值越低冷却缩减越高，每降低#HPPer#将提升#CoolDownReductionPer_Buff#冷却缩减，最多提升#MaxCoolDownReductionPer_Buff#	Every #HPPer# lost Health increases the Flow Style's Cooldown Reduction by #CoolDownReductionPer_Buff#, up to #MaxCoolDownReductionPer_Buff#.	196	288	92	utf16		
1018	/NGR/Content/Data/DataTables/CombatGrowth/BuffGrowth/Equipment/DT_BuffGrowth_Equipment_benzizhang	/Game/Data/DataTables/CombatGrowth/BuffGrowth/Equipment/DT_BuffGrowth_Equipment_benzizhang	1DAFFEEB4A7AFB3768462CA11CBB5295	160336	共鸣当前生命值越低冷却缩减越高，每降低#HPPer#将提升#CoolDownReductionPer_Buff#冷却缩减，最多提升#MaxCoolDownReductionPer_Buff#	Every #HPPer# lost Health increases the Flow Style's Cooldown Reduction by #CoolDownReductionPer_Buff#, up to #MaxCoolDownReductionPer_Buff#.	196	288	92	utf16		
1018	/NGR/Content/Data/DataTables/CombatGrowth/BuffGrowth/Equipment/DT_BuffGrowth_Equipment_benzizhang	/Game/Data/DataTables/CombatGrowth/BuffGrowth/Equipment/DT_BuffGrowth_Equipment_benzizhang	5FA53E4E435EB6544D201A99DDB2458C	622268	下一次流技伤害提升#Damage#	The next skill deals #Damage# more damage. This effect can be triggered once every #time#s.	40	188	148	utf16		
1018	/NGR/Content/Data/DataTables/CombatGrowth/BuffGrowth/Equipment/DT_BuffGrowth_Equipment_benzizhang	/Game/Data/DataTables/CombatGrowth/BuffGrowth/Equipment/DT_BuffGrowth_Equipment_benzizhang	6F72565144AF2A26A3650495596665F3	651200	护盾存在期间提升前后台共鸣#IgnoreDefenseRite_Buff#的无视防御。	When you have a Shield, your Flow Styles' Defense Pierce is increased by #IgnoreDefenseRite_Buff#.	92	202	110	utf16		
1018	/NGR/Content/Data/DataTables/CombatGrowth/BuffGrowth/Equipment/DT_BuffGrowth_Equipment_benzizhang	/Game/Data/DataTables/CombatGrowth/BuffGrowth/Equipment/DT_BuffGrowth_Equipment_benzizhang	13D6C2184928F11991DDCCBACE4C2A7E	659192	提升#IgnoreDef1#无视防御。	Increases Defense Pierce by #IgnoreDef1#.	44	88	44	utf16		
1018	/NGR/Content/Data/DataTables/CombatGrowth/BuffGrowth/Equipment/DT_BuffGrowth_Equipment_benzizhang	/Game/Data/DataTables/CombatGrowth/BuffGrowth/Equipment/DT_BuffGrowth_Equipment_benzizhang	E6A9719B4DA0FACC14E3CBBF9B958B1B	662625	护盾存在期间提升前后台共鸣#IgnoreDefenseRite_Buff#的无视防御	When you have a Shield, your Flow Styles' Defense Pierce is increased by #IgnoreDefenseRite_Buff#.	90	202	112	utf16		
1018	/NGR/Content/Data/DataTables/CombatGrowth/BuffGrowth/Equipment/DT_BuffGrowth_Equipment_benzizhang	/Game/Data/DataTables/CombatGrowth/BuffGrowth/Equipment/DT_BuffGrowth_Equipment_benzizhang	1BC63444450000D93F392E8F614D8912	737085	绝技无视防御+#IgnoreDefenseRite_Buff#	Increases Ultimate Defense Pierce by #IgnoreDefenseRite_Buff#.	68	130	62	utf16		
1018	/NGR/Content/Data/DataTables/CombatGrowth/BuffGrowth/Equipment/DT_BuffGrowth_Equipment_benzizhang	/Game/Data/DataTables/CombatGrowth/BuffGrowth/Equipment/DT_BuffGrowth_Equipment_benzizhang	BC9DDF9649BD49E16845FEBFD9D5B4D3	739060	绝技无视防御+#IgnoreDefenseRite_Buff#	Increases Ultimate Defense Pierce by #IgnoreDefenseRite_Buff#.	68	130	62	utf16		
1018	/NGR/Content/Data/DataTables/CombatGrowth/BuffGrowth/Equipment/DT_BuffGrowth_Equipment_jackwzzheng	/Game/Data/DataTables/CombatGrowth/BuffGrowth/Equipment/DT_BuffGrowth_Equipment_jackwzzheng	7D64568D4DA2CBAE3D48BEA8C744071A	117699	共鸣攻击处于破势状态下的目标，提升#1#冷却缩减，持续#2#秒	Attacking enemies with Stance Broken increases Cooldown Reduction by #1# for #2#s.	68	170	102	utf16		
1018	/NGR/Content/Data/DataTables/CombatGrowth/BuffGrowth/Equipment/DT_BuffGrowth_Equipment_jackwzzheng	/Game/Data/DataTables/CombatGrowth/BuffGrowth/Equipment/DT_BuffGrowth_Equipment_jackwzzheng	7675693E4C22A88636FD0B8786E7304F	120075	共鸣攻击处于破势状态下的目标，提升#1#冷却缩减，持续#2#秒	Attacking enemies with Stance Broken increases Cooldown Reduction by #1# for #2#s.	68	170	102	utf16		
1018	/NGR/Content/Data/DataTables/CombatGrowth/BuffGrowth/Equipment/DT_BuffGrowth_Equipment_jackwzzheng	/Game/Data/DataTables/CombatGrowth/BuffGrowth/Equipment/DT_BuffGrowth_Equipment_jackwzzheng	CEE9A32B45B1D34D68F6039B575B3D39	123299	共鸣攻击处于破势状态下的目标，提升#1#冷却缩减，持续#2#秒	Attacking enemies with Stance Broken increases Cooldown Reduction by #1# for #2#s.	68	170	102	utf16		
1018	/NGR/Content/Data/DataTables/CombatGrowth/BuffGrowth/Equipment/DT_BuffGrowth_Equipment_jackwzzheng	/Game/Data/DataTables/CombatGrowth/BuffGrowth/Equipment/DT_BuffGrowth_Equipment_jackwzzheng	760F41024C7C40FE0523AC93E12EAB81	126523	共鸣攻击处于破势状态下的目标，提升#1#冷却缩减，持续#2#秒	Attacking enemies with Stance Broken increases Cooldown Reduction by #1# for #2#s.	68	170	102	utf16		
1018	/NGR/Content/Data/DataTables/CombatGrowth/BuffGrowth/Equipment/DT_BuffGrowth_Equipment_jackwzzheng	/Game/Data/DataTables/CombatGrowth/BuffGrowth/Equipment/DT_BuffGrowth_Equipment_jackwzzheng	2323339B43A71EEACA5D8B850E609F1B	129747	共鸣攻击处于破势状态下的目标，提升#1#冷却缩减，持续#2#秒	Attacking enemies with Stance Broken increases Cooldown Reduction by #1# for #2#s.	68	170	102	utf16		
1018	/NGR/Content/Data/DataTables/CombatGrowth/BuffGrowth/Equipment/DT_BuffGrowth_Equipment_jackwzzheng	/Game/Data/DataTables/CombatGrowth/BuffGrowth/Equipment/DT_BuffGrowth_Equipment_jackwzzheng	0F46F616444E4496BE28D3889015BAAD	132971	共鸣攻击处于破势状态下的目标，提升#1#冷却缩减，持续#2#秒	Attacking enemies with Stance Broken increases Cooldown Reduction by #1# for #2#s.	68	170	102	utf16		
1018	/NGR/Content/Data/DataTables/CombatGrowth/BuffGrowth/Equipment/DT_BuffGrowth_Equipment_jackwzzheng	/Game/Data/DataTables/CombatGrowth/BuffGrowth/Equipment/DT_BuffGrowth_Equipment_jackwzzheng	B9CAF783495DBCBDAC4D7E81BC73746E	136195	共鸣攻击处于破势状态下的目标，提升#1#冷却缩减，持续#2#秒	Attacking enemies with Stance Broken increases Cooldown Reduction by #1# for #2#s.	68	170	102	utf16		
1018	/NGR/Content/Data/DataTables/CombatGrowth/BuffGrowth/Equipment/DT_BuffGrowth_Equipment_jackwzzheng	/Game/Data/DataTables/CombatGrowth/BuffGrowth/Equipment/DT_BuffGrowth_Equipment_jackwzzheng	2465ECD741B1B23418C79D92BE6AA5B1	139419	共鸣攻击处于破势状态下的目标，提升#1#冷却缩减，持续#2#秒	Attacking enemies with Stance Broken increases Cooldown Reduction by #1# for #2#s.	68	170	102	utf16		
1018	/NGR/Content/Data/DataTables/CombatGrowth/BuffGrowth/Equipment/DT_BuffGrowth_Equipment_jackwzzheng	/Game/Data/DataTables/CombatGrowth/BuffGrowth/Equipment/DT_BuffGrowth_Equipment_jackwzzheng	F809453D47E4CB2908877F833B54781B	142643	共鸣攻击处于破势状态下的目标，提升#1#冷却缩减，持续#2#秒	Attacking enemies with Stance Broken increases Cooldown Reduction by #1# for #2#s.	68	170	102	utf16		
1018	/NGR/Content/Data/DataTables/CombatGrowth/BuffGrowth/Equipment/DT_BuffGrowth_Equipment_jackwzzheng	/Game/Data/DataTables/CombatGrowth/BuffGrowth/Equipment/DT_BuffGrowth_Equipment_jackwzzheng	324CA1A54F3B22013D2248A48CDF4915	145867	共鸣攻击处于破势状态下的目标，提升#1#冷却缩减，持续#2#秒	Attacking enemies with Stance Broken increases Cooldown Reduction by #1# for #2#s.	68	170	102	utf16		
1018	/NGR/Content/Data/DataTables/CombatGrowth/BuffGrowth/Equipment/DT_BuffGrowth_Equipment_jackwzzheng	/Game/Data/DataTables/CombatGrowth/BuffGrowth/Equipment/DT_BuffGrowth_Equipment_jackwzzheng	607486F84F2586D73D270E863D6950F8	149091	共鸣攻击处于破势状态下的目标，提升#1#冷却缩减，持续#2#秒	Attacking enemies with Stance Broken increases Cooldown Reduction by #1# for #2#s.	68	170	102	utf16		
1018	/NGR/Content/Data/DataTables/CombatGrowth/BuffGrowth/Equipment/DT_BuffGrowth_Equipment_jackwzzheng	/Game/Data/DataTables/CombatGrowth/BuffGrowth/Equipment/DT_BuffGrowth_Equipment_jackwzzheng	8569D0C84633014ED4180CAAAEF22AD4	152315	共鸣攻击处于破势状态下的目标，提升#1#冷却缩减，持续#2#秒	Attacking enemies with Stance Broken increases Cooldown Reduction by #1# for #2#s.	68	170	102	utf16		
1018	/NGR/Content/Data/DataTables/CombatGrowth/BuffGrowth/Equipment/DT_BuffGrowth_Equipment_lfcheng	/Game/Data/DataTables/CombatGrowth/BuffGrowth/Equipment/DT_BuffGrowth_Equipment_lfcheng	ED74136F4F7DD8B2684C81A874AB976A	71451	自身生命变化时，提升#Attack_Buff#攻击力和#SkillEnergyEfficiency_Buff#绝技充能效率，持续#Time#秒，最多叠加#Stack#层	When Health changes, increases Attack by #Attack_Buff# and Ultimate Recharge by #SkillEnergyEfficiency_Buff# for #Time#s. This effect can stack up to #Stack# times.	174	334	160	utf16		
1018	/NGR/Content/Data/DataTables/CombatGrowth/BuffGrowth/Equipment/DT_BuffGrowth_Equipment_lfcheng	/Game/Data/DataTables/CombatGrowth/BuffGrowth/Equipment/DT_BuffGrowth_Equipment_lfcheng	1F801E134C0F88ACB92CB58A876EDE1D	74827	自身生命变化时，提升#Attack_Buff#攻击力和#SkillEnergyEfficiency_Buff#绝技充能效率，持续#Time#秒，最多叠加#Stack#层	When Health changes, increases Attack by #Attack_Buff# and Ultimate Recharge by #SkillEnergyEfficiency_Buff# for #Time#s. This effect can stack up to #Stack# times.	174	334	160	utf16		
1018	/NGR/Content/Data/DataTables/CombatGrowth/BuffGrowth/Equipment/DT_BuffGrowth_Equipment_lfcheng	/Game/Data/DataTables/CombatGrowth/BuffGrowth/Equipment/DT_BuffGrowth_Equipment_lfcheng	BEB667F142727A16872120965FBF0F26	78203	自身生命变化时，提升#Attack_Buff#攻击力和#SkillEnergyEfficiency_Buff#绝技充能效率，持续#Time#秒，最多叠加#Stack#层	When Health changes, increases Attack by #Attack_Buff# and Ultimate Recharge by #SkillEnergyEfficiency_Buff# for #Time#s. This effect can stack up to #Stack# times.	174	334	160	utf16		
1018	/NGR/Content/Data/DataTables/CombatGrowth/BuffGrowth/Equipment/DT_BuffGrowth_Equipment_lfcheng	/Game/Data/DataTables/CombatGrowth/BuffGrowth/Equipment/DT_BuffGrowth_Equipment_lfcheng	B7283CA94F45EECA6EE190B6E8CAE2B4	81579	自身生命变化时，提升#Attack_Buff#攻击力和#SkillEnergyEfficiency_Buff#绝技充能效率，持续#Time#秒，最多叠加#Stack#层	When Health changes, increases Attack by #Attack_Buff# and Ultimate Recharge by #SkillEnergyEfficiency_Buff# for #Time#s. This effect can stack up to #Stack# times.	174	334	160	utf16		
1018	/NGR/Content/Data/DataTables/CombatGrowth/BuffGrowth/Equipment/DT_BuffGrowth_Equipment_lfcheng	/Game/Data/DataTables/CombatGrowth/BuffGrowth/Equipment/DT_BuffGrowth_Equipment_lfcheng	ED3EF92C4819078AAD280CB6D3A49FC7	84955	自身生命变化时，提升#Attack_Buff#攻击力和#SkillEnergyEfficiency_Buff#绝技充能效率，持续#Time#秒，最多叠加#Stack#层	When Health changes, increases Attack by #Attack_Buff# and Ultimate Recharge by #SkillEnergyEfficiency_Buff# for #Time#s. This effect can stack up to #Stack# times.	174	334	160	utf16		
1018	/NGR/Content/Data/DataTables/CombatGrowth/BuffGrowth/Equipment/DT_BuffGrowth_Equipment_lfcheng	/Game/Data/DataTables/CombatGrowth/BuffGrowth/Equipment/DT_BuffGrowth_Equipment_lfcheng	60B2A89842E1AA28B2DBBE8C135423EE	88331	自身生命变化时，提升#Attack_Buff#攻击力和#SkillEnergyEfficiency_Buff#绝技充能效率，持续#Time#秒，最多叠加#Stack#层	When Health changes, increases Attack by #Attack_Buff# and Ultimate Recharge by #SkillEnergyEfficiency_Buff# for #Time#s. This effect can stack up to #Stack# times.	174	334	160	utf16		
1018	/NGR/Content/Data/DataTables/CombatGrowth/BuffGrowth/Equipment/DT_BuffGrowth_Equipment_lfcheng	/Game/Data/DataTables/CombatGrowth/BuffGrowth/Equipment/DT_BuffGrowth_Equipment_lfcheng	81048A41499ADAB4974033866EFB5BB4	91707	自身生命变化时，提升#Attack_Buff#攻击力和#SkillEnergyEfficiency_Buff#绝技充能效率，持续#Time#秒，最多叠加#Stack#层	When Health changes, increases Attack by #Attack_Buff# and Ultimate Recharge by #SkillEnergyEfficiency_Buff# for #Time#s. This effect can stack up to #Stack# times.	174	334	160	utf16		
1018	/NGR/Content/Data/DataTables/CombatGrowth/BuffGrowth/Equipment/DT_BuffGrowth_Equipment_lfcheng	/Game/Data/DataTables/CombatGrowth/BuffGrowth/Equipment/DT_BuffGrowth_Equipment_lfcheng	A0305644419FCD7C507D8D8584A2715B	95083	自身生命变化时，提升#Attack_Buff#攻击力和#SkillEnergyEfficiency_Buff#绝技充能效率，持续#Time#秒，最多叠加#Stack#层	When Health changes, increases Attack by #Attack_Buff# and Ultimate Recharge by #SkillEnergyEfficiency_Buff# for #Time#s. This effect can stack up to #Stack# times.	174	334	160	utf16		
1018	/NGR/Content/Data/DataTables/CombatGrowth/BuffGrowth/Equipment/DT_BuffGrowth_Equipment_lfcheng	/Game/Data/DataTables/CombatGrowth/BuffGrowth/Equipment/DT_BuffGrowth_Equipment_lfcheng	2EE8D4E640D8DA59F87EB4AF849FD1DA	98459	自身生命变化时，提升#Attack_Buff#攻击力和#SkillEnergyEfficiency_Buff#绝技充能效率，持续#Time#秒，最多叠加#Stack#层	When Health changes, increases Attack by #Attack_Buff# and Ultimate Recharge by #SkillEnergyEfficiency_Buff# for #Time#s. This effect can stack up to #Stack# times.	174	334	160	utf16		
1018	/NGR/Content/Data/DataTables/CombatGrowth/BuffGrowth/Equipment/DT_BuffGrowth_Equipment_lfcheng	/Game/Data/DataTables/CombatGrowth/BuffGrowth/Equipment/DT_BuffGrowth_Equipment_lfcheng	654C7B01400DE2F96CAA849EE8AB144A	101835	自身生命变化时，提升#Attack_Buff#攻击力和#SkillEnergyEfficiency_Buff#绝技充能效率，持续#Time#秒，最多叠加#Stack#层	When Health changes, increases Attack by #Attack_Buff# and Ultimate Recharge by #SkillEnergyEfficiency_Buff# for #Time#s. This effect can stack up to #Stack# times.	174	334	160	utf16		
1018	/NGR/Content/Data/DataTables/CombatGrowth/BuffGrowth/Equipment/DT_BuffGrowth_Equipment_lfcheng	/Game/Data/DataTables/CombatGrowth/BuffGrowth/Equipment/DT_BuffGrowth_Equipment_lfcheng	EDEE12F4425C61ED533572810183D51B	105211	自身生命变化时，提升#Attack_Buff#攻击力和#SkillEnergyEfficiency_Buff#绝技充能效率，持续#Time#秒，最多叠加#Stack#层	When Health changes, increases Attack by #Attack_Buff# and Ultimate Recharge by #SkillEnergyEfficiency_Buff# for #Time#s. This effect can stack up to #Stack# times.	174	334	160	utf16		
1018	/NGR/Content/Data/DataTables/CombatGrowth/BuffGrowth/Equipment/DT_BuffGrowth_Equipment_lfcheng	/Game/Data/DataTables/CombatGrowth/BuffGrowth/Equipment/DT_BuffGrowth_Equipment_lfcheng	E348079546E7BC9075BD3CA1CB66A453	108587	自身生命变化时，提升#Attack_Buff#攻击力和#SkillEnergyEfficiency_Buff#绝技充能效率，持续#Time#秒，最多叠加#Stack#层	When Health changes, increases Attack by #Attack_Buff# and Ultimate Recharge by #SkillEnergyEfficiency_Buff# for #Time#s. This effect can stack up to #Stack# times.	174	334	160	utf16		
1018	/NGR/Content/Data/DataTables/CombatGrowth/BuffGrowth/Equipment/DT_BuffGrowth_Equipment_lfcheng	/Game/Data/DataTables/CombatGrowth/BuffGrowth/Equipment/DT_BuffGrowth_Equipment_lfcheng	53B9D44C4C81BFC6B47210AD00635123	282303	每层流技强度+#SkillPower_Buff#	Increases Skill Power by #SkillPower_Buff#.	54	92	38	utf16		
1018	/NGR/Content/Data/DataTables/CombatGrowth/BuffGrowth/Equipment/DT_BuffGrowth_Equipment_lfcheng	/Game/Data/DataTables/CombatGrowth/BuffGrowth/Equipment/DT_BuffGrowth_Equipment_lfcheng	D3D08AA842AE257EA0752C89190831C9	284775	每层流技强度+#SkillPower_Buff#	Increases Skill Power by #SkillPower_Buff#.	54	92	38	utf16		
1018	/NGR/Content/Data/DataTables/CombatGrowth/BuffGrowth/Equipment/DT_BuffGrowth_Equipment_lfcheng	/Game/Data/DataTables/CombatGrowth/BuffGrowth/Equipment/DT_BuffGrowth_Equipment_lfcheng	0058637941ED28210ADF8E8F74CF008B	287247	每层流技强度+#SkillPower_Buff#	Increases Skill Power by #SkillPower_Buff#.	54	92	38	utf16		
1018	/NGR/Content/Data/DataTables/CombatGrowth/BuffGrowth/Equipment/DT_BuffGrowth_Equipment_lfcheng	/Game/Data/DataTables/CombatGrowth/BuffGrowth/Equipment/DT_BuffGrowth_Equipment_lfcheng	EE343F3148201F12D80392AFEA956680	289719	每层流技强度+#SkillPower_Buff#	Increases Skill Power by #SkillPower_Buff#.	54	92	38	utf16		
1018	/NGR/Content/Data/DataTables/CombatGrowth/BuffGrowth/Equipment/DT_BuffGrowth_Equipment_tinyduan	/Game/Data/DataTables/CombatGrowth/BuffGrowth/Equipment/DT_BuffGrowth_Equipment_tinyduan	B70C3419413CE8EBDB5A1FAB052F4AD3	52794	消耗【燎天】时，每一层额外提升#a3#无视防御，持续#a4#秒	Each stack of Skyblaze consumed increases Defense Pierce by #a3# for #a4#s.	68	156	88	utf16		
1018	/NGR/Content/Data/DataTables/CombatGrowth/BuffGrowth/Equipment/DT_BuffGrowth_Equipment_tinyduan	/Game/Data/DataTables/CombatGrowth/BuffGrowth/Equipment/DT_BuffGrowth_Equipment_tinyduan	76CDB5084A2E8A71D7B14FBC36B18ABC	61180	施放绝技将消耗【燎天】，造成一次当前层数x#a2#攻击力的伤害	When you use the Ultimate, all Skyblaze stacks are consumed, and you deal extra damage equal to #a2# Attack for each stack consumed.	68	270	202	utf16		
1018	/NGR/Content/Data/DataTables/CombatGrowth/BuffGrowth/Equipment/DT_BuffGrowth_Equipment_tinyduan	/Game/Data/DataTables/CombatGrowth/BuffGrowth/Equipment/DT_BuffGrowth_Equipment_tinyduan	2E42176F4B4D6598EE89A391F1F0106C	64499	提升#a3#无视防御	Increases Defense Pierce by #a3#.	26	72	46	utf16		
1018	/NGR/Content/Data/DataTables/CombatGrowth/BuffGrowth/Equipment/DT_BuffGrowth_Equipment_tinyduan	/Game/Data/DataTables/CombatGrowth/BuffGrowth/Equipment/DT_BuffGrowth_Equipment_tinyduan	1B1DD6F141B99E9FCFB20687BF151923	73763	为自身或友方添加护盾时，若该单位生命值低于#a1#，立即恢复该单位#a2#最大生命值。	When giving a Shield, restores #a2# Max Health if the target's Health is lower than #a1#.	92	184	92	utf16		
1018	/NGR/Content/Data/DataTables/CombatGrowth/SkillGrowth/DT_SkillGrowth_HML	/Game/Data/DataTables/CombatGrowth/SkillGrowth/DT_SkillGrowth_HML	43F92C4942A7692D57FCE285B4A8C91E	26653	轻剑地面普攻一段伤害	Dual Swords Basic Attack 1 (Ground)	26	76	50	utf16		
1018	/NGR/Content/Data/DataTables/CombatGrowth/SkillGrowth/DT_SkillGrowth_HML	/Game/Data/DataTables/CombatGrowth/SkillGrowth/DT_SkillGrowth_HML	BC3DC58C4E8A9EDFE5B26D856809E1D1	26873	轻剑地面普攻二段伤害	Dual Swords Basic Attack 2 (Ground)	26	76	50	utf16		
1018	/NGR/Content/Data/DataTables/CombatGrowth/SkillGrowth/DT_SkillGrowth_HML	/Game/Data/DataTables/CombatGrowth/SkillGrowth/DT_SkillGrowth_HML	BF0E09E2459CE16963A40B934B9F4632	27106	轻剑地面普攻三段伤害	Dual Swords Basic Attack 3 (Ground)	26	76	50	utf16		
1018	/NGR/Content/Data/DataTables/CombatGrowth/SkillGrowth/DT_SkillGrowth_HML	/Game/Data/DataTables/CombatGrowth/SkillGrowth/DT_SkillGrowth_HML	5EBD176A4F459DECF669B495900AD4B7	27339	轻剑地面普攻四段伤害	Dual Swords Basic Attack 4 (Ground)	26	76	50	utf16		
1018	/NGR/Content/Data/DataTables/CombatGrowth/SkillGrowth/DT_SkillGrowth_HML	/Game/Data/DataTables/CombatGrowth/SkillGrowth/DT_SkillGrowth_HML	D80790DC4B9502860BABFFA9C2BC7243	27572	轻剑地面普攻五段伤害	Dual Swords Basic Attack 5 (Ground)	26	76	50	utf16		
1018	/NGR/Content/Data/DataTables/CombatGrowth/SkillGrowth/DT_SkillGrowth_HML	/Game/Data/DataTables/CombatGrowth/SkillGrowth/DT_SkillGrowth_HML	D4C294C04A015DE22E2B6FA2C2114952	27805	轻剑地面蓄力攻击伤害	Dual Swords Charged Basic Attack (Ground)	26	88	62	utf16		
1018	/NGR/Content/Data/DataTables/CombatGrowth/SkillGrowth/DT_SkillGrowth_HML	/Game/Data/DataTables/CombatGrowth/SkillGrowth/DT_SkillGrowth_HML	9F4B903A45A4FE7BF867C4A8D2E32468	28038	轻剑地面闪身攻击伤害	Dual Swords Dash & Attack (Ground)	26	74	48	utf16		
1018	/NGR/Content/Data/DataTables/CombatGrowth/SkillGrowth/DT_SkillGrowth_HML	/Game/Data/DataTables/CombatGrowth/SkillGrowth/DT_SkillGrowth_HML	7329667C473E25AA7FF113840491E585	28271	轻剑空中普攻一段伤害	Dual Swords Basic Attack 1 (Midair)	26	76	50	utf16		
1018	/NGR/Content/Data/DataTables/CombatGrowth/SkillGrowth/DT_SkillGrowth_HML	/Game/Data/DataTables/CombatGrowth/SkillGrowth/DT_SkillGrowth_HML	1B034AFE43C12C46AA1BC7950BF23A38	28494	轻剑空中普攻二段伤害	Dual Swords Basic Attack 2 (Midair)	26	76	50	utf16		
1018	/NGR/Content/Data/DataTables/CombatGrowth/SkillGrowth/DT_SkillGrowth_HML	/Game/Data/DataTables/CombatGrowth/SkillGrowth/DT_SkillGrowth_HML	FCBECBFD467A7C1922422E9C09121500	28733	轻剑空中普攻三段伤害	Dual Swords Basic Attack 3 (Midair)	26	76	50	utf16		
1018	/NGR/Content/Data/DataTables/CombatGrowth/SkillGrowth/DT_SkillGrowth_HML	/Game/Data/DataTables/CombatGrowth/SkillGrowth/DT_SkillGrowth_HML	3E6D90ED40BB78F70821F2AB7D0D4C86	28972	轻剑空中蓄力攻击伤害	Dual Swords Charged Basic Attack (Midair)	26	88	62	utf16		
1018	/NGR/Content/Data/DataTables/CombatGrowth/SkillGrowth/DT_SkillGrowth_HML	/Game/Data/DataTables/CombatGrowth/SkillGrowth/DT_SkillGrowth_HML	A37EA84541D59D5D0CDFD9B31D8BBC98	29211	轻剑空中闪身攻击伤害	Dual Swords Dash & Attack (Midair)	26	74	48	utf16		
1018	/NGR/Content/Data/DataTables/CombatGrowth/SkillGrowth/DT_SkillGrowth_HML	/Game/Data/DataTables/CombatGrowth/SkillGrowth/DT_SkillGrowth_HML	D4A801A743DD0A44CF9AFA9AC33D1BE8	29434	轻剑完美闪避反击伤害	Dual Swords Perfect Dodge & Counterattack	26	88	62	utf16		
1018	/NGR/Content/Data/DataTables/CombatGrowth/SkillGrowth/DT_SkillGrowth_HML	/Game/Data/DataTables/CombatGrowth/SkillGrowth/DT_SkillGrowth_HML	7954DEC5468EC383F29B9B8A3DE11126	29740	重剑普攻一段伤害	Heavy Sword Basic Attack 1	22	58	36	utf16		
1018	/NGR/Content/Data/DataTables/CombatGrowth/SkillGrowth/DT_SkillGrowth_HML	/Game/Data/DataTables/CombatGrowth/SkillGrowth/DT_SkillGrowth_HML	BB55E7274A19E959EA92049B97617D1C	29958	重剑普攻二段伤害	Heavy Sword Basic Attack 2	22	58	36	utf16		
1018	/NGR/Content/Data/DataTables/CombatGrowth/SkillGrowth/DT_SkillGrowth_HML	/Game/Data/DataTables/CombatGrowth/SkillGrowth/DT_SkillGrowth_HML	DBC46165486E8F7F6049C480645463A1	30176	重剑普攻三段伤害	Heavy Sword Basic Attack 3	22	58	36	utf16		
1018	/NGR/Content/Data/DataTables/CombatGrowth/SkillGrowth/DT_SkillGrowth_HML	/Game/Data/DataTables/CombatGrowth/SkillGrowth/DT_SkillGrowth_HML	9B85E3D743CA1D47331AE98545C7B90E	30435	重剑普攻四段伤害	Heavy Sword Basic Attack 4	22	58	36	utf16		
1018	/NGR/Content/Data/DataTables/CombatGrowth/SkillGrowth/DT_SkillGrowth_HML	/Game/Data/DataTables/CombatGrowth/SkillGrowth/DT_SkillGrowth_HML	BD179CCB4C05B67565A5C787CA0674F5	30653	重剑蓄力攻击伤害	Heavy Sword Charged Basic Attack	22	70	48	utf16		
1018	/NGR/Content/Data/DataTables/CombatGrowth/SkillGrowth/DT_SkillGrowth_HML	/Game/Data/DataTables/CombatGrowth/SkillGrowth/DT_SkillGrowth_HML	D29E07974C57AC08E2DC47B2A875F2EB	30871	重剑闪身攻击伤害	Heavy Sword Dash & Attack	22	56	34	utf16		
1018	/NGR/Content/Data/DataTables/CombatGrowth/SkillGrowth/DT_SkillGrowth_HML	/Game/Data/DataTables/CombatGrowth/SkillGrowth/DT_SkillGrowth_HML	F36D34FF4EADA578288FFFB0673F3AEE	31089	重剑下落攻击伤害	Heavy Sword Plunging Attack	22	60	38	utf16		
1018	/NGR/Content/Data/DataTables/CombatGrowth/SkillGrowth/DT_SkillGrowth_SPower	/Game/Data/DataTables/CombatGrowth/SkillGrowth/DT_SkillGrowth_SPower	607CE8ED450FD75CC733839E78959C8D	161	朽云崩坠	Planetary Dustburst	14	44	30	utf16		
1018	/NGR/Content/Data/DataTables/CombatGrowth/SkillGrowth/DT_SkillGrowth_SSX	/Game/Data/DataTables/CombatGrowth/SkillGrowth/DT_SkillGrowth_SSX	0FDE176B4BA0CFB298F98DBEA2716AD8	62890	<#破穹红莲>	Enhanced R	20	26	6	utf16		
1018	/NGR/Content/Data/DataTables/CombatGrowth/SkillGrowth/DT_SkillGrowth_SSX	/Game/Data/DataTables/CombatGrowth/SkillGrowth/DT_SkillGrowth_SSX	919B144F411AAA9C6D0536BA1A814FC7	123971	T爆炸	Ultimate eot	12	30	18	utf16		
1018	/NGR/Content/Data/DataTables/CombatGrowth/SkillGrowth/DT_SkillGrowth_SummonBigBear	/Game/Data/DataTables/CombatGrowth/SkillGrowth/DT_SkillGrowth_SummonBigBear	7381A66C4484D4639B3D2C819983E02C	3425	巨熊怒吼，随后召唤并震碎冰柱，对周围8米的敌人造成#1#点伤害。并在原地生成持续#2#秒的冰冻领域，处于领域内的敌人会持续积累凝流异常。	The bear roars, summoning and shattering ice pillars to deal #1# damage to enemies within 8m and create a Chilling Zone for #2#, building Ice Status Burst on enemies within.	142	352	210	utf16		
1018	/NGR/Content/Data/DataTables/CombatGrowth/SkillGrowth/DT_SkillGrowth_SummonBigBear	/Game/Data/DataTables/CombatGrowth/SkillGrowth/DT_SkillGrowth_SummonBigBear	D1EC43594CFF071F4F5180ADF1C24CDF	8381	巨熊怒吼，随后召唤并震碎冰柱，对周围8米的敌人造成#1#点伤害。并在原地生成持续#2#秒的冰冻领域，处于领域内的敌人会持续积累凝流异常。	The bear roars, summoning and shattering ice pillars to deal #1# damage to enemies within 8m and create a Chilling Zone for #2#, building Ice Status Burst on enemies within.	142	352	210	utf16		
1018	/NGR/Content/Data/DataTables/CombatGrowth/SkillGrowth/DT_SkillGrowth_SummonBigBear	/Game/Data/DataTables/CombatGrowth/SkillGrowth/DT_SkillGrowth_SummonBigBear	0164CC294002A3D350BD28A843BE73C6	13337	巨熊怒吼，随后召唤并震碎冰柱，对周围8米的敌人造成#1#点伤害。并在原地生成持续#2#秒的冰冻领域，处于领域内的敌人会持续积累凝流异常。	The bear roars, summoning and shattering ice pillars to deal #1# damage to enemies within 8m and create a Chilling Zone for #2#, building Ice Status Burst on enemies within.	142	352	210	utf16		
1018	/NGR/Content/Data/DataTables/CombatGrowth/SkillGrowth/DT_SkillGrowth_SummonBigBear	/Game/Data/DataTables/CombatGrowth/SkillGrowth/DT_SkillGrowth_SummonBigBear	FE585B334617A17E4B02A5A241C22F0D	18293	巨熊怒吼，随后召唤并震碎冰柱，对周围8米的敌人造成#1#点伤害。并在原地生成持续#2#秒的冰冻领域，处于领域内的敌人会持续积累凝流异常。	The bear roars, summoning and shattering ice pillars to deal #1# damage to enemies within 8m and create a Chilling Zone for #2#, building Ice Status Burst on enemies within.	142	352	210	utf16		
1018	/NGR/Content/Data/DataTables/CombatGrowth/SkillGrowth/DT_SkillGrowth_SummonBigBear	/Game/Data/DataTables/CombatGrowth/SkillGrowth/DT_SkillGrowth_SummonBigBear	D3BBA4F0410C8112978B9999BE78F9F6	23249	巨熊怒吼，随后召唤并震碎冰柱，对周围8米的敌人造成#1#点伤害。并在原地生成持续#2#秒的冰冻领域，处于领域内的敌人会持续积累凝流异常。	The bear roars, summoning and shattering ice pillars to deal #1# damage to enemies within 8m and create a Chilling Zone for #2#, building Ice Status Burst on enemies within.	142	352	210	utf16		
1018	/NGR/Content/Data/DataTables/CombatGrowth/SkillGrowth/DT_SkillGrowth_SummonBigBear	/Game/Data/DataTables/CombatGrowth/SkillGrowth/DT_SkillGrowth_SummonBigBear	86DBC6884AE5BDC4AF487DAA226F06D6	28205	巨熊怒吼，随后召唤并震碎冰柱，对周围8米的敌人造成#1#点伤害。并在原地生成持续#2#秒的冰冻领域，处于领域内的敌人会持续积累凝流异常。	The bear roars, summoning and shattering ice pillars to deal #1# damage to enemies within 8m and create a Chilling Zone for #2#, building Ice Status Burst on enemies within.	142	352	210	utf16		
1018	/NGR/Content/Data/DataTables/CombatGrowth/SkillGrowth/DT_SkillGrowth_SummonBigBear	/Game/Data/DataTables/CombatGrowth/SkillGrowth/DT_SkillGrowth_SummonBigBear	AB3D59A447067052FAC27F90035568B3	33161	巨熊怒吼，随后召唤并震碎冰柱，对周围8米的敌人造成#1#点伤害。并在原地生成持续#2#秒的冰冻领域，处于领域内的敌人会持续积累凝流异常。	The bear roars, summoning and shattering ice pillars to deal #1# damage to enemies within 8m and create a Chilling Zone for #2#, building Ice Status Burst on enemies within.	142	352	210	utf16		
1018	/NGR/Content/Data/DataTables/CombatGrowth/SkillGrowth/DT_SkillGrowth_SummonBigBear	/Game/Data/DataTables/CombatGrowth/SkillGrowth/DT_SkillGrowth_SummonBigBear	EB699CE845C496BDB76354AD5D00A2C7	38117	巨熊怒吼，随后召唤并震碎冰柱，对周围8米的敌人造成#1#点伤害。并在原地生成持续#2#秒的冰冻领域，处于领域内的敌人会持续积累凝流异常。	The bear roars, summoning and shattering ice pillars to deal #1# damage to enemies within 8m and create a Chilling Zone for #2#, building Ice Status Burst on enemies within.	142	352	210	utf16		
1018	/NGR/Content/Data/DataTables/CombatGrowth/SkillGrowth/DT_SkillGrowth_SummonBigBear	/Game/Data/DataTables/CombatGrowth/SkillGrowth/DT_SkillGrowth_SummonBigBear	DA1F813D4765BDA1AC11F5BC57DB3C2E	43073	巨熊怒吼，随后召唤并震碎冰柱，对周围8米的敌人造成#1#点伤害。并在原地生成持续#2#秒的冰冻领域，处于领域内的敌人会持续积累凝流异常。	The bear roars, summoning and shattering ice pillars to deal #1# damage to enemies within 8m and create a Chilling Zone for #2#, building Ice Status Burst on enemies within.	142	352	210	utf16		
1018	/NGR/Content/Data/DataTables/CombatGrowth/SkillGrowth/DT_SkillGrowth_SummonBigBear	/Game/Data/DataTables/CombatGrowth/SkillGrowth/DT_SkillGrowth_SummonBigBear	5B0A4E2C48AA90849A4EE990FF509FE2	48029	巨熊怒吼，随后召唤并震碎冰柱，对周围8米的敌人造成#1#点伤害。并在原地生成持续#2#秒的冰冻领域，处于领域内的敌人会持续积累凝流异常。	The bear roars, summoning and shattering ice pillars to deal #1# damage to enemies within 8m and create a Chilling Zone for #2#, building Ice Status Burst on enemies within.	142	352	210	utf16		
1018	/NGR/Content/Data/DataTables/CombatGrowth/SkillGrowth/DT_SkillGrowth_SummonBigBear	/Game/Data/DataTables/CombatGrowth/SkillGrowth/DT_SkillGrowth_SummonBigBear	A609288941F162DBBD8FF79207D8D525	52985	巨熊怒吼，随后召唤并震碎冰柱，对周围8米的敌人造成#1#点伤害。并在原地生成持续#2#秒的冰冻领域，处于领域内的敌人会持续积累凝流异常。	The bear roars, summoning and shattering ice pillars to deal #1# damage to enemies within 8m and create a Chilling Zone for #2#, building Ice Status Burst on enemies within.	142	352	210	utf16		
1018	/NGR/Content/Data/DataTables/CombatGrowth/SkillGrowth/DT_SkillGrowth_SummonBigBear	/Game/Data/DataTables/CombatGrowth/SkillGrowth/DT_SkillGrowth_SummonBigBear	735E8C1B435D9AB4F02C2795F8375490	57941	巨熊怒吼，随后召唤并震碎冰柱，对周围8米的敌人造成#1#点伤害。并在原地生成持续#2#秒的冰冻领域，处于领域内的敌人会持续积累凝流异常。	The bear roars, summoning and shattering ice pillars to deal #1# damage to enemies within 8m and create a Chilling Zone for #2#, building Ice Status Burst on enemies within.	142	352	210	utf16		
1018	/NGR/Content/Data/DataTables/CombatGrowth/SkillGrowth/DT_SkillGrowth_SummonBigBear	/Game/Data/DataTables/CombatGrowth/SkillGrowth/DT_SkillGrowth_SummonBigBear	67D47DEE40A7A07798FBA0AB21C82569	62897	巨熊怒吼，随后召唤并震碎冰柱，对周围8米的敌人造成#1#点伤害。并在原地生成持续#2#秒的冰冻领域，处于领域内的敌人会持续积累凝流异常。	The bear roars, summoning and shattering ice pillars to deal #1# damage to enemies within 8m and create a Chilling Zone for #2#, building Ice Status Burst on enemies within.	142	352	210	utf16		
1018	/NGR/Content/Data/DataTables/CombatGrowth/SkillGrowth/DT_SkillGrowth_SummonBigBear	/Game/Data/DataTables/CombatGrowth/SkillGrowth/DT_SkillGrowth_SummonBigBear	E50E8683470A87AB56B2E3AFAEFB1D51	67853	巨熊怒吼，随后召唤并震碎冰柱，对周围8米的敌人造成#1#点伤害。并在原地生成持续#2#秒的冰冻领域，处于领域内的敌人会持续积累凝流异常。	The bear roars, summoning and shattering ice pillars to deal #1# damage to enemies within 8m and create a Chilling Zone for #2#, building Ice Status Burst on enemies within.	142	352	210	utf16		
1018	/NGR/Content/Data/DataTables/CombatGrowth/SkillGrowth/DT_SkillGrowth_SummonBigBear	/Game/Data/DataTables/CombatGrowth/SkillGrowth/DT_SkillGrowth_SummonBigBear	0299FD974D1D97C672054E9C68606949	72809	巨熊怒吼，随后召唤并震碎冰柱，对周围8米的敌人造成#1#点伤害。并在原地生成持续#2#秒的冰冻领域，处于领域内的敌人会持续积累凝流异常。	The bear roars, summoning and shattering ice pillars to deal #1# damage to enemies within 8m and create a Chilling Zone for #2#, building Ice Status Burst on enemies within.	142	352	210	utf16		
1018	/NGR/Content/Data/DataTables/CombatGrowth/SkillGrowth/DT_SkillGrowth_SummonBigBear	/Game/Data/DataTables/CombatGrowth/SkillGrowth/DT_SkillGrowth_SummonBigBear	254F311541F467B60E71D182D4A00F40	77765	巨熊怒吼，随后召唤并震碎冰柱，对周围8米的敌人造成#1#点伤害。并在原地生成持续#2#秒的冰冻领域，处于领域内的敌人会持续积累凝流异常。	The bear roars, summoning and shattering ice pillars to deal #1# damage to enemies within 8m and create a Chilling Zone for #2#, building Ice Status Burst on enemies within.	142	352	210	utf16		
1018	/NGR/Content/Data/DataTables/CombatGrowth/SkillGrowth/DT_SkillGrowth_SummonBigBear	/Game/Data/DataTables/CombatGrowth/SkillGrowth/DT_SkillGrowth_SummonBigBear	09366717414CC5FD97419F9FE5C5EA1E	82721	巨熊怒吼，随后召唤并震碎冰柱，对周围8米的敌人造成#1#点伤害。并在原地生成持续#2#秒的冰冻领域，处于领域内的敌人会持续积累凝流异常。	The bear roars, summoning and shattering ice pillars to deal #1# damage to enemies within 8m and create a Chilling Zone for #2#, building Ice Status Burst on enemies within.	142	352	210	utf16		
1018	/NGR/Content/Data/DataTables/CombatGrowth/SkillGrowth/DT_SkillGrowth_SummonBigBear	/Game/Data/DataTables/CombatGrowth/SkillGrowth/DT_SkillGrowth_SummonBigBear	AE8950454BE7E5317FF9688968FD7099	87661	巨熊怒吼，随后召唤并震碎冰柱，对周围8米的敌人造成#1#点伤害。并在原地生成持续#2#秒的冰冻领域，处于领域内的敌人会持续积累凝流异常。	The bear roars, summoning and shattering ice pillars to deal #1# damage to enemies within 8m and create a Chilling Zone for #2#, building Ice Status Burst on enemies within.	142	352	210	utf16		
1018	/NGR/Content/Data/DataTables/CombatGrowth/SkillGrowth/DT_SkillGrowth_SummonBigBear	/Game/Data/DataTables/CombatGrowth/SkillGrowth/DT_SkillGrowth_SummonBigBear	BA06A2A44DE28D88CEF2698BA7D1D19F	92601	巨熊怒吼，随后召唤并震碎冰柱，对周围8米的敌人造成#1#点伤害。并在原地生成持续#2#秒的冰冻领域，处于领域内的敌人会持续积累凝流异常。	The bear roars, summoning and shattering ice pillars to deal #1# damage to enemies within 8m and create a Chilling Zone for #2#, building Ice Status Burst on enemies within.	142	352	210	utf16		
1018	/NGR/Content/Data/DataTables/CombatGrowth/SkillGrowth/DT_SkillGrowth_SummonBigBear	/Game/Data/DataTables/CombatGrowth/SkillGrowth/DT_SkillGrowth_SummonBigBear	861D3E51425CD65FBA5F309BDF9219D0	97541	巨熊怒吼，随后召唤并震碎冰柱，对周围8米的敌人造成#1#点伤害。并在原地生成持续#2#秒的冰冻领域，处于领域内的敌人会持续积累凝流异常。	The bear roars, summoning and shattering ice pillars to deal #1# damage to enemies within 8m and create a Chilling Zone for #2#, building Ice Status Burst on enemies within.	142	352	210	utf16		
1018	/NGR/Content/Data/DataTables/CombatGrowth/SkillGrowth/DT_SkillGrowth_SummonPachyrhizus	/Game/Data/DataTables/CombatGrowth/SkillGrowth/DT_SkillGrowth_SummonPachyrhizus	D0342C1D477B65EE1A55BCB04A204A2D	2473	向锁定敌人跃起跳砸1次，命中时造成#Power0#点伤害，大幅提升威胁值。	Stomps the target, dealing #Power0# damage and greatly increasing Threat on hit.	80	166	86	utf16		
1018	/NGR/Content/Data/DataTables/CombatGrowth/SkillGrowth/DT_SkillGrowth_SummonPanJingZhongLi	/Game/Data/DataTables/CombatGrowth/SkillGrowth/DT_SkillGrowth_SummonPanJingZhongLi	6BC1A3A843AF6A49E260B2837A65F9F9	2529	向敌人发射多枚巨石，每次造成#Dmg#点伤害。召唤后会给与自身【生长】效果；【生长】：提升#Heal#的治愈强度，持续#Time#秒。	Thorned Macroepes launches several giant stones, each dealing #Dmg# damage. It also grants you Growth, which increases Healing Power by #Heal# for #Time#s.	140	316	176	utf16		
1018	/NGR/Content/Data/DataTables/CombatGrowth/SkillGrowth/DT_SkillGrowth_SummonPanJingZhongLi	/Game/Data/DataTables/CombatGrowth/SkillGrowth/DT_SkillGrowth_SummonPanJingZhongLi	23E3394E4C67A47C5F37A1B13DC6E7EE	6635	向敌人发射多枚巨石，每次造成#Dmg#点伤害。召唤后会给与自身【生长】效果；【生长】：提升#Heal#的治愈强度，持续#Time#秒。	Thorned Macroepes launches several giant stones, each dealing #Dmg# damage. It also grants you Growth, which increases Healing Power by #Heal# for #Time#s.	140	316	176	utf16		
1018	/NGR/Content/Data/DataTables/CombatGrowth/SkillGrowth/DT_SkillGrowth_SummonPanJingZhongLi	/Game/Data/DataTables/CombatGrowth/SkillGrowth/DT_SkillGrowth_SummonPanJingZhongLi	6AC0D5EA44FFD130737CE7A96447D8DF	10741	向敌人发射多枚巨石，每次造成#Dmg#点伤害。召唤后会给与自身【生长】效果；【生长】：提升#Heal#的治愈强度，持续#Time#秒。	Thorned Macroepes launches several giant stones, each dealing #Dmg# damage. It also grants you Growth, which increases Healing Power by #Heal# for #Time#s.	140	316	176	utf16		
1018	/NGR/Content/Data/DataTables/CombatGrowth/SkillGrowth/DT_SkillGrowth_SummonPanJingZhongLi	/Game/Data/DataTables/CombatGrowth/SkillGrowth/DT_SkillGrowth_SummonPanJingZhongLi	035A06984DDF4D161865B0A61A3857E0	14847	向敌人发射多枚巨石，每次造成#Dmg#点伤害。召唤后会给与自身【生长】效果；【生长】：提升#Heal#的治愈强度，持续#Time#秒。	Thorned Macroepes launches several giant stones, each dealing #Dmg# damage. It also grants you Growth, which increases Healing Power by #Heal# for #Time#s.	140	316	176	utf16		
1018	/NGR/Content/Data/DataTables/CombatGrowth/SkillGrowth/DT_SkillGrowth_SummonPanJingZhongLi	/Game/Data/DataTables/CombatGrowth/SkillGrowth/DT_SkillGrowth_SummonPanJingZhongLi	F81558A047C2636ADD85AF82ED1695D7	18953	向敌人发射多枚巨石，每次造成#Dmg#点伤害。召唤后会给与自身【生长】效果；【生长】：提升#Heal#的治愈强度，持续#Time#秒。	Thorned Macroepes launches several giant stones, each dealing #Dmg# damage. It also grants you Growth, which increases Healing Power by #Heal# for #Time#s.	140	316	176	utf16		
1018	/NGR/Content/Data/DataTables/CombatGrowth/SkillGrowth/DT_SkillGrowth_SummonPanJingZhongLi	/Game/Data/DataTables/CombatGrowth/SkillGrowth/DT_SkillGrowth_SummonPanJingZhongLi	3309D4B94D9FA63FD76783B247D9CD72	23059	向敌人发射多枚巨石，每次造成#Dmg#点伤害。召唤后会给与自身【生长】效果；【生长】：提升#Heal#的治愈强度，持续#Time#秒。	Thorned Macroepes launches several giant stones, each dealing #Dmg# damage. It also grants you Growth, which increases Healing Power by #Heal# for #Time#s.	140	316	176	utf16		
1018	/NGR/Content/Data/DataTables/CombatGrowth/SkillGrowth/DT_SkillGrowth_SummonPanJingZhongLi	/Game/Data/DataTables/CombatGrowth/SkillGrowth/DT_SkillGrowth_SummonPanJingZhongLi	F8CFA2774C7EF991DA0EEE83B086C451	27165	向敌人发射多枚巨石，每次造成#Dmg#点伤害。召唤后会给与自身【生长】效果；【生长】：提升#Heal#的治愈强度，持续#Time#秒。	Thorned Macroepes launches several giant stones, each dealing #Dmg# damage. It also provides you with Growth, which increases Healing Power by #Heal# for #Time#s.	140	330	190	utf16		
1018	/NGR/Content/Data/DataTables/CombatGrowth/SkillGrowth/DT_SkillGrowth_SummonPanJingZhongLi	/Game/Data/DataTables/CombatGrowth/SkillGrowth/DT_SkillGrowth_SummonPanJingZhongLi	41880EA84A204CF3434861A4CE704481	31271	向敌人发射多枚巨石，每次造成#Dmg#点伤害。召唤后会给与自身【生长】效果；【生长】：提升#Heal#的治愈强度，持续#Time#秒。	Thorned Macroepes launches several giant stones, each dealing #Dmg# damage. It also grants you Growth, which increases Healing Power by #Heal# for #Time#s.	140	316	176	utf16		
1018	/NGR/Content/Data/DataTables/CombatGrowth/SkillGrowth/DT_SkillGrowth_SummonPanJingZhongLi	/Game/Data/DataTables/CombatGrowth/SkillGrowth/DT_SkillGrowth_SummonPanJingZhongLi	D61DB504450932BA7BC1E899A46D1195	35377	向敌人发射多枚巨石，每次造成#Dmg#点伤害。召唤后会给与自身【生长】效果；【生长】：提升#Heal#的治愈强度，持续#Time#秒。	Thorned Macroepes launches several giant stones, each dealing #Dmg# damage. It also grants you Growth, which increases Healing Power by #Heal# for #Time#s.	140	316	176	utf16		
1018	/NGR/Content/Data/DataTables/CombatGrowth/SkillGrowth/DT_SkillGrowth_SummonPanJingZhongLi	/Game/Data/DataTables/CombatGrowth/SkillGrowth/DT_SkillGrowth_SummonPanJingZhongLi	C9A3C7254F07853BD8BE88AB60289FA9	39483	向敌人发射多枚巨石，每次造成#Dmg#点伤害。召唤后会给与自身【生长】效果；【生长】：提升#Heal#的治愈强度，持续#Time#秒。	Thorned Macroepes launches several giant stones, each dealing #Dmg# damage. It also grants you Growth, which increases Healing Power by #Heal# for #Time#s.	140	316	176	utf16		
1018	/NGR/Content/Data/DataTables/CombatGrowth/SkillGrowth/DT_SkillGrowth_SummonPanJingZhongLi	/Game/Data/DataTables/CombatGrowth/SkillGrowth/DT_SkillGrowth_SummonPanJingZhongLi	7D83D3BD4B03DE09A20D3DB5AB806F3D	43589	向敌人发射多枚巨石，每次造成#Dmg#点伤害。召唤后会给与自身【生长】效果；【生长】：提升#Heal#的治愈强度，持续#Time#秒。	Thorned Macroepes launches several giant stones, each dealing #Dmg# damage. It also grants you Growth, which increases Healing Power by #Heal# for #Time#s.	140	316	176	utf16		
1018	/NGR/Content/Data/DataTables/CombatGrowth/SkillGrowth/DT_SkillGrowth_SummonPanJingZhongLi	/Game/Data/DataTables/CombatGrowth/SkillGrowth/DT_SkillGrowth_SummonPanJingZhongLi	8C5B8EE5409A21C94D400AAF5BF98A58	47695	向敌人发射多枚巨石，每次造成#Dmg#点伤害。召唤后会给与自身【生长】效果；【生长】：提升#Heal#的治愈强度，持续#Time#秒。	Thorned Macroepes launches several giant stones, each dealing #Dmg# damage. It also grants you Growth, which increases Healing Power by #Heal# for #Time#s.	140	316	176	utf16		
1018	/NGR/Content/Data/DataTables/CombatGrowth/SkillGrowth/DT_SkillGrowth_SummonPanJingZhongLi	/Game/Data/DataTables/CombatGrowth/SkillGrowth/DT_SkillGrowth_SummonPanJingZhongLi	808ADD2541FC4FBC78D4A584199D7031	51801	向敌人发射多枚巨石，每次造成#Dmg#点伤害。召唤后会给与自身【生长】效果；【生长】：提升#Heal#的治愈强度，持续#Time#秒。	Thorned Macroepes launches several giant stones, each dealing #Dmg# damage. It also grants you Growth, which increases Healing Power by #Heal# for #Time#s.	140	316	176	utf16		
1018	/NGR/Content/Data/DataTables/CombatGrowth/SkillGrowth/DT_SkillGrowth_SummonPanJingZhongLi	/Game/Data/DataTables/CombatGrowth/SkillGrowth/DT_SkillGrowth_SummonPanJingZhongLi	635B22384959066DE577B7AAD917538B	55907	向敌人发射多枚巨石，每次造成#Dmg#点伤害。召唤后会给与自身【生长】效果；【生长】：提升#Heal#的治愈强度，持续#Time#秒。	Thorned Macroepes launches several giant stones, each dealing #Dmg# damage. It also grants you Growth, which increases Healing Power by #Heal# for #Time#s.	140	316	176	utf16		
1018	/NGR/Content/Data/DataTables/CombatGrowth/SkillGrowth/DT_SkillGrowth_SummonPanJingZhongLi	/Game/Data/DataTables/CombatGrowth/SkillGrowth/DT_SkillGrowth_SummonPanJingZhongLi	87F6DA494FA3423E4A0EBDA93DB233FE	60013	向敌人发射多枚巨石，每次造成#Dmg#点伤害。召唤后会给与自身【生长】效果；【生长】：提升#Heal#的治愈强度，持续#Time#秒。	Thorned Macroepes launches several giant stones, each dealing #Dmg# damage. It also grants you Growth, which increases Healing Power by #Heal# for #Time#s.	140	316	176	utf16		
1018	/NGR/Content/Data/DataTables/CombatGrowth/SkillGrowth/DT_SkillGrowth_SummonPanJingZhongLi	/Game/Data/DataTables/CombatGrowth/SkillGrowth/DT_SkillGrowth_SummonPanJingZhongLi	BB5102974EFA736BA11A8DABA2111836	64119	向敌人发射多枚巨石，每次造成#Dmg#点伤害。召唤后会给与自身【生长】效果；【生长】：提升#Heal#的治愈强度，持续#Time#秒。	Thorned Macroepes launches several giant stones, each dealing #Dmg# damage. It also grants you Growth, which increases Healing Power by #Heal# for #Time#s.	140	316	176	utf16		
1018	/NGR/Content/Data/DataTables/CombatGrowth/SkillGrowth/DT_SkillGrowth_SummonServantMale_Sword	/Game/Data/DataTables/CombatGrowth/SkillGrowth/DT_SkillGrowth_SummonServantMale_Sword	FAAAE3BC47B3EAF976B1B69FB136B44A	2977	挥剑跃空，对路径敌人造成#0#点伤害；接着投掷重剑并召唤龙爪，攻击周围10米的敌人，造成#1#点伤害及高额破势值。	Dragon Sentinel swings his sword and leaps into the air, dealing #0# damage to enemies along the path. He then plants his sword in the ground and summons a dragon claw, which deals #1# damage to enemies within a 10m radius and greatly reduces their Stance.	120	518	398	utf16		
1018	/NGR/Content/Data/DataTables/CombatGrowth/SkillGrowth/DT_SkillGrowth_SummonServantMale_Sword	/Game/Data/DataTables/CombatGrowth/SkillGrowth/DT_SkillGrowth_SummonServantMale_Sword	FA82B5C94E615623DFCA7BA9AAE75389	6639	挥剑跃空，对路径敌人造成#0#点伤害；接着投掷重剑并召唤龙爪，攻击周围10米的敌人，造成#1#点伤害及高额破势值。	Dragon Sentinel swings his sword and leaps into the air, dealing #0# damage to enemies along the path. He then plants his sword in the ground and summons a dragon claw, which deals #1# damage to enemies within a 10m radius and greatly reduces their Stance.	120	518	398	utf16		
1018	/NGR/Content/Data/DataTables/CombatGrowth/SkillGrowth/DT_SkillGrowth_SummonServantMale_Sword	/Game/Data/DataTables/CombatGrowth/SkillGrowth/DT_SkillGrowth_SummonServantMale_Sword	1D010FF54A2A8ACD1B615584ABFEBEBA	10301	挥剑跃空，对路径敌人造成#0#点伤害；接着投掷重剑并召唤龙爪，攻击周围10米的敌人，造成#1#点伤害及高额破势值。	Dragon Sentinel swings his sword and leaps into the air, dealing #0# damage to enemies along the path. He then plants his sword in the ground and summons a dragon claw, which deals #1# damage to enemies within a 10m radius and greatly reduces their Stance.	120	518	398	utf16		
1018	/NGR/Content/Data/DataTables/CombatGrowth/SkillGrowth/DT_SkillGrowth_SummonServantMale_Sword	/Game/Data/DataTables/CombatGrowth/SkillGrowth/DT_SkillGrowth_SummonServantMale_Sword	79531B314DED41599EC80F80ECBA4A00	13963	挥剑跃空，对路径敌人造成#0#点伤害；接着投掷重剑并召唤龙爪，攻击周围10米的敌人，造成#1#点伤害及高额破势值。	Dragon Sentinel swings his sword and leaps into the air, dealing #0# damage to enemies along the path. He then plants his sword in the ground and summons a dragon claw, which deals #1# damage to enemies within a 10m radius and greatly reduces their Stance.	120	518	398	utf16		
1018	/NGR/Content/Data/DataTables/CombatGrowth/SkillGrowth/DT_SkillGrowth_SummonServantMale_Sword	/Game/Data/DataTables/CombatGrowth/SkillGrowth/DT_SkillGrowth_SummonServantMale_Sword	2C0373044E7310D67CD4BEAD15E1E6E4	17625	挥剑跃空，对路径敌人造成#0#点伤害；接着投掷重剑并召唤龙爪，攻击周围10米的敌人，造成#1#点伤害及高额破势值。	Dragon Sentinel swings his sword and leaps into the air, dealing #0# damage to enemies along the path. He then plants his sword in the ground and summons a dragon claw, which deals #1# damage to enemies within a 10m radius and greatly reduces their Stance.	120	518	398	utf16		
1018	/NGR/Content/Data/DataTables/CombatGrowth/SkillGrowth/DT_SkillGrowth_SummonServantMale_Sword	/Game/Data/DataTables/CombatGrowth/SkillGrowth/DT_SkillGrowth_SummonServantMale_Sword	0036BDAE49E92DD7D451BE93D2625711	21287	挥剑跃空，对路径敌人造成#0#点伤害；接着投掷重剑并召唤龙爪，攻击周围10米的敌人，造成#1#点伤害及高额破势值。	Dragon Sentinel swings his sword and leaps into the air, dealing #0# damage to enemies along the path. He then plants his sword in the ground and summons a dragon claw, which deals #1# damage to enemies within a 10m radius and greatly reduces their Stance.	120	518	398	utf16		
1018	/NGR/Content/Data/DataTables/CombatGrowth/SkillGrowth/DT_SkillGrowth_SummonServantMale_Sword	/Game/Data/DataTables/CombatGrowth/SkillGrowth/DT_SkillGrowth_SummonServantMale_Sword	47222E944EEF913D6BE4F2B1E02684C6	24949	挥剑跃空，对路径敌人造成#0#点伤害；接着投掷重剑并召唤龙爪，攻击周围10米的敌人，造成#1#点伤害及高额破势值。	Dragon Sentinel swings his sword and leaps into the air, dealing #0# damage to enemies along the path. He then plants his sword in the ground and summons a dragon claw, which deals #1# damage to enemies within a 10m radius and greatly reduces their Stance.	120	518	398	utf16		
1018	/NGR/Content/Data/DataTables/CombatGrowth/SkillGrowth/DT_SkillGrowth_SummonServantMale_Sword	/Game/Data/DataTables/CombatGrowth/SkillGrowth/DT_SkillGrowth_SummonServantMale_Sword	40E4DF2547AE7139A1EA58BFEFB9A6E3	28611	挥剑跃空，对路径敌人造成#0#点伤害；接着投掷重剑并召唤龙爪，攻击周围10米的敌人，造成#1#点伤害及高额破势值。	Dragon Sentinel swings his sword and leaps into the air, dealing #0# damage to enemies along the path. He then plants his sword in the ground and summons a dragon claw, which deals #1# damage to enemies within a 10m radius and greatly reduces their Stance.	120	518	398	utf16		
1018	/NGR/Content/Data/DataTables/CombatGrowth/SkillGrowth/DT_SkillGrowth_SummonServantMale_Sword	/Game/Data/DataTables/CombatGrowth/SkillGrowth/DT_SkillGrowth_SummonServantMale_Sword	A835293F4D09842D2645799FA8864263	32273	挥剑跃空，对路径敌人造成#0#点伤害；接着投掷重剑并召唤龙爪，攻击周围10米的敌人，造成#1#点伤害及高额破势值。	Dragon Sentinel swings his sword and leaps into the air, dealing #0# damage to enemies along the path. He then plants his sword in the ground and summons a dragon claw, which deals #1# damage to enemies within a 10m radius and greatly reduces their Stance.	120	518	398	utf16		
1018	/NGR/Content/Data/DataTables/CombatGrowth/SkillGrowth/DT_SkillGrowth_SummonServantMale_Sword	/Game/Data/DataTables/CombatGrowth/SkillGrowth/DT_SkillGrowth_SummonServantMale_Sword	465181AA4CA3B98E214381AAFA9BA664	35935	挥剑跃空，对路径敌人造成#0#点伤害；接着投掷重剑并召唤龙爪，攻击周围10米的敌人，造成#1#点伤害及高额破势值。	Dragon Sentinel swings his sword and leaps into the air, dealing #0# damage to enemies along the path. He then plants his sword in the ground and summons a dragon claw, which deals #1# damage to enemies within a 10m radius and greatly reduces their Stance.	120	518	398	utf16		
1018	/NGR/Content/Data/DataTables/CombatGrowth/SkillGrowth/DT_SkillGrowth_SummonServantMale_Sword	/Game/Data/DataTables/CombatGrowth/SkillGrowth/DT_SkillGrowth_SummonServantMale_Sword	03194D7A4C52D9C37ED250B80B4EFEF8	39597	挥剑跃空，对路径敌人造成#0#点伤害；接着投掷重剑并召唤龙爪，攻击周围10米的敌人，造成#1#点伤害及高额破势值。	Dragon Sentinel swings his sword and leaps into the air, dealing #0# damage to enemies along the path. He then plants his sword in the ground and summons a dragon claw, which deals #1# damage to enemies within a 10m radius and greatly reduces their Stance.	120	518	398	utf16		
1018	/NGR/Content/Data/DataTables/CombatGrowth/SkillGrowth/DT_SkillGrowth_SummonServantMale_Sword	/Game/Data/DataTables/CombatGrowth/SkillGrowth/DT_SkillGrowth_SummonServantMale_Sword	76DF9350425856A39B9052AC05CEAED1	43259	挥剑跃空，对路径敌人造成#0#点伤害；接着投掷重剑并召唤龙爪，攻击周围10米的敌人，造成#1#点伤害及高额破势值。	Dragon Sentinel swings his sword and leaps into the air, dealing #0# damage to enemies along the path. He then plants his sword in the ground and summons a dragon claw, which deals #1# damage to enemies within a 10m radius and greatly reduces their Stance.	120	518	398	utf16		
1018	/NGR/Content/Data/DataTables/CombatGrowth/SkillGrowth/DT_SkillGrowth_SummonServantMale_Sword	/Game/Data/DataTables/CombatGrowth/SkillGrowth/DT_SkillGrowth_SummonServantMale_Sword	5256FAC14A4DAD6DFD7CAAA4E66877F3	46921	挥剑跃空，对路径敌人造成#0#点伤害；接着投掷重剑并召唤龙爪，攻击周围10米的敌人，造成#1#点伤害及高额破势值。	Dragon Sentinel swings his sword and leaps into the air, dealing #0# damage to enemies along the path. He then plants his sword in the ground and summons a dragon claw, which deals #1# damage to enemies within a 10m radius and greatly reduces their Stance.	120	518	398	utf16		
1018	/NGR/Content/Data/DataTables/CombatGrowth/SkillGrowth/DT_SkillGrowth_SummonServantMale_Sword	/Game/Data/DataTables/CombatGrowth/SkillGrowth/DT_SkillGrowth_SummonServantMale_Sword	569771314653265EA89BF598DBC79065	50583	挥剑跃空，对路径敌人造成#0#点伤害；接着投掷重剑并召唤龙爪，攻击周围10米的敌人，造成#1#点伤害及高额破势值。	Dragon Sentinel swings his sword and leaps into the air, dealing #0# damage to enemies along the path. He then plants his sword in the ground and summons a dragon claw, which deals #1# damage to enemies within a 10m radius and greatly reduces their Stance.	120	518	398	utf16		
1018	/NGR/Content/Data/DataTables/CombatGrowth/SkillGrowth/DT_SkillGrowth_SummonServantMale_Sword	/Game/Data/DataTables/CombatGrowth/SkillGrowth/DT_SkillGrowth_SummonServantMale_Sword	F12AAFD84577A89A600A75B14ED60A93	54245	挥剑跃空，对路径敌人造成#0#点伤害；接着投掷重剑并召唤龙爪，攻击周围10米的敌人，造成#1#点伤害及高额破势值。	Dragon Sentinel swings his sword and leaps into the air, dealing #0# damage to enemies along the path. He then plants his sword in the ground and summons a dragon claw, which deals #1# damage to enemies within a 10m radius and greatly reduces their Stance.	120	518	398	utf16		
1018	/NGR/Content/Data/DataTables/CombatGrowth/SkillGrowth/DT_SkillGrowth_SummonServantMale_Sword	/Game/Data/DataTables/CombatGrowth/SkillGrowth/DT_SkillGrowth_SummonServantMale_Sword	2653D52247EB96C54895AE8AAE7EBCEA	57907	挥剑跃空，对路径敌人造成#0#点伤害；接着投掷重剑并召唤龙爪，攻击周围10米的敌人，造成#1#点伤害及高额破势值。	Dragon Sentinel swings his sword and leaps into the air, dealing #0# damage to enemies along the path. He then plants his sword in the ground and summons a dragon claw, which deals #1# damage to enemies within a 10m radius and greatly reduces their Stance.	120	518	398	utf16		
1018	/NGR/Content/Data/DataTables/CombatGrowth/SkillGrowth/DT_SkillGrowth_SummonServantMale_Sword	/Game/Data/DataTables/CombatGrowth/SkillGrowth/DT_SkillGrowth_SummonServantMale_Sword	5C67325545BB2519B9C7D1A1A3DAA5DA	61569	挥剑跃空，对路径敌人造成#0#点伤害；接着投掷重剑并召唤龙爪，攻击周围10米的敌人，造成#1#点伤害及高额破势值。	Dragon Sentinel swings his sword and leaps into the air, dealing #0# damage to enemies along the path. He then plants his sword in the ground and summons a dragon claw, which deals #1# damage to enemies within a 10m radius and greatly reduces their Stance.	120	518	398	utf16		
1018	/NGR/Content/Data/DataTables/CombatGrowth/SkillGrowth/DT_SkillGrowth_SummonServantMale_Sword	/Game/Data/DataTables/CombatGrowth/SkillGrowth/DT_SkillGrowth_SummonServantMale_Sword	B5E2DBA44B5B831AFFF726987DF71F1D	104831	挥剑跃空，对路径敌人造成#0#点伤害；接着投掷重剑并召唤龙爪，攻击周围10米的敌人，造成#1#点伤害及高额破势值。	Dragon Sentinel swings his sword and leaps into the air, dealing #0# damage to enemies along the path. He then plants his sword in the ground and summons a dragon claw, which deals #1# damage to enemies within a 10m radius and greatly reduces their Stance.	120	518	398	utf16		
1018	/NGR/Content/Data/DataTables/CombatGrowth/SkillGrowth/DT_SkillGrowth_SummonServantMale_Sword	/Game/Data/DataTables/CombatGrowth/SkillGrowth/DT_SkillGrowth_SummonServantMale_Sword	791CCE2D4ABABEF0FA85FBB7FCAC8CBE	108493	挥剑跃空，对路径敌人造成#0#点伤害；接着投掷重剑并召唤龙爪，攻击周围10米的敌人，造成#1#点伤害及高额破势值。	Dragon Sentinel swings his sword and leaps into the air, dealing #0# damage to enemies along the path. He then plants his sword in the ground and summons a dragon claw, which deals #1# damage to enemies within a 10m radius and greatly reduces their Stance.	120	518	398	utf16		
1018	/NGR/Content/Data/DataTables/CombatGrowth/SkillGrowth/DT_SkillGrowth_SummonServantMale_Sword	/Game/Data/DataTables/CombatGrowth/SkillGrowth/DT_SkillGrowth_SummonServantMale_Sword	B5F9EB17424B57D405E14C98FEFBA246	112155	挥剑跃空，对路径敌人造成#0#点伤害；接着投掷重剑并召唤龙爪，攻击周围10米的敌人，造成#1#点伤害及高额破势值。	Dragon Sentinel swings his sword and leaps into the air, dealing #0# damage to enemies along the path. He then plants his sword in the ground and summons a dragon claw, which deals #1# damage to enemies within a 10m radius and greatly reduces their Stance.	120	518	398	utf16		
1018	/NGR/Content/Data/DataTables/CombatGrowth/SkillGrowth/DT_SkillGrowth_SummonWanFaZhuLing	/Game/Data/DataTables/CombatGrowth/SkillGrowth/DT_SkillGrowth_SummonWanFaZhuLing	78137F0A44AE66BD3B99C69B9DE9EA74	2525	汇聚能量，施放出一个能量球，能量球落地后会产生#0#次爆炸，每次爆炸对周围敌人造成#1#点伤害。召唤后会提升自身#2#绝技强度，持续#3#秒。	Creates an energy orb that explodes #0# times after it lands, dealing #1# damage to nearby enemies with each explosion. Increases your Ultimate Power by #2# for #3#s.	148	338	190	utf16		
1018	/NGR/Content/Data/DataTables/CombatGrowth/SkillGrowth/DT_SkillGrowth_SummonWanFaZhuLing	/Game/Data/DataTables/CombatGrowth/SkillGrowth/DT_SkillGrowth_SummonWanFaZhuLing	B6FADE4D4D8CAFA11CF933BE0C9103C8	7043	汇聚能量，施放出一个能量球，能量球落地后会产生#0#次爆炸，每次爆炸对周围敌人造成#1#点伤害。召唤后会提升自身#2#绝技强度，持续#3#秒。	Creates an energy orb that explodes #0# times after it lands, dealing #1# damage to nearby enemies with each explosion. Increases your Ultimate Power by #2# for #3#s.	148	338	190	utf16		
1018	/NGR/Content/Data/DataTables/CombatGrowth/SkillGrowth/DT_SkillGrowth_SummonWanFaZhuLing	/Game/Data/DataTables/CombatGrowth/SkillGrowth/DT_SkillGrowth_SummonWanFaZhuLing	DC81E1704F3215247AB0E39DFF1A0892	11561	汇聚能量，施放出一个能量球，能量球落地后会产生#0#次爆炸，每次爆炸对周围敌人造成#1#点伤害。召唤后会提升自身#2#绝技强度，持续#3#秒。	Creates an energy orb that explodes #0# times after it lands, dealing #1# damage to nearby enemies with each explosion. Increases your Ultimate Power by #2# for #3#s.	148	338	190	utf16		
1018	/NGR/Content/Data/DataTables/CombatGrowth/SkillGrowth/DT_SkillGrowth_SummonWanFaZhuLing	/Game/Data/DataTables/CombatGrowth/SkillGrowth/DT_SkillGrowth_SummonWanFaZhuLing	CF2C5E9E45C7F7F8D88506AE3190BC41	16079	汇聚能量，施放出一个能量球，能量球落地后会产生#0#次爆炸，每次爆炸对周围敌人造成#1#点伤害。召唤后会提升自身#2#绝技强度，持续#3#秒。	Creates an energy orb that explodes #0# times after it lands, dealing #1# damage to nearby enemies with each explosion. Increases your Ultimate Power by #2# for #3#s.	148	338	190	utf16		
1018	/NGR/Content/Data/DataTables/CombatGrowth/SkillGrowth/DT_SkillGrowth_SummonWanFaZhuLing	/Game/Data/DataTables/CombatGrowth/SkillGrowth/DT_SkillGrowth_SummonWanFaZhuLing	AD41183441A5EDA995F2FEBE51A5148B	20597	汇聚能量，施放出一个能量球，能量球落地后会产生#0#次爆炸，每次爆炸对周围敌人造成#1#点伤害。召唤后会提升自身#2#绝技强度，持续#3#秒。	Creates an energy orb that explodes #0# times after it lands, dealing #1# damage to nearby enemies with each explosion. Increases your Ultimate Power by #2# for #3#s.	148	338	190	utf16		
1018	/NGR/Content/Data/DataTables/CombatGrowth/SkillGrowth/DT_SkillGrowth_SummonWanFaZhuLing	/Game/Data/DataTables/CombatGrowth/SkillGrowth/DT_SkillGrowth_SummonWanFaZhuLing	624281D54C85E947D91BF2B6BB05985A	25115	汇聚能量，施放出一个能量球，能量球落地后会产生#0#次爆炸，每次爆炸对周围敌人造成#1#点伤害。召唤后会提升自身#2#绝技强度，持续#3#秒。	Creates an energy orb that explodes #0# times after it lands, dealing #1# damage to nearby enemies with each explosion. Increases your Ultimate Power by #2# for #3#s.	148	338	190	utf16		
1018	/NGR/Content/Data/DataTables/CombatGrowth/SkillGrowth/DT_SkillGrowth_SummonWanFaZhuLing	/Game/Data/DataTables/CombatGrowth/SkillGrowth/DT_SkillGrowth_SummonWanFaZhuLing	B042372A4E30A0C0A0DDDDA3AD2345EE	29633	汇聚能量，施放出一个能量球，能量球落地后会产生#0#次爆炸，每次爆炸对周围敌人造成#1#点伤害。召唤后会提升自身#2#绝技强度，持续#3#秒。	Creates an energy orb that explodes #0# times after it lands, dealing #1# damage to nearby enemies with each explosion. Increases your Ultimate Power by #2# for #3#s.	148	338	190	utf16		
1018	/NGR/Content/Data/DataTables/CombatGrowth/SkillGrowth/DT_SkillGrowth_SummonWanFaZhuLing	/Game/Data/DataTables/CombatGrowth/SkillGrowth/DT_SkillGrowth_SummonWanFaZhuLing	C89814F84B4B8A25252CAABED3883943	34151	汇聚能量，施放出一个能量球，能量球落地后会产生#0#次爆炸，每次爆炸对周围敌人造成#1#点伤害。召唤后会提升自身#2#绝技强度，持续#3#秒。	Creates an energy orb that explodes #0# times after it lands, dealing #1# damage to nearby enemies with each explosion. Increases your Ultimate Power by #2# for #3#s.	148	338	190	utf16		
1018	/NGR/Content/Data/DataTables/CombatGrowth/SkillGrowth/DT_SkillGrowth_SummonWanFaZhuLing	/Game/Data/DataTables/CombatGrowth/SkillGrowth/DT_SkillGrowth_SummonWanFaZhuLing	C3B70417486B90A19BFE939D3ED08736	38669	汇聚能量，施放出一个能量球，能量球落地后会产生#0#次爆炸，每次爆炸对周围敌人造成#1#点伤害。召唤后会提升自身#2#绝技强度，持续#3#秒。	Creates an energy orb that explodes #0# times after it lands, dealing #1# damage to nearby enemies with each explosion. Increases your Ultimate Power by #2# for #3#s.	148	338	190	utf16		
1018	/NGR/Content/Data/DataTables/CombatGrowth/SkillGrowth/DT_SkillGrowth_SummonWanFaZhuLing	/Game/Data/DataTables/CombatGrowth/SkillGrowth/DT_SkillGrowth_SummonWanFaZhuLing	AA134DF049261F582BC033BE525D888D	43187	汇聚能量，施放出一个能量球，能量球落地后会产生#0#次爆炸，每次爆炸对周围敌人造成#1#点伤害。召唤后会提升自身#2#绝技强度，持续#3#秒。	Creates an energy orb that explodes #0# times after it lands, dealing #1# damage to nearby enemies with each explosion. Increases your Ultimate Power by #2# for #3#s.	148	338	190	utf16		
1018	/NGR/Content/Data/DataTables/CombatGrowth/SkillGrowth/DT_SkillGrowth_SummonWanFaZhuLing	/Game/Data/DataTables/CombatGrowth/SkillGrowth/DT_SkillGrowth_SummonWanFaZhuLing	A09B2A7C4AD131059423478F5A4B43E1	47705	汇聚能量，施放出一个能量球，能量球落地后会产生#0#次爆炸，每次爆炸对周围敌人造成#1#点伤害。召唤后会提升自身#2#绝技强度，持续#3#秒。	Creates an energy orb that explodes #0# times after it lands, dealing #1# damage to nearby enemies with each explosion. Increases your Ultimate Power by #2# for #3#s.	148	338	190	utf16		
1018	/NGR/Content/Data/DataTables/CombatGrowth/SkillGrowth/DT_SkillGrowth_SummonWanFaZhuLing	/Game/Data/DataTables/CombatGrowth/SkillGrowth/DT_SkillGrowth_SummonWanFaZhuLing	3E873E2D4490D8B1F3AADBB1AFCC55E0	52223	汇聚能量，施放出一个能量球，能量球落地后会产生#0#次爆炸，每次爆炸对周围敌人造成#1#点伤害。召唤后会提升自身#2#绝技强度，持续#3#秒。	Creates an energy orb that explodes #0# times after it lands, dealing #1# damage to nearby enemies with each explosion. Increases your Ultimate Power by #2# for #3#s.	148	338	190	utf16		
1018	/NGR/Content/Data/DataTables/CombatGrowth/SkillGrowth/DT_SkillGrowth_SummonWanFaZhuLing	/Game/Data/DataTables/CombatGrowth/SkillGrowth/DT_SkillGrowth_SummonWanFaZhuLing	3DFB8C334354D46D4334799B75772A79	56741	汇聚能量，施放出一个能量球，能量球落地后会产生#0#次爆炸，每次爆炸对周围敌人造成#1#点伤害。召唤后会提升自身#2#绝技强度，持续#3#秒。	Creates an energy orb that explodes #0# times after it lands, dealing #1# damage to nearby enemies with each explosion. Increases your Ultimate Power by #2# for #3#s.	148	338	190	utf16		
1018	/NGR/Content/Data/DataTables/CombatGrowth/SkillGrowth/DT_SkillGrowth_SummonWanFaZhuLing	/Game/Data/DataTables/CombatGrowth/SkillGrowth/DT_SkillGrowth_SummonWanFaZhuLing	5B61BC8D4006173190A436B7E6F280C1	61259	汇聚能量，施放出一个能量球，能量球落地后会产生#0#次爆炸，每次爆炸对周围敌人造成#1#点伤害。召唤后会提升自身#2#绝技强度，持续#3#秒。	Creates an energy orb that explodes #0# times after it lands, dealing #1# damage to nearby enemies with each explosion. Increases your Ultimate Power by #2# for #3#s.	148	338	190	utf16		
1018	/NGR/Content/Data/DataTables/CombatGrowth/SkillGrowth/DT_SkillGrowth_SummonWanFaZhuLing	/Game/Data/DataTables/CombatGrowth/SkillGrowth/DT_SkillGrowth_SummonWanFaZhuLing	246F44524F4D0557C2BB16ABE18BE777	65777	汇聚能量，施放出一个能量球，能量球落地后会产生#0#次爆炸，每次爆炸对周围敌人造成#1#点伤害。召唤后会提升自身#2#绝技强度，持续#3#秒。	Creates an energy orb that explodes #0# times after it lands, dealing #1# damage to nearby enemies with each explosion. Increases your Ultimate Power by #2# for #3#s.	148	338	190	utf16		
1018	/NGR/Content/Data/DataTables/CombatGrowth/SkillGrowth/DT_SkillGrowth_SummonWanFaZhuLing	/Game/Data/DataTables/CombatGrowth/SkillGrowth/DT_SkillGrowth_SummonWanFaZhuLing	D5E16DD54C947CEAE2690D966EE486D3	70295	汇聚能量，施放出一个能量球，能量球落地后会产生#0#次爆炸，每次爆炸对周围敌人造成#1#点伤害。召唤后会提升自身#2#绝技强度，持续#3#秒。	Creates an energy orb that explodes #0# times after it lands, dealing #1# damage to nearby enemies with each explosion. Increases your Ultimate Power by #2# for #3#s.	148	338	190	utf16		
1018	/NGR/Content/Data/DataTables/Equip/DT_EquipFeatureLevel	/Game/Data/DataTables/Equip/DT_EquipFeatureLevel	B8052E3E4CF352D9540DA8812A076907	35930	普通攻击命中敌人后，获得【王牌】效果；流技命中敌人获得【疾风】效果，持续6秒。	The Basic Attack on hit grants Ace for 6s. Each skill on hit grants Gale for 6s.	84	166	82	utf16		
1018	/NGR/Content/Data/DataTables/Equip/DT_EquipFeatureLevel	/Game/Data/DataTables/Equip/DT_EquipFeatureLevel	226B3DF84EF752B754F720B02F979CB8	36847	施放绝技时，前后台共鸣获得生命恢复。	Restores Health to the two Flow Styles when using the Ultimate.	42	132	90	utf16		
1018	/NGR/Content/Data/DataTables/Equip/DT_EquipFeatureLevel	/Game/Data/DataTables/Equip/DT_EquipFeatureLevel	7ECE1EF94421F56562F23F954CF1B610	38615	普攻命中敌人后，获得增益效果，持续8秒，最多叠加5层。	The Basic Attack on hit grants a bonus effect for 8s, stacking up to 5 times.	60	160	100	utf16		
1018	/NGR/Content/Data/DataTables/RPVP/CharacterGrowth/DT_RPVP_GeniusShow	/Game/Data/DataTables/RPVP/CharacterGrowth/DT_RPVP_GeniusShow	AECE2D4C4DE191AB554B47BF472DD042	5360	"【破命击】将敌人都视为空中单位，
命中后获得额外能量。"	Quietus Blow deals damage as if the target were in midair and additionally charges Flow Execution.	60	202	142	utf16		
1018	/NGR/Content/Data/DataTables/RPVP/CharacterGrowth/DT_RPVP_GeniusShow	/Game/Data/DataTables/RPVP/CharacterGrowth/DT_RPVP_GeniusShow	6FBC26934542C4287D8FA0B424F82A14	7334	【绝技】无视敌人部分防御力。	The Ultimate ignores certain Defense.	34	80	46	utf16		
1018	/NGR/Content/Data/DataTables/RPVP/CharacterGrowth/DT_RPVP_GeniusShow	/Game/Data/DataTables/RPVP/CharacterGrowth/DT_RPVP_GeniusShow	F0EF937B49D9EE69A0935B970DDAF12E	10864	【幻纱之灵】施放法球数量翻倍，充能次数-1。	Mistveil Orb launches two Orbs at once, but reduces the skill's maximum charges by 1.	50	176	126	utf16		
1018	/NGR/Content/Data/DataTables/RPVP/CharacterGrowth/DT_RPVP_GeniusShow	/Game/Data/DataTables/RPVP/CharacterGrowth/DT_RPVP_GeniusShow	2E7A569B49F750B63CBE19B5A5B5F1A7	23162	施放【禁锢寒霜】时，减少全技能冷却时间。	Frigid Prison reduces all skill cooldowns.	46	90	44	utf16		
1018	/NGR/Content/Data/DataTables/RPVP/CharacterGrowth/DT_RPVP_GeniusShow	/Game/Data/DataTables/RPVP/CharacterGrowth/DT_RPVP_GeniusShow	E851C6D54D5B4A3D101AAD9A1D476013	29432	额外敌人	Extra Target	14	30	16	utf16		
1018	/NGR/Content/Data/DataTables/RPVP/CharacterGrowth/DT_RPVP_GeniusShow	/Game/Data/DataTables/RPVP/CharacterGrowth/DT_RPVP_GeniusShow	D72709A64F0C3A6524A19E9D35A2B129	29518	【追魔箭】可额外命中1个敌人。	Evil Chaser Arrow hits 1 additional target.	36	92	56	utf16		
1018	/NGR/Content/Data/DataTables/RPVP/CharacterGrowth/DT_RPVP_GeniusShow	/Game/Data/DataTables/RPVP/CharacterGrowth/DT_RPVP_GeniusShow	1A5A36A9437E2CFE62ED4BA91CBB3FBB	30300	【追魔箭】可额外命中2个敌人。	Evil Chaser Arrow hits 2 additional targets.	36	94	58	utf16		
1018	/NGR/Content/Data/DataTables/RPVP/CharacterGrowth/DT_RPVP_GeniusShow	/Game/Data/DataTables/RPVP/CharacterGrowth/DT_RPVP_GeniusShow	25772DDC40EF932CDC9FE0A27F61D05A	31092	响应僚机施放后，获得黑洞弹，施放造成范围伤害，并持续3秒造成吸力，最后爆炸，造成范围伤害。初始命中为强流技，命中时可判定，最后爆炸不可触发流技闪避判定，为普攻层级攻击。	Using Drone Companion changes the skill into Singularity Round. On use, it immediately deals damage, continuously pulls enemies toward the center for 3s, then explodes and deals damage again. The initial hit counts as an Enhanced-level attack and can be dodged as if it's a skill. The explosion counts as a Basic-level attack and cannot be dodged as if it's a skill.	174	738	564	utf16		
1018	/NGR/Content/Data/DataTables/RPVP/CharacterGrowth/DT_RPVP_GeniusShow	/Game/Data/DataTables/RPVP/CharacterGrowth/DT_RPVP_GeniusShow	10DAFFC548E154121CC1F188AD0727F4	33064	精准施放	Precision Cast	14	34	20	utf16		
1018	/NGR/Content/Data/DataTables/RPVP/CharacterGrowth/DT_RPVP_GeniusShow	/Game/Data/DataTables/RPVP/CharacterGrowth/DT_RPVP_GeniusShow	05AF081C4B309B5BC274EA98F07DBC5C	39002	敌人被炸弹附着期间，所受伤害将储存在炸弹中，后随爆炸施放。伤害储存量为10%+流技强度×30%。	When a bomb is attached to an enemy, it stores the damage that enemy takes. When the bomb explodes, it deals damage equal to 10% of the stored damage plus 30% Skill Power.	102	348	246	utf16		
1018	/NGR/Content/Data/DataTables/RPVP/CharacterGrowth/DT_RPVP_GeniusShow	/Game/Data/DataTables/RPVP/CharacterGrowth/DT_RPVP_GeniusShow	DD7550B143D4FB959C6A04AA2DF0050A	40682	【时空爆弹】重复命中相同敌人时，附加易伤。	The second Time Bomb on the same target inflicts Vulnerability.	48	132	84	utf16		
1018	/NGR/Content/Data/DataTables/Summon/DT_SummonTalentSummonPassiveEffect	/Game/Data/DataTables/Summon/DT_SummonTalentSummonPassiveEffect	FB1CA11747A043102276CD9A5A48F9E6	4595	浮梦状态结束时，每损失10%点的护盾，提升共鸣#Atk#的攻击力和#Def#的防御力，持续15秒	When Dreamfloat ends, for every 10% Shield lost, increases the Flow Style's Attack by #Atk# and Defense by #Def# for 15s.	102	248	146	utf16		
1018	/NGR/Content/Data/DataTables/Summon/DT_SummonTalentSummonPassiveEffect	/Game/Data/DataTables/Summon/DT_SummonTalentSummonPassiveEffect	31317A2F421CC2C0ECB3C8833E99D42F	5458	浮梦状态结束时，每损失10%点的护盾，提升共鸣#Atk#的攻击力和#Def#的防御力，持续15秒	When Dreamfloat ends, for every 10% Shield lost, increases the Flow Style's Attack by #Atk# and Defense by #Def# for 15s.	102	248	146	utf16		
1018	/NGR/Content/Data/DataTables/Summon/DT_SummonTalentSummonPassiveEffect	/Game/Data/DataTables/Summon/DT_SummonTalentSummonPassiveEffect	B1F40FDC41CC7A0D080822901613B0C4	5857	蔚蓝神兽攻击命中会附带大量凝流相激发，冻结目标	Azure Beast deals Ice damage that freezes the enemies.	52	114	62	utf16		
1018	/NGR/Content/Data/DataTables/Summon/DT_SummonTalentSummonPassiveEffect	/Game/Data/DataTables/Summon/DT_SummonTalentSummonPassiveEffect	9BE4BCEF489D62E1E1B546BF5E2AD0B2	8474	蔚蓝神兽攻击命中会附带大量凝流相激发，冻结目标	Azure Beast deals Ice Damage that freezes the enemies.	52	114	62	utf16		
1018	/NGR/Content/Data/DataTables/Summon/DT_SummonTalentSummonPassiveEffect	/Game/Data/DataTables/Summon/DT_SummonTalentSummonPassiveEffect	016D4E584F06D55E8C45869C78A9F134	12821	8秒内自身绝技伤害＋62.5%	Increases Ultimate damage by 62.5% for 8s.	36	90	54	utf16		
1018	/NGR/Content/Data/DataTables/Summon/DT_SummonTalentSummonPassiveEffect	/Game/Data/DataTables/Summon/DT_SummonTalentSummonPassiveEffect	2CEF10084C18057E3BD0838D9C5BDCB0	13060	飞刀最多额外造成两段伤害，伤害降低至基础的50%，流技伤害提升效果最大叠加层数增加至5层	Flying blades can land up to two additional hits, dealing 50% base damage. Skill Damage Boost can now stack up to 5 times.	94	250	156	utf16		
1018	/NGR/Content/Data/DataTables/Summon/DT_SummonTalentSummonPassiveEffect	/Game/Data/DataTables/Summon/DT_SummonTalentSummonPassiveEffect	EEDC5C34495F94CCF4D113A5CC005A78	13357	大幅提升自身威胁值	Greatly increases your Flow Style's Threat.	24	92	68	utf16		
1018	/NGR/Content/Data/DataTables/Summon/DT_SummonTalentSummonPassiveEffect	/Game/Data/DataTables/Summon/DT_SummonTalentSummonPassiveEffect	5F08BA1647A1AB4DEAB6F7A24FCEE1CF	14181	8秒内自身绝技伤害＋62.5%	Increases Ultimate Damage by 62.5% for 8s.	36	90	54	utf16		
1018	/NGR/Content/Data/DataTables/Summon/DT_SummonTalentSummonPassiveEffect	/Game/Data/DataTables/Summon/DT_SummonTalentSummonPassiveEffect	A451D5B947896B3EB744A38D062F642A	14416	飞刀最多额外造成两段伤害，伤害降低至基础的50%，流技伤害提升效果最大叠加层数增加至5层	Flying blades can land up to two additional hits, dealing 50% base damage. Skill Damage Boost can now stack up to 5 times.	94	250	156	utf16		
1018	/NGR/Content/Data/DataTables/Summon/DT_SummonTalentSummonPassiveEffect	/Game/Data/DataTables/Summon/DT_SummonTalentSummonPassiveEffect	8804A9D745D6F525DABB4EA4132EED6A	14709	大幅提升自身威胁值	Greatly increases your Flow Style's Threat.	24	92	68	utf16		
1018	/NGR/Content/Data/DataTables/Summon/DT_SummonTalentSummonPassiveEffect	/Game/Data/DataTables/Summon/DT_SummonTalentSummonPassiveEffect	02CFB9A944F64B4AD5FB7FB6E24C4D76	15030	毕方命中敌方单位，额外降低其#a#攻击力	Further reduces the enemies' Attack by #a#.	46	92	46	utf16		
1018	/NGR/Content/Data/DataTables/Summon/DT_SummonTalentSummonPassiveEffect	/Game/Data/DataTables/Summon/DT_SummonTalentSummonPassiveEffect	A608A59C4FA761414C290AA9DDDF4615	15279	毕方会在攻击时降下雷电，对路径上的敌人造成额外伤害	Bi Fang strikes with lightning during its attacks, dealing extra damage to enemies in its path.	56	196	140	utf16		
1018	/NGR/Content/Data/DataTables/Summon/DT_SummonTalentSummonPassiveEffect	/Game/Data/DataTables/Summon/DT_SummonTalentSummonPassiveEffect	9418779A46F4C3F4EF677E96B6EC9A0C	17732	毕方命中敌方单位，额外降低其#a#攻击力	Further reduces the enemies' Attack by #a#.	46	92	46	utf16		
1018	/NGR/Content/Data/DataTables/Summon/DT_SummonTalentSummonPassiveEffect	/Game/Data/DataTables/Summon/DT_SummonTalentSummonPassiveEffect	49F6D44A41A05D8D529835B0B9EACFE3	17977	毕方会在攻击时降下雷电，对路径上的敌人造成额外伤害	Bi Fang strikes with lightning during its attacks, dealing extra damage to enemies in its path.	56	196	140	utf16		
1018	/NGR/Content/Data/DataTables/Summon/DT_SummonTalentSummonPassiveEffect	/Game/Data/DataTables/Summon/DT_SummonTalentSummonPassiveEffect	8A5F318A4FD2A79E58DA9686DD40F73D	18652	施放后，气流可以聚集更大范围的敌人	Pulls in enemies from a wider area with air currents.	40	112	72	utf16		
1018	/NGR/Content/Data/DataTables/Summon/DT_SummonTalentSummonPassiveEffect	/Game/Data/DataTables/Summon/DT_SummonTalentSummonPassiveEffect	B4C0FB8043798B5FD225E9A7190DB35E	18895	施放后，立刻减少前台共鸣#a#流技冷却	Reduces the Cooldown of the active Flow Style's Skill by #a#.	44	128	84	utf16		
1018	/NGR/Content/Data/DataTables/Summon/DT_SummonTalentSummonPassiveEffect	/Game/Data/DataTables/Summon/DT_SummonTalentSummonPassiveEffect	0EDED7E748D452FFD69A7781F23079C9	19142	两枚风弹爆炸后会各自生成一个额外的风弹，一定时间后爆炸，爆炸造成原本#c#的伤害	After the two wind bombs explode, each generates an extra wind bomb. These detonate after a delay, dealing #c# of the original damage.	86	274	188	utf16		
1018	/NGR/Content/Data/DataTables/Summon/DT_SummonTalentSummonPassiveEffect	/Game/Data/DataTables/Summon/DT_SummonTalentSummonPassiveEffect	DFAC4EC342CC6C1E015C58B4945572F8	20447	施放后，气流可以聚集更大范围的敌人	Pulls in enemies from a wider area with air currents.	40	112	72	utf16		
1018	/NGR/Content/Data/DataTables/Summon/DT_SummonTalentSummonPassiveEffect	/Game/Data/DataTables/Summon/DT_SummonTalentSummonPassiveEffect	436A0A1643241374A30E24AB357F92B6	20686	施放后，立刻减少前台共鸣#a#流技冷却	Reduces the Cooldown of the active Flow Style's Skill by #a#.	44	128	84	utf16		
1018	/NGR/Content/Data/DataTables/Summon/DT_SummonTalentSummonPassiveEffect	/Game/Data/DataTables/Summon/DT_SummonTalentSummonPassiveEffect	47AEB8CD4008AC09FD56B492F2AFC121	20929	两枚风弹爆炸后会各自生成一个额外的风弹，一定时间后爆炸，爆炸造成原本#c#的伤害	After the two Wind Bombs explode, each generates an extra Wind Bombs. These detonate after a delay, dealing #c# of the original damage.	86	276	190	utf16		
