change_type	namespace	guid	source_hash	row	zh_text	old_en_text	new_en_text	status	allow_new_namespace
added_entry	/Game/Data/DataTables/Appearance/DT_AppearanceActionBtn	73E94D244D4224C727B15492A1735617	430386037	29	赠送		Send Gift	translated	False
added_entry	/Game/Data/DataTables/BattleTutorial/DT_BattleTutorial_LongYa	FC6F5C2446DF1E82BEC1C28E816F8FD2	1772522170	302104	"流脉·熔火裂甲
[br]淬焰锻匠和另一上阵共鸣对破甲单位造成伤害时，使暴击率提升。"		"Flow Pulse: Molten Armor-Cracker
[br]When the Flame-Tempered Artisan and another deployed resonance unit deal damage to an armor-broken target, Critical Rate is increased."	translated	False
added_entry	/Game/Data/DataTables/CharacterMap/DT_CharacterMapConfig_RPVPResonancePick	D7E517094C4D60EA3D81BEBC60A81589	3963772976	1007602	王昭君繁光旧梦		Wang Zhaojun - Old Dreams of Radiant Light	translated	False
added_entry	/Game/Data/DataTables/CoinEnhancement/DT_EnhancementRewards	77CF57D0497F1E994F51BCB674FCE19D	3438361284	12	咒术典籍+		Spell Tome+	translated	False
added_entry	/Game/Data/DataTables/CoinEnhancement/DT_EnhancementRewards	7F1DD93A49A5E427E33EC98AEDF1A2BC	433172563	19	咒术典籍++		Spell Tome++	translated	False
added_entry	/Game/Data/DataTables/CoinEnhancement/DT_EnhancementRewards	CDD7428A4979090CFC69B89FDC93EEC6	3067737569	26	咒术典籍+++		Spell Tome+++	translated	False
added_entry	/Game/Data/DataTables/CoinEnhancement/DT_EnhancementRewards	3D8230664E68925527C496A55FDC6298	3834025242	28	狩猎宽刃+++		Hunter's Machete+++	translated	False
added_entry	/Game/Data/DataTables/CoinEnhancement/DT_EnhancementRewards	5148410842AE29BB32AAA88D6533D409	149717709	5	咒术典籍		Spell Tome	translated	False
added_entry	/Game/Data/DataTables/CoinEnhancement/DT_EnhancementRewards	D38BF7D64E6C270F7C25E880793F59F5	1025035091	55	[共流技] 学识宝石		[Flow Skill] Knowledge Gem	translated	False
added_entry	/Game/Data/DataTables/CoinEnhancement/DT_EnhancementRewards	D56F6918405DD81A82829EB2B528434A	2063874307	56	[共流技] 极影		[Flow Skill] Shadow Blade	translated	False
added_entry	/Game/Data/DataTables/CombatGrowth/BuffGrowth/DT_BuffGrowth_Mythic	27E2ABDB41C4AEC2295F61A74999A735	2790399270	1010430101_1	boss狂暴时间缩短<Skill_Number>30%</>		Boss enrage duration reduced by <Skill_Number>30%</>	translated	False
added_entry	/Game/Data/DataTables/CombatGrowth/BuffGrowth/DT_BuffGrowth_Mythic	4314F63647C6900E0EAC7F8735B99733	2790399270	10104301_1	boss狂暴时间缩短<Skill_Number>30%</>		Boss enrage duration reduced by <Skill_Number>30%</>	translated	False
added_entry	/Game/Data/DataTables/CombatGrowth/BuffGrowth/DT_BuffGrowth_Mythic	E6B927DD46621D4CA33F8E8462BC8AB3	2418211537	10104330_1	若敌人红光技没有被反制，使用红光技后敌人会立刻恢复<Skill_Number>20%</>架势条		If the enemy's red-glint skill is not countered, the enemy will immediately recover <Skill_Number>20%</> of its Posture Bar after using the skill.	translated	False
added_entry	/Game/Data/DataTables/CombatGrowth/BuffGrowth/DT_BuffGrowth_Mythic	F497581D427B92DAFCE7339DCBBC533A	538945665	10104331_1	若敌人红光技没有被反制，使用红光技后敌人会立刻恢复<Skill_Number>40%</>架势条		If the enemy's red-glint skill is not countered, the enemy will immediately recover <Skill_Number>40%</> of its Posture Bar after using the skill.	translated	False
added_entry	/Game/Data/DataTables/CombatGrowth/BuffGrowth/DT_BuffGrowth_WZJ	C45485AB44DB05569F5F03968D00FCCD	3907615703	70516_1	消耗冰晶施放蓄力技能时，会给自己和周围#GenShield_OnLPSkillRelease_RangeA#米内的友方提供护盾，护盾持续#GenShield_OnLPSkillRelease_Time#秒。每消耗<Skill_Number>1</>颗冰晶可获得#GenShield_OnLPSkillRelease_IceBallValueA#攻击力的护盾。		When consuming Ice Crystals to cast a charged skill, you provide a shield to yourself and nearby allies within #GenShield_OnLPSkillRelease_RangeA# meters, lasting for #GenShield_OnLPSkillRelease_Time# seconds. Each <Skill_Number>1</> Ice Crystal consumed grants a shield equal to #GenShield_OnLPSkillRelease_IceBallValueA# of your Attack.	translated	False
added_entry	/Game/Data/DataTables/CombatGrowth/SkillGrowth/DT_SkillGrowth_LBDS	8670FC6F41ACE40F8396A081BB0B24B9	3093133389	80000_1	闪身攻击/蓄力普攻		Dash Attack / Charged Basic Attack	translated	False
added_entry	/Game/Data/DataTables/CombatGrowth/SkillGrowth/DT_SkillGrowth_MY	84DFE4664F81E2CB51EA7680BD58107F	2612758709	61100_1	完美闪避反击伤害		Perfect Dodge Counterattack Damage	translated	False
added_entry	/Game/Data/DataTables/CombatGrowth/SkillGrowth/DT_SkillGrowth_YCZL	4681C76B4EC8F067F1AC9B90FE68845A	899647021	120016_1	激流追击 地面		Torrent Pursuit Ground	translated	False
added_entry	/Game/Data/DataTables/CombatGrowth/SkillGrowth/DT_SkillGrowth_YCZL	2A411C6B453D7448317F4E93916161AA	1653032576	120017_1	激流追击 空中		Torrent Pursuit Aerial	translated	False
added_entry	/Game/Data/DataTables/CombatGrowth/SkillGrowth/DT_SkillGrowth_YCZL	0438F7BE457E731CC3A0609EC014D72C	1564501905	120100_1	"施放任意技能后，可再次施放<Skill_HL2 ContentRow=""101201"">追加技</>。命中后，下一次普攻强化为<Skill_HL1>破命击</>。
全流强度可额外提升伤害。"		"After casting any skill, you can cast an <Skill_HL2 ContentRow=""101201"">Additional Skill</>. Upon hitting, your next basic attack is enhanced into a <Skill_HL1>Fate-Breaking Strike</>.
Total Flow Intensity provides additional damage."	translated	False
added_entry	/Game/Data/DataTables/CombatGrowth/SkillGrowth/DT_SkillGrowth_YCZL	0EDD2C304F3BA08640C75690BD0F780E	3932652880	120100_1	"可用元流之环幻化多种凝武进行战斗。施放任意流技后，可再施放一次<Skill_HL2 ContentRow=""101201"">追加技</>。<Skill_HL2>追加技</>命中后，下一次普攻强化为<Skill_HL1>破命击</>。
每<Skill_Number>10%</>全流强度可额外提升<Skill_Number>6%</>伤害，最高提升<Skill_Number>30%</>。"		"Use the Origin Ring to manifest various weapons for combat. After casting any Flow Skill, you can cast an <Skill_HL2 ContentRow=""101201"">Additional Skill</>. Upon hitting with an <Skill_HL2>Additional Skill</>, your next basic attack is enhanced into a <Skill_HL1>Fate-Breaking Strike</>.
Every <Skill_Number>10%</> Total Flow Intensity increases damage by <Skill_Number>6%</>, up to <Skill_Number>30%</>."	translated	False
added_entry	/Game/Data/DataTables/CombatGrowth/SkillGrowth/DT_SkillGrowth_YCZL	CD6CD8604F21270FCA0CC2B98547178C	1121957658	120100_1	"可用元流之环幻化多种凝武进行战斗。施放任意流技后，可再施放一次<Skill_HL2 ContentRow=""101201"">追加技</>。<Skill_HL2>追加技</>命中后，下一次普攻强化为<Skill_HL1>破命击</>。
每<Skill_Number>10%</>全流可额外提升<Skill_Number>6%</>伤害，最高提升<Skill_Number>30%</>。
触发技：
普攻和流技命中敌人后，可获得能量。能量充盈时，可发动<Skill_HL1>命流处决</>，幻化不同凝武对敌人进行处决斩击，造成流技伤害。

共流技：
前台共鸣施放绝技后触发共流技，上场时额外发动一次<Skill_HL1>命流处决</>。"		"Use the Origin Ring to manifest various weapons for combat. After casting any Flow Skill, you can cast an <Skill_HL2 ContentRow=""101201"">Additional Skill</>. Upon hitting with an <Skill_HL2>Additional Skill</>, your next basic attack is enhanced into a <Skill_HL1>Fate-Breaking Strike</>.
Every <Skill_Number>10%</> Total Flow increases damage by <Skill_Number>6%</>, up to <Skill_Number>30%</>.
Trigger Skill:
After basic attacks and Flow Skills hit enemies, you gain energy. When energy is full, you can activate <Skill_HL1>Fate Flow Execution</>, manifesting different weapons to perform an execution strike, dealing Flow Skill damage.

Co-Flow Skill:
Triggered when the active character casts an Ultimate. When entering the field, an additional <Skill_HL1>Fate Flow Execution</> is performed."	translated	False
added_entry	/Game/Data/DataTables/CommonCondition/DT_CommonConditionGroup_Season	B474AC8947219B9868B1129A8469EBAB	1075305487	90000001	完成觉醒任务《最终试炼》		"Complete the awakening quest ""Final Trial"""	translated	False
added_entry	/Game/Data/DataTables/CommonCondition/DT_CommonCondition_Season	60574AD64DA33BEE5351F09391B0DF02	1075305487	90000001	完成觉醒任务《最终试炼》		"Complete the awakening quest ""Final Trial"""	translated	False
added_entry	/Game/Data/DataTables/Event/MainQuest/S09/DT_EventGuide_MainQuest_S09M00	644254D844C3C334B055A78C1C107BA0	169583868	S09M00_05	与夫子交谈		Talk to the Master	translated	False
added_entry	/Game/Data/DataTables/Event/SideQuest/C/DT_EventGuide_SideQuest_CL11_GoHome25	2F02ECA8429DAF1B91242085E14ED1B3	3230546373	CL11_GoHome25_11	前往第一个栏位		Go to the first slot	translated	False
added_entry	/Game/Data/DataTables/Event/SideQuest/C/DT_EventGuide_SideQuest_CL11_GoHome25	DB32FCEC4C8AEFB8988F2B85F7542535	3230546373	CL11_GoHome25_12	前往第一个栏位		Go to the first slot	translated	False
added_entry	/Game/Data/DataTables/Event/SideQuest/C/DT_EventGuide_SideQuest_CL11_GoHome25	EBA63A394F760A2D451F3D9A711AD15C	3230546373	CL11_GoHome25_13	前往第一个栏位		Go to the first slot	translated	False
added_entry	/Game/Data/DataTables/InteractiveActor/Template/Static/DT_StaticIA_Common_Mechanism	6684B12440B634CAC47965B6F337B1B2	4237069569	1071098	屏蔽虚影IATrigger		Hide Phantom IATrigger	translated	False
added_entry	/Game/Data/DataTables/Item/DT_ItemBlindBox	B4ED91E04108C7274089D987B4F8C3FC	1079093965	31000001	1. 购买萝卜卜盲盒可随机从8款萝卜主题时装中获取1款，1次可购买1盒或6盒。[br]2. 萝卜卜盲盒中的时装包含2款隐藏款与6款基础款。其中萝国王、萝王后为隐藏款，萝半仙儿、萝大盗、萝清新、萝侠客、萝诗书、萝丰收为基础款。[br]3. 购买盲盒后会自动开启，获得基础款或隐藏款时优先获取其中未拥有的款式。购买盲盒获得全部基础款后，继续购买盲盒获得基础款时将会自动转化为20个照运金币·萝卜。购买盲盒获得全部隐藏款后，继续购买盲盒只可获得基础款，无法重复获取隐藏款。[br]4. 累计获取足够数量的照运金币·萝卜后，也可通过消耗照运金币·萝卜兑换隐藏款，若在兑换隐藏款后再次通过购买盲盒获取相同款式，则自动转化为240个照运金币·萝卜。[br]5.照运金币·萝卜在萝卜卜盲盒下架后会被系统回收，请注意盲盒售卖时间并及时兑换奖励。[br]6. 萝卜卜盲盒上架期间，收集任意两款萝卜卜时装，即可领取萝之凝视头饰。		1. Purchase a Radish Blind Box to randomly obtain one of 8 radish-themed outfits. You can purchase 1 or 6 boxes at a time.[br]2. The Radish Blind Box contains 2 hidden outfits and 6 basic outfits. The hidden outfits are Radish King and Radish Queen. The basic outfits are Radish Immortal, Radish Bandit, Radish Fresh, Radish Knight, Radish Poet, and Radish Harvest.[br]3. Blind boxes open automatically upon purchase. When obtaining a basic or hidden outfit, you will prioritize receiving one you do not yet own. Once you have collected all basic outfits, any subsequent basic outfits obtained from blind boxes will be automatically converted into 20 Fortune Coins: Radish. Once you have collected all hidden outfits, you can only obtain basic outfits from further purchases; you cannot obtain duplicate hidden outfits.[br]4. After accumulating enough Fortune Coins: Radish, you can use them to redeem hidden outfits. If you obtain the same outfit from a blind box after redeeming it, it will be automatically converted into 240 Fortune Coins: Radish.[br]5. Fortune Coins: Radish will be reclaimed by the system after the Radish Blind Box event ends. Please note the sale period and redeem your rewards in time.[br]6. During the Radish Blind Box event, collect any two radish outfits to claim the Radish Gaze headpiece.	translated	False
added_entry	/Game/Data/DataTables/Item/DT_ItemShow	FA623EFA4871C74AECE65185A1140E37	1393161500	30001358	流的特殊交汇光点，最高可引发<Gold_Basic>传说级</>万相附流。		A special convergence point of flows, capable of triggering up to <Gold_Basic>Legendary</> Myriad-Flow Affixing.	translated	False
added_entry	/Game/Data/DataTables/Item/DT_ItemShow	C505A8C3402823B18D10498EF586D3F7	3304375626	30001359	流的特殊交汇光点，最高可引发<Gold_Basic>传说级赛季限定</>万相附流。		A special convergence point of flows, capable of triggering up to <Gold_Basic>Legendary Seasonal Exclusive</> Myriad-Flow Affixing.	translated	False
added_entry	/Game/Data/DataTables/Item/DT_ItemSpecial	2784C7D540FB64A437BC3E9ED4C7906A	398994706	110001026	获得千金重弩共鸣的象征。		Obtain the symbol of the Thousand-Gold Heavy Crossbow resonance.	translated	False
added_entry	/Game/Data/DataTables/Item/DT_ItemSpecial	B6EE83304B2DB85D778CEA94E227D930	2995282544	110001026	千金重弩共鸣的象征		Symbol of the Thousand-Gold Crossbow Resonance	translated	False
added_entry	/Game/Data/DataTables/Item/DT_MultySelectBox	BD9F3CE94C31C48CE5F0F38D9AEB5499	3451607135	30700117	燃山回响武器皮肤自选箱		Burning Mountain Echo Weapon Skin Selection Chest	translated	False
added_entry	/Game/Data/DataTables/Item/DT_MultySelectBox	1262901E48B8F06707B50FB90F84DBEB	3805992078	30700118	打开后可自选一个神炼之遗专属武器皮肤。		Open to select one exclusive weapon skin for the Relic of Divine Refining.	translated	False
added_entry	/Game/Data/DataTables/Item/DT_MultySelectBox	CEB1D17E4A4426FB43529AB51493CA3D	203207676	30700118	神炼之遗武器皮肤自选箱		Divine Relic Weapon Skin Selection Chest	translated	False
added_entry	/Game/Data/DataTables/ItemSourceTracking/DT_ItemTrackingHandle_Live	70EA1BC74A0864361CE9DCB133DB47E8	39562871	106468	肴馔家购买		Purchased from Gourmet	translated	False
added_entry	/Game/Data/DataTables/ItemSourceTracking/DT_ItemTrackingHandle_Live	627F83E74AB2536027DB6D823676FA87	39562871	106469	肴馔家购买		Purchased from Gourmet	translated	False
added_entry	/Game/Data/DataTables/ItemSourceTracking/DT_ItemTrackingHandle_Lottery	600B1331422715078A3EA79D90B18380	3427931174	200135	商城获取		Obtained via Shop	translated	False
added_entry	/Game/Data/DataTables/ItemSourceTracking/DT_ItemTrackingHandle_Lottery	CCE48B054609F00C638BDB8B225D3F30	3427931174	200136	商城获取		Obtained via Shop	translated	False
added_entry	/Game/Data/DataTables/Loading/LoadingTips/DT_LoadingTips_Common	4AF9DB5E4604047E4BBD558F235DA39C	2519353538	100050006	灵遇		Spirit Encounter	translated	False
added_entry	/Game/Data/DataTables/Loading/LoadingTips/DT_LoadingTips_Common	71227D4C4EA6A5ECFCE2C6B1CC145E0D	1552600901	100050006	通过晶珀灵遇获取		Obtained via Crystal Amber Spirit Encounter	translated	False
added_entry	/Game/Data/DataTables/Loading/LoadingTips/DT_LoadingTips_Common	508D6AED4C5DA400EB0237833ADE506A	2805593028	100050011	前往商城使用璇晶购买		Go to the Shop to purchase with Xuan Crystal	translated	False
added_entry	/Game/Data/DataTables/Loading/LoadingTips/DT_LoadingTips_Common	EC5F6F7F46265AAEEF478D8C201BBFC3	2329489242	100050011	全新时装		New Outfit	translated	False
added_entry	/Game/Data/DataTables/Loading/LoadingTips/DT_LoadingTips_Common	1819E0A54FB151C127F5EB9BA3DAEB20	2519353538	100060056	灵遇		Spirit Encounter	translated	False
added_entry	/Game/Data/DataTables/Loading/LoadingTips/DT_LoadingTips_Common	C7CBBCE549875C44CE1FC58348C8D602	3820216632	100060056	通过璇晶灵遇获取		Obtained via Profound Crystal Spirit Encounter	translated	False
added_entry	/Game/Data/DataTables/Loading/LoadingTips/DT_LoadingTips_Common	81F8C6164B90166479AD918E64A04A68	2135237026	110001021	前往商城使用晶珀兑换		Go to the Shop to redeem with Crystal Amber	translated	False
added_entry	/Game/Data/DataTables/Loading/LoadingTips/DT_LoadingTips_Common	FFF2496C4DAFBC998AC628A03770339F	1689576446	110001021	全新共鸣		New Resonance	translated	False
added_entry	/Game/Data/DataTables/Loading/LoadingTips/DT_LoadingTips_Common	009D85304816C85946A4EF93B422AA25	4231698209	110001026	解锁战令后获取		Obtain after unlocking the Battle Pass	translated	False
added_entry	/Game/Data/DataTables/Loading/LoadingTips/DT_LoadingTips_Common	0BAA5B934669B445E2398AA76CE2626C	1689576446	110001026	全新共鸣		New Resonance	translated	False
added_entry	/Game/Data/DataTables/Loading/LoadingTips/DT_LoadingTips_Common	0E340E3E46E533AB26B23385756A443E	4115455646	111026501	战令		Battle Pass	translated	False
added_entry	/Game/Data/DataTables/Loading/LoadingTips/DT_LoadingTips_Common	C4291A0A49C703C08A7E27BF28DED028	1801425994	111026501	解锁共鸣、幻化等海量奖励		Unlock massive rewards like Resonance and Transfiguration	translated	False
added_entry	/Game/Data/DataTables/LocalText/DT_LocalizeText_Mall	FC470D9B40B4BC07B566E48F56709DF6	862554868	Mall_BoxPreview	预览		Preview	translated	False
added_entry	/Game/Data/DataTables/LocalText/DT_LocalizeText_Mall	3608E07543E65A96D459D0AB80E9B773	2060179555	Mall_ClaimTheNextTier	下一档可领取		Claimable at next tier	translated	False
added_entry	/Game/Data/DataTables/LocalText/DT_LocalizeText_Mall	CE6EA39847856CAEA5A3359826224307	504154855	Mall_CollectProgressItemTxt	{0}款		{0} items	translated	False
added_entry	/Game/Data/DataTables/LocalText/DT_LocalizeText_Mall	CD01419B4B39BC87962C1B8EEFBAF586	1932984331	Mall_CollectProgressVegetableCar	已收集款式		Styles Collected	translated	False
added_entry	/Game/Data/DataTables/LocalText/DT_LocalizeText_Mall	4EFEAE3B433E4CFD5CB9228626CA6B93	2522323086	Mall_CurrentlyAvailableToClaim	当前可领取		Currently claimable	translated	False
added_entry	/Game/Data/DataTables/LocalText/DT_LocalizeText_Mall	658D70734369189311A7EDA32421D8F9	2896452236	Mall_PreviewTitle	有概率获得以下奖励		Chance to obtain the following rewards	translated	False
added_entry	/Game/Data/DataTables/LocalText/DT_LocalizeText_Mall	2E9CE229484015C4C95BEEB372863B89	1221165290	Mall_RelevancyBox	该商品所属礼包同步上架中，购买礼包更合算哦！		The bundle containing this item is also available! It's more cost-effective to buy the bundle!	translated	False
added_entry	/Game/Data/DataTables/Mall/MallDisplay/DT_MallDisplayPartRecommendUI	05D368344BAB9704BD19A8BE98386B87	2773830699	20003183	烟花视频配置-灵已急哭		Firework Config - Spirit's Tears	translated	False
added_entry	/Game/Data/DataTables/Mall/MallDisplay/DT_MallDisplayPartRecommendUI	089AFA484ECC023EA9F913BBA73034B4	2109876377	20003184	烟花视频配置-我红温了		Firework Config - I'm Heated Up	translated	False
added_entry	/Game/Data/DataTables/Mall/MallDisplay/DT_MallDisplayPartRecommendUI	CDD9B1774CA788DEB35CDEB685816ABE	4159180130	20003185	烟花视频配置-兴汪发财		Firework Config - Prosperity & Wealth	translated	False
added_entry	/Game/Data/DataTables/Mall/MallDisplay/DT_MallDisplayPartRecommendUI	4ADC3205402B6D65636A868C52E2DD44	888142042	20003188	烟花视频配置-遥夜涟心		Firework Config - Distant Night Ripples	translated	False
added_entry	/Game/Data/DataTables/Mall/MallDisplay/DT_MallDisplayPartRecommendUI	913C10994525ADE9D6A3F9A5BA71DA44	3425920210	30703057	烟花视频配置-星河入怀礼包		Firework Config - Starry Embrace Pack	translated	False
added_entry	/Game/Data/DataTables/Mall/MallDisplay/DT_MallDisplayPartRecommendUI	78124AB64E92A2CECDB926BC52F54086	9099219	30703058	烟花视频配置-流华满穹礼包		Firework Config - Flowing Splendor Pack	translated	False
added_entry	/Game/Data/DataTables/Mall/MallDisplay/DT_MallDisplayPartRecommendUI	19B5649C42B463188087E0807313C841	3195680088	30703059	烟花视频配置-轻盈欢颂礼包		Firework Config - Light Joy Pack	translated	False
added_entry	/Game/Data/DataTables/Mall/MallDisplay/DT_MallDisplayPartRecommendUI	A37A76BC48ED8AE9FECAA2B5C164E792	3931031070	30703069	推荐页-观星饰品礼包-海报		Recommendation Page - Star-Gazing Accessory Pack - Poster	translated	False
added_entry	/Game/Data/DataTables/Mall/MallDisplay/DT_MallDisplayPartRecommendUI	E1FD932A401474FBD9F0B8A35F45D640	3120449618	30703070	推荐页-天文家具礼包-海报		Recommendation Page - Astronomy Furniture Pack - Poster	translated	False
added_entry	/Game/Data/DataTables/Mall/MallDisplay/DT_MallDisplayPartRecommendUI	3566AFBD4E510F436C9C2BB0F2C0A873	1673125947	40318028	家具视频配置-陨彩藏辉 		Furniture Video Config - Hidden Meteor Glow	translated	False
added_entry	/Game/Data/DataTables/Mall/MallDisplay/DT_MallDisplayPartRecommendUI	EEA4FF194C2018D37A15998B2CF90597	1138442981	40318029	家具视频配置-揽星为仪 		Furniture Video Config - Star-Gathering Instrument	translated	False
added_entry	/Game/Data/DataTables/Mall/MallDisplay/DT_MallDisplayPartRecommendUI	792CF6C04D46C9D0DC37D795254D4B98	2021934734	40318030	家具视频配置-远星来时 		Furniture Video Config - When Distant Stars Arrive	translated	False
added_entry	/Game/Data/DataTables/Mall/MallDisplay/DT_MallDisplayPartRecommendUI	0200329547234CBBDF32428D95BF7808	163620449	40318031	家具视频配置-长寂相迎 		Furniture Video Config - Welcoming the Long Silence	translated	False
added_entry	/Game/Data/DataTables/Mall/MallDisplay/DT_MallDisplayPartRecommendUI	49474E004B137E76780610B7E433344E	1935699715	40318032	家具视频配置-回光之穹 		Furniture Video Config - Dome of Returning Light	translated	False
added_entry	/Game/Data/DataTables/Map/DT_PublicAreaRegion	1B6422AD4B7FD0F8D3D5F89C64575D45	936165587	110200001	交汇点·撼地狂木		Junction: Handi Wild Tree	translated	False
added_entry	/Game/Data/DataTables/Map/DT_PublicAreaRegion	FD72F13F435FB20155EA598F79070967	936165587	110200001	交汇点·撼地狂木		Junction: Handi Wild Tree	translated	False
added_entry	/Game/Data/DataTables/Map/DT_PublicAreaRegion	3E5BBC9C48AC7CD9722D55BA49BBA2EF	615276568	110200002	交汇点·云狌		Junction: Yunxing	translated	False
added_entry	/Game/Data/DataTables/Map/DT_PublicAreaRegion	DD4CBE18415964C99BAAA88929D3F107	615276568	110200002	交汇点·云狌		Junction: Yunxing	translated	False
added_entry	/Game/Data/DataTables/Map/DT_PublicAreaRegion	3CB19D92492A95425ED5B4A09BBC01EB	1366712175	110200003	交汇点·毕方		Junction: Bi Fang	translated	False
added_entry	/Game/Data/DataTables/Map/DT_PublicAreaRegion	5667843840184FD513288CBABBBE4C19	1366712175	110200003	交汇点·毕方		Junction: Bi Fang	translated	False
added_entry	/Game/Data/DataTables/Map/DT_PublicAreaRegion	0CA158FE4961A5E8DE49A18BE91B7CE7	3315403492	110200004	交汇点·朔春芽		Junction: Shuochun Bud	translated	False
added_entry	/Game/Data/DataTables/Map/DT_PublicAreaRegion	7ECA64934433410F4B0EA390F611E40A	3315403492	110200004	交汇点·朔春芽		Junction: Shuochun Bud	translated	False
added_entry	/Game/Data/DataTables/Map/DT_PublicAreaRegion	02925EB849488162BF86F6B02CE76BA4	2085047876	110200005	交汇点·蔚蓝神兽		Junction: Azure Divine Beast	translated	False
added_entry	/Game/Data/DataTables/Map/DT_PublicAreaRegion	6E69329A4D9FCA9BF6BE938457C6608B	2085047876	110200005	交汇点·蔚蓝神兽		Junction: Azure Divine Beast	translated	False
added_entry	/Game/Data/DataTables/Map/DT_PublicAreaRegion	0ED7B6544A012A7ABAB4EF9702D8D593	4077150429	110200006	交汇点·猩红神兽		Junction: Scarlet Divine Beast	translated	False
added_entry	/Game/Data/DataTables/Map/DT_PublicAreaRegion	A5BE7F0B41F0E95F3CEFF696D7E37D2B	4077150429	110200006	交汇点·猩红神兽		Junction: Scarlet Divine Beast	translated	False
added_entry	/Game/Data/DataTables/Map/DT_PublicAreaRegion	7FE665834FD818DEB9F51CA5A626C861	3638863096	110200007	交汇点·秋水		Junction: Qiushui	translated	False
added_entry	/Game/Data/DataTables/Map/DT_PublicAreaRegion	FA581D0A49A83B17CEFFBC86CE72DF7B	3638863096	110200007	交汇点·秋水		Junction: Qiushui	translated	False
added_entry	/Game/Data/DataTables/Map/DT_PublicAreaRegion	0F9A9ECE47747BAE82E72C8CB4730F77	740906928	110200008	交汇点·黑耀		Junction: Heiyao	translated	False
added_entry	/Game/Data/DataTables/Map/DT_PublicAreaRegion	F9F8224A4A529933D6FB5D8B6B0EF5CE	740906928	110200008	交汇点·黑耀		Junction: Heiyao	translated	False
added_entry	/Game/Data/DataTables/Map/DT_PublicAreaRegion	B3B117C74986B4D669AC09908B14D73C	2887826395	110200009	交汇点·帝辛		Junction: Di Xin	translated	False
added_entry	/Game/Data/DataTables/Map/DT_PublicAreaRegion	BBCAE2B64D45714823A427924D5DAB33	2887826395	110200009	交汇点·帝辛		Junction: Di Xin	translated	False
added_entry	/Game/Data/DataTables/Map/DT_PublicAreaRegion	6D4E94A24FBBBE23F88FD798DE2EE5F9	2218897269	110200101	交汇点·汉雷鸣角		Junction: Han Leiming Horn	translated	False
added_entry	/Game/Data/DataTables/Map/DT_PublicAreaRegion	EF670D5A4EB6F04E1AED0CBE89E86F3D	2218897269	110200101	交汇点·汉雷鸣角		Junction: Han Leiming Horn	translated	False
added_entry	/Game/Data/DataTables/Map/DT_PublicAreaRegion	0E4C12634E2F99C61583B49A7847CD2F	2828996624	110200102	交汇点·燎原巨蜥		Junction: Liaoyuan Giant Lizard	translated	False
added_entry	/Game/Data/DataTables/Map/DT_PublicAreaRegion	DF77ACD9483578C8BAEACFA9ABD2A5D8	2828996624	110200102	交汇点·燎原巨蜥		Junction: Liaoyuan Giant Lizard	translated	False
added_entry	/Game/Data/DataTables/Map/DT_PublicAreaRegion	6448718941B08963E3E68F83846A63BD	2052547656	110200103	交汇点·玄冰坠天盾		Junction: Xuanbing Falling Sky Shield	translated	False
added_entry	/Game/Data/DataTables/Map/DT_PublicAreaRegion	87B8A6E64D86C1A50BE43EB02E90F82A	2052547656	110200103	交汇点·玄冰坠天盾		Junction: Xuanbing Falling Sky Shield	translated	False
added_entry	/Game/Data/DataTables/Map/DT_PublicAreaRegion	2792E04E4C700B71CBDC36BA1A18DC51	1538496372	110200104	交汇点·蛮虎		Junction: Manhu	translated	False
added_entry	/Game/Data/DataTables/Map/DT_PublicAreaRegion	D224F5AD4EF3CBBB92E3BCADB18AD7BF	1538496372	110200104	交汇点·蛮虎		Junction: Manhu	translated	False
added_entry	/Game/Data/DataTables/Map/DT_PublicAreaRegion	25F4E5DA40F9FA559F96D1A0F53B7BEC	2321931995	110200105	交汇点·戾天		Junction: Litian	translated	False
added_entry	/Game/Data/DataTables/Map/DT_PublicAreaRegion	3C075BE642D3725FEE86D1A439E65BF7	2321931995	110200105	交汇点·戾天		Junction: Litian	translated	False
added_entry	/Game/Data/DataTables/Map/DT_PublicAreaRegion	5F4743674246FF0EF39E919850637D65	3793974471	110200106	交汇点·幽寂狂木		Junction: Youji Wild Tree	translated	False
added_entry	/Game/Data/DataTables/Map/DT_PublicAreaRegion	93C5862441C4E1108757079CBED8EDDA	3793974471	110200106	交汇点·幽寂狂木		Junction: Youji Wild Tree	translated	False
added_entry	/Game/Data/DataTables/Map/DT_PublicAreaRegion	4515DD5A471A326E7F0C5186898384A2	3364704353	110200107	交汇点·傲火隼		Junction: Aohuo Falcon	translated	False
added_entry	/Game/Data/DataTables/Map/DT_PublicAreaRegion	FCA164844C38DDF928F0AAA72236E2C5	3364704353	110200107	交汇点·傲火隼		Junction: Aohuo Falcon	translated	False
added_entry	/Game/Data/DataTables/Map/DT_PublicAreaRegion	1200F3D143A42D6B86B39E847E46BB1F	3284940579	110200108	交汇点·神纹灼绒		Junction: Shenwen Zhuorong	translated	False
added_entry	/Game/Data/DataTables/Map/DT_PublicAreaRegion	253173034314BF5308475DA10F31F430	3284940579	110200108	交汇点·神纹灼绒		Junction: Shenwen Zhuorong	translated	False
added_entry	/Game/Data/DataTables/Map/DT_PublicAreaRegion	79FEEAF64DC0167E49F188A41DAF8873	2396151291	110200109	交汇点·风舞牙猊		Junction: Fengwu Yani	translated	False
added_entry	/Game/Data/DataTables/Map/DT_PublicAreaRegion	E99AC0F24F3BA3C2B4ED2B8A4B4486EB	2396151291	110200109	交汇点·风舞牙猊		Junction: Fengwu Yani	translated	False
added_entry	/Game/Data/DataTables/Map/DT_PublicAreaRegion	19B54FFF48FED249A0E2739BAF59847A	3746463401	110200110	交汇点·丰华硕木		Junction: Fenghua Ancient Tree	translated	False
added_entry	/Game/Data/DataTables/Map/DT_PublicAreaRegion	1C27352A4A53035628739DAA759AB77D	3746463401	110200110	交汇点·丰华硕木		Junction: Fenghua Ancient Tree	translated	False
added_entry	/Game/Data/DataTables/Map/DT_PublicAreaRegion	E1DB1C8348C5FEA770371FBA2E3BACA5	1151640247	110200111	交汇点·芒鬓巨熊		Junction: Mangbin Giant Bear	translated	False
added_entry	/Game/Data/DataTables/Map/DT_PublicAreaRegion	F55B973D4C2A9C48E059FD8CB15F1244	1151640247	110200111	交汇点·芒鬓巨熊		Junction: Mangbin Giant Bear	translated	False
added_entry	/Game/Data/DataTables/Map/DT_PublicAreaRegion	463ACF0B478A7C1F0E7CEBB1771A7F9C	845683703	110700804	交汇点·声动万象		Junction: Sound of All Things	translated	False
added_entry	/Game/Data/DataTables/Map/DT_PublicAreaRegion	A04EC2C74DC07870C3079797232F12F2	160197822	110700804	弃用		Discard	translated	False
added_entry	/Game/Data/DataTables/Map/DT_PublicAreaRegion	C83DC0B8481D71B7E0000598523B9B2F	845683703	110700804	交汇点·声动万象		Junction: Sound of All Things	translated	False
added_entry	/Game/Data/DataTables/Map/DT_PublicAreaRegion	36BE5D634B250666DF10C297D0510AC9	1934467662	110700808	交汇点·口袋牌室		Junction: Pocket Card Room	translated	False
added_entry	/Game/Data/DataTables/Map/DT_PublicAreaRegion	A914CBCF44D0A898531D3BA7A0F8856C	1934467662	110700808	交汇点·口袋牌室		Junction: Pocket Card Room	translated	False
added_entry	/Game/Data/DataTables/Map/DT_PublicAreaRegion	894516B4409E03149BFF85ADADC635F0	1322248276	110800111	交汇点·百鸣港		Junction: Baiming Port	translated	False
added_entry	/Game/Data/DataTables/Map/DT_PublicAreaRegion	D2A0E977456BC953C8526286F3E0EC68	1322248276	110800111	交汇点·百鸣港		Junction: Baiming Port	translated	False
added_entry	/Game/Data/DataTables/Map/DT_PublicAreaRegion	A778467F44998905F904FC8DFBBC5C0E	3053362417	110800112	交汇点·鹤鸣馆		Junction: Heming Hall	translated	False
added_entry	/Game/Data/DataTables/Map/DT_PublicAreaRegion	BE6C95BA499F85AC9107B2931D170B68	3053362417	110800112	交汇点·鹤鸣馆		Junction: Heming Hall	translated	False
added_entry	/Game/Data/DataTables/Map/DT_PublicAreaRegion	B5875FC047E438155C3626BBDCBE084C	1031872773	110800132	交汇点·隐逸村		Junction: Hidden Village	translated	False
added_entry	/Game/Data/DataTables/Map/DT_PublicAreaRegion	CADC8663468759E713A8BBBDEA398AA5	1031872773	110800132	交汇点·隐逸村		Junction: Hidden Village	translated	False
added_entry	/Game/Data/DataTables/Map/DT_PublicAreaRegion	0D6BB70E4424B93FBA0CA9ACE5A34B56	4174021859	110800133	交汇点·云深营地		Junction: Yunshen Camp	translated	False
added_entry	/Game/Data/DataTables/Map/DT_PublicAreaRegion	B9974CD04D175E38510D5FBE89B24818	4174021859	110800133	交汇点·云深营地		Junction: Yunshen Camp	translated	False
added_entry	/Game/Data/DataTables/Map/DT_PublicAreaRegion	113F9848416BD2FC8E17D3844BC3415B	1202050561	110800141	交汇点·赤隼馆		Junction: Chijun Hall	translated	False
added_entry	/Game/Data/DataTables/Map/DT_PublicAreaRegion	F18C92B844418517FE2EBDB798EDF2CB	1202050561	110800141	交汇点·赤隼馆		Junction: Chijun Hall	translated	False
added_entry	/Game/Data/DataTables/Map/DT_PublicAreaRegion	136B63464AAC52179F4803B1E50A2F2B	3577923290	110800161	交汇点·墨焰阁		Junction: Moyan Pavilion	translated	False
added_entry	/Game/Data/DataTables/Map/DT_PublicAreaRegion	FA4C7E0748B363E3473E479A004D6B2D	3577923290	110800161	交汇点·墨焰阁		Junction: Moyan Pavilion	translated	False
added_entry	/Game/Data/DataTables/Map/DT_PublicAreaRegion	609A41684560E49B71C29381BB94E3EF	1741517596	110800191	交汇点·虎啸堂		Junction: Huxiao Hall	translated	False
added_entry	/Game/Data/DataTables/Map/DT_PublicAreaRegion	857445564C3AE225F07A698EA888B47C	1741517596	110800191	交汇点·虎啸堂		Junction: Huxiao Hall	translated	False
added_entry	/Game/Data/DataTables/Map/DT_PublicAreaRegion	0EE5D9324B6785D87954A9BDBED75764	4253839757	110800201	交汇点·潭影营地		Junction: Tanying Camp	translated	False
added_entry	/Game/Data/DataTables/Map/DT_PublicAreaRegion	19BD47464869884B52F3239467E64CFF	4253839757	110800201	交汇点·潭影营地		Junction: Tanying Camp	translated	False
added_entry	/Game/Data/DataTables/Map/DT_PublicAreaRegion	0CF2F80746ADEDFB5FD13DBF208ED3B6	4066869787	110800202	交汇点·观星台		Junction: Star-Gazing Platform	translated	False
added_entry	/Game/Data/DataTables/Map/DT_PublicAreaRegion	3135403F4BF2DB449DA743905786D34A	4066869787	110800202	交汇点·观星台		Junction: Star-Gazing Platform	translated	False
added_entry	/Game/Data/DataTables/Map/DT_PublicAreaRegion	889D3F4B4385D0B40836EF87789E05F1	392721492	110800211	交汇点·攀云塔		Junction: Pan Yun Tower	translated	False
added_entry	/Game/Data/DataTables/Map/DT_PublicAreaRegion	8F624E364D803CF1217697B13C6B9A69	392721492	110800211	交汇点·攀云塔		Junction: Pan Yun Tower	translated	False
added_entry	/Game/Data/DataTables/Map/DT_PublicAreaRegion	382D645C410B43D246639A81772293BC	4291902348	110800212	交汇点·百草园		Junction: Hundred Herb Garden	translated	False
added_entry	/Game/Data/DataTables/Map/DT_PublicAreaRegion	48334DA543ADC9E640B386A521947496	4291902348	110800212	交汇点·百草园		Junction: Hundred Herb Garden	translated	False
added_entry	/Game/Data/DataTables/Map/DT_PublicAreaRegion	1ABAA2F44B1BCB4FB787D0AED0AE7D30	3934250700	110800213	交汇点·丰云野		Junction: Fengyun Wilds	translated	False
added_entry	/Game/Data/DataTables/Map/DT_PublicAreaRegion	F532E4E44A928394DF4D3491EFC9D555	3934250700	110800213	交汇点·丰云野		Junction: Fengyun Wilds	translated	False
added_entry	/Game/Data/DataTables/Map/DT_PublicAreaRegion	9AFC030248EBD3A9560CA1B783E87332	4163695601	110800262	交汇点·荣耀塔		Junction: Glory Tower	translated	False
added_entry	/Game/Data/DataTables/Map/DT_PublicAreaRegion	E5955760461EA27BAF308B93E08F2FBA	4163695601	110800262	交汇点·荣耀塔		Junction: Glory Tower	translated	False
added_entry	/Game/Data/DataTables/NPC/DT_NPCMetaData_Eastworld_C	76B77A284BA011C780AD3FA2F74FDCE6	1792339877	10012063	莫千帆		Mo Qianfan	translated	False
added_entry	/Game/Data/DataTables/NPC/DT_NPCMetaData_Eastworld_C	A78284664A3A4636D7D05C9B41D7C2C1	1011118067	10012064	安向远		An Xiangyuan	translated	False
added_entry	/Game/Data/DataTables/NPC/DT_NPCMetaData_Eastworld_C	416B933D4D2D05B7718FCEADED81B1E2	2722598622	10012065	宋北辰		Song Beichen	translated	False
added_entry	/Game/Data/DataTables/NPC/DT_NPCMetaData_Eastworld_C	012C0DA942C6169758DD568B632C8DA0	579477711	10012066	郭羽		Guo Yu	translated	False
added_entry	/Game/Data/DataTables/NPC/DT_NPCMetaData_Eastworld_C	9392767F448630408FEA319C1422E85C	1271477637	10012067	林守安		Lin Shou'an	translated	False
added_entry	/Game/Data/DataTables/NPC/DT_NPCMetaData_Eastworld_C	EEF0461B44710C54FB0F51A542D49161	1683646924	10012068	王文也		Wang Wenye	translated	False
added_entry	/Game/Data/DataTables/NPC/DT_NPCMetaData_Eastworld_C	DD0D29A64D0570053FD84C808D0635C4	223208283	10012069	秋李		Qiuli	translated	False
added_entry	/Game/Data/DataTables/NPC/DT_NPCMetaData_Eastworld_C	1117DD5243CDF62BE5C63F999927CE77	2807779853	10012070	琴萧		Qin Xiao	translated	False
added_entry	/Game/Data/DataTables/NPC/DT_NPCMetaData_Eastworld_C	943F7BA14731543F248F61935EA6D651	1033657454	10012071	飞洋		Feiyang	translated	False
added_entry	/Game/Data/DataTables/NPC/DT_NPCMetaData_Eastworld_C	A407502E4C27739C5ECA30975A1C138E	3639508752	10012072	徐平清		Xu Pingqing	translated	False
added_entry	/Game/Data/DataTables/NPC/DT_NPCMetaData_Eastworld_C	C1FDAB0547EA0ACA322E648F32C0DF9D	2811326532	10012073	泽舟		Zezhou	translated	False
added_entry	/Game/Data/DataTables/NPC/DT_NPCMetaData_Eastworld_C	252ED0A644DD0E8966A31D8277B13034	1158341910	10012074	雯青灵		Wen Qingling	translated	False
added_entry	/Game/Data/DataTables/NPC/DT_NPCMetaData_Eastworld_C	1672676B45C6D21E2506EB9EABD177B4	4233420783	10012075	风岳玲		Feng Yueling	translated	False
added_entry	/Game/Data/DataTables/NPC/DT_NPCMetaData_Eastworld_C	895E1E1F40EB9200E12556BB9E7C6518	2640660977	10012076	杜庚		Du Geng	translated	False
added_entry	/Game/Data/DataTables/NPC/DT_NPCMetaData_Eastworld_C	A2F1EEF3461EA0E4AE36B7822A3E08B8	2033551344	10012077	晴英		Qingying	translated	False
added_entry	/Game/Data/DataTables/NPC/DT_NPCMetaData_Eastworld_C	E5595F5F4CFB6F8300F31EA0D142F673	2498097878	10012078	安重礼		An Zhongli	translated	False
added_entry	/Game/Data/DataTables/NPCTable/DT_NPC_Civilian_Eastworld_C	76B77A284BA011C780AD3FA2F74FDCE6	1792339877	40121457	莫千帆		Mo Qianfan	translated	False
added_entry	/Game/Data/DataTables/NPCTable/DT_NPC_Civilian_Eastworld_C	A78284664A3A4636D7D05C9B41D7C2C1	1011118067	40121458	安向远		An Xiangyuan	translated	False
added_entry	/Game/Data/DataTables/NPCTable/DT_NPC_Civilian_Eastworld_C	416B933D4D2D05B7718FCEADED81B1E2	2722598622	40121459	宋北辰		Song Beichen	translated	False
added_entry	/Game/Data/DataTables/NPCTable/DT_NPC_Civilian_Eastworld_C	012C0DA942C6169758DD568B632C8DA0	579477711	40121460	郭羽		Guo Yu	translated	False
added_entry	/Game/Data/DataTables/NPCTable/DT_NPC_Civilian_Eastworld_C	9392767F448630408FEA319C1422E85C	1271477637	40121461	林守安		Lin Shou'an	translated	False
added_entry	/Game/Data/DataTables/NPCTable/DT_NPC_Civilian_Eastworld_C	EEF0461B44710C54FB0F51A542D49161	1683646924	40121462	王文也		Wang Wenye	translated	False
added_entry	/Game/Data/DataTables/NPCTable/DT_NPC_Civilian_Eastworld_C	DD0D29A64D0570053FD84C808D0635C4	223208283	40121463	秋李		Qiuli	translated	False
added_entry	/Game/Data/DataTables/NPCTable/DT_NPC_Civilian_Eastworld_C	1117DD5243CDF62BE5C63F999927CE77	2807779853	40121464	琴萧		Qin Xiao	translated	False
added_entry	/Game/Data/DataTables/NPCTable/DT_NPC_Civilian_Eastworld_C	943F7BA14731543F248F61935EA6D651	1033657454	40121465	飞洋		Feiyang	translated	False
added_entry	/Game/Data/DataTables/NPCTable/DT_NPC_Civilian_Eastworld_C	A407502E4C27739C5ECA30975A1C138E	3639508752	40121466	徐平清		Xu Pingqing	translated	False
added_entry	/Game/Data/DataTables/NPCTable/DT_NPC_Civilian_Eastworld_C	C1FDAB0547EA0ACA322E648F32C0DF9D	2811326532	40121467	泽舟		Zezhou	translated	False
added_entry	/Game/Data/DataTables/NPCTable/DT_NPC_Civilian_Eastworld_C	252ED0A644DD0E8966A31D8277B13034	1158341910	40121468	雯青灵		Wen Qingling	translated	False
added_entry	/Game/Data/DataTables/NPCTable/DT_NPC_Civilian_Eastworld_C	1672676B45C6D21E2506EB9EABD177B4	4233420783	40121469	风岳玲		Feng Yueling	translated	False
added_entry	/Game/Data/DataTables/NPCTable/DT_NPC_Civilian_Eastworld_C	A2F1EEF3461EA0E4AE36B7822A3E08B8	2033551344	40121470	晴英		Qingying	translated	False
added_entry	/Game/Data/DataTables/NPCTable/DT_NPC_Civilian_Eastworld_C	895E1E1F40EB9200E12556BB9E7C6518	2640660977	40121471	杜庚		Du Geng	translated	False
added_entry	/Game/Data/DataTables/NPCTable/DT_NPC_Civilian_Eastworld_C	E5595F5F4CFB6F8300F31EA0D142F673	2498097878	40121472	安重礼		An Zhongli	translated	False
added_entry	/Game/Data/DataTables/Network/DT_NetMessageErrorDefine	F46F8A8F4048997565997CAD5DFA79BA	2865636061	12600	数据异常，无法操作		Data error, operation failed	translated	False
added_entry	/Game/Data/DataTables/Network/DT_NetMessageErrorDefine	E7A4B5264F3F353F39B47FA1936FEE4A	3636313312	12616	外观方案未解锁		Appearance scheme not unlocked	translated	False
added_entry	/Game/Data/DataTables/Network/DT_NetMessageErrorDefine	5C3FF59048502124D04B3E85B237B18B	4052718212	16447	好友已关闭入画功能，请刷新后重试		The friend has disabled the painting feature. Please refresh and try again.	translated	False
added_entry	/Game/Data/DataTables/Network/DT_NetMessageErrorDefine	41BA8E054686D302C8E818A1ABE71815	126330731	16448	亲密度不足，无法默契入画，请刷新后重试		Insufficient intimacy to enter the painting. Please refresh and try again.	translated	False
added_entry	/Game/Data/DataTables/Network/DT_NetMessageErrorDefine	C01DA3E849783105D647ADBEFF03C4C3	3107027798	16449	对方已有入画权限，请刷新后重试		The other party already has painting permissions. Please refresh and try again.	translated	False
added_entry	/Game/Data/DataTables/Network/DT_NetMessageErrorDefine	A0D827F641ADE63126B3B493099B23D6	3486151037	16450	入画申请已过期或不存在，请刷新后重试		The painting application has expired or does not exist. Please refresh and try again.	translated	False
added_entry	/Game/Data/DataTables/Network/DT_NetMessageErrorDefine	F85DCEEE40D130364C0C6A80D5B8CC8E	2421696318	16451	默契入画不可取消		Cannot cancel synchronized painting	translated	False
added_entry	/Game/Data/DataTables/Network/DT_NetMessageErrorDefine	9A9621D74B964E2EBEB13384068BE104	2877350279	16452	无邀请入画权限，请刷新后重试		No permission to invite to enter the painting. Please refresh and try again.	translated	False
added_entry	/Game/Data/DataTables/Network/DT_NetMessageErrorDefine	D646E52142F32B69C7281CA8FD1EA241	834357230	16453	暂无入画权限，无法入画		No permission to enter the painting, unable to enter.	translated	False
added_entry	/Game/Data/DataTables/Plateau/PlateauBuff/DT_MySteriousLandBuff	A285419E4CF82CC4253F3CB3AFB0946B	4271906759	10104300	首领狂暴时间-15%。		Boss Enrage Time -15%.	translated	False
added_entry	/Game/Data/DataTables/Plateau/PlateauBuff/DT_MySteriousLandBuff	52BFEC3C4F27DD8C59A1CEA16C939255	3785575860	10104301	首领狂暴时间-30%。		Boss Enrage Time -30%.	translated	False
added_entry	/Game/Data/DataTables/Plateau/PlateauBuff/DT_MySteriousLandBuff	49FB8098442165EE51F876815B3A8CD0	2006171609	10104330	若怪物红光技没有被反制，使用红光技后怪物会立刻恢复20%架势条。		If the monster's red-glint skill is not countered, the monster will immediately recover 20% of its Posture Bar after using the skill.	translated	False
added_entry	/Game/Data/DataTables/Plateau/PlateauBuff/DT_MySteriousLandBuff	97B8CAF24152A43549ED918D57ADC826	1915728279	10104331	若怪物红光技没有被反制，使用红光技后怪物会立刻恢复40%架势条。		If the monster's red-glint skill is not countered, the monster will immediately recover 40% of its Posture Bar after using the skill.	translated	False
added_entry	/Game/Data/DataTables/Plateau/PlateauDifficulty/DT_PlateauDungeon_Difficulty	C00CB4594009701E8769AE822158AE8A	700678614	12008	至高		Supreme	translated	False
added_entry	/Game/Data/DataTables/PlayerReturn/DT_PlayerReturnContent	AAC6553F4C36682B46C19E944A9DBE5F	3189219896	2001	归虚梦演最终战({0}/{1})		Final Battle of the Dream of Returning to Nothingness ({0}/{1})	translated	False
added_entry	/Game/Data/DataTables/SeasonSystem/DT_SeasonSystemDetailPageInfo	3DAE99E742DD7AEB72D86C981465191C	766082869	10101	梦演		Dream Performance	translated	False
added_entry	/Game/Data/DataTables/SeasonSystem/DT_SeasonSystemDetailPageInfo	47B02F4A47344570674009A81728BA4E	377350159	10103	新玩法		New Gameplay	translated	False
added_entry	/Game/Data/DataTables/SeasonSystem/DT_SeasonSystemDetailPageInfo	F11648CF427B31D886C54E96EC2AB6E1	3643699471	10103	绝境		Desperation	translated	False
added_entry	/Game/Data/DataTables/SeasonSystem/DT_SeasonSystemDetailPageInfo	52A9217E440582CC1C8C54963B932604	702218447	10105	"荣耀装等开放138~240级・
新增万相附流词条效果・
新增附流启明，可添加稀世级万相附流・"		"Honor Gear Level cap increased to 138-240・
Added new Myriad-Flow Affix effects・
Added Flow-Affix Enlightenment, allowing the addition of Rare-tier Myriad-Flow Affixes・"	translated	False
added_entry	/Game/Data/DataTables/SeasonSystem/DT_SeasonSystemHomePageInfo	363A06BD4C560C112E6D83A37EC2464B	3656619113	12	"燃山回响：天柱墟深处是何物作祟？
梦行奇谭：行至梦隙边缘，止步回望，全新层数现已开放。
更有鲲梦决·堕梦等全新挑战同步上线。"		"Burning Mountain Echo: What is causing havoc deep within the Heavenly Pillar Ruins?
Dreamwalk Chronicles: Reach the edge of the dream rift, pause, and look back. New floors are now open.
Even more challenges like Kun Dream Duel: Fallen Dream are now available."	translated	False
added_entry	/Game/Data/DataTables/SeasonSystem/DT_SeasonSystemHomePageInfo	45C9B4C440C7383C60E078B7837BAC1E	2455959898	12	鲲梦决·堕梦		Kun Dream Duel: Fallen Dream	translated	False
added_entry	/Game/Data/DataTables/SeasonSystem/DT_SeasonSystemHomePageInfo	B16056344BA9FC5D0C587183B0187A76	2858079307	12	梦行奇谭 4~12层		Dreamwalk Chronicles Floors 4-12	translated	False
added_entry	/Game/Data/DataTables/SeasonSystem/DT_SeasonSystemHomePageInfo	88871DFD4BCBBB58FDF36C986F92756D	3643699471	3	绝境		Desperation	translated	False
added_entry	/Game/Data/DataTables/SeasonSystem/DT_SeasonSystemHomePageInfo	421F5804490423CBD8FA45B7B330A36E	2858079307	6	梦行奇谭 4~12层		Dreamwalk Chronicles Floors 4-12	translated	False
added_entry	/Game/Data/DataTables/SeasonSystem/DT_SeasonSystemHomePageInfo	A63921924D624DD96C59CDB4AFDB6662	2455959898	6	鲲梦决·堕梦		Kun Dream Duel: Fallen Dream	translated	False
added_entry	/Game/Data/DataTables/SeasonSystem/DT_SeasonSystemHomePageInfo	E6FD57274875A03FC47547BD149CC3CE	3656619113	6	"燃山回响：天柱墟深处是何物作祟？
梦行奇谭：行至梦隙边缘，止步回望，全新层数现已开放。
更有鲲梦决·堕梦等全新挑战同步上线。"		"Burning Mountain Echo: What is causing havoc deep within the Heavenly Pillar Ruins?
Dreamwalk Chronicles: Reach the edge of the dream rift, pause, and look back. New floors are now open.
Even more challenges like Kun Dream Duel: Fallen Dream are now available."	translated	False
added_entry	/Game/Data/DataTables/SeasonSystem/DT_SeasonSystemHomePageInfo	28F8987242830379BEBBA99DF4349926	3643699471	9	绝境		Desperation	translated	False
added_entry	/Game/Data/DataTables/SendGift/DT_SendGiftTable	D8881AD74B3DE413988DB7BB346CCA65	953599828	1	燃放烟花{0}×{1}		Launch Firework {0}×{1}	translated	False
added_entry	/Game/Data/DataTables/SendGift/DT_SendGiftTable	9812F6E541BAB08A3C97C38F12552B2E	953599828	2	燃放烟花{0}×{1}		Launch Firework {0}×{1}	translated	False
added_entry	/Game/Data/DataTables/Setting/1Windows/DT_SettingItem_Windows	14509A2D4E2A5E604D7E9B88F86D567B	496126183	FrameGenerationMethod	关闭		Close	translated	False
added_entry	/Game/Data/DataTables/Setting/1Windows/DT_SettingItem_Windows	53DA2B564EF9907C9D421BB97309C471	3199519922	FrameGenerationMethod	自动		Auto	translated	False
added_entry	/Game/Data/DataTables/Social/DT_SocialItemConfig	8EE2FD7E4449C73C9AEC608132C0C2DF	3899821047	10035	星河入怀		Embracing the Galaxy	translated	False
added_entry	/Game/Data/DataTables/Summoner/DT_NewSummonerSkill	3793C5F1499196F1AA087DA142A23F33	3194694095	6	"被动效果：更容易吸引敌人仇恨；
精准御敌(闪避、格挡、化解)后，引动战场之流激荡扩散，自身破势效率提升20%。"		"Passive Effect: More likely to attract enemy aggro;
After a Precision Defense (Dodge, Block, Deflect), trigger a surge of battlefield flow, increasing your own Break Power efficiency by 20%."	translated	False
added_entry	/Game/Data/DataTables/SystemUnlock/DT_SystemUnlock	237C3B2E4FD7B5BFCFEA6C8C78241AF4	3643699471	1129	绝境		Desperation	translated	False
added_entry	/Game/Data/ExportDialogues/BigWorldEl01/BigWorldEl01_FWZB/MengLeiChuXingQu/DT_DialogueInfo_BigWorldEl01_FWZB_MengLeiChuXingQu	BigWorldEl01_FWZB_MengLeiChuXingQu_01_GuiHaiLi_DialogueText	1332532944	BigWorldEl01_FWZB_MengLeiChuXingQu_01_GuiHaiLi	帅气难抵挡！		Too cool to resist!	translated	False
added_entry	/Game/Data/ExportDialogues/BigWorldEl01/BigWorldEl01_FWZB/MengLeiChuXingQu/DT_DialogueInfo_BigWorldEl01_FWZB_MengLeiChuXingQu	BigWorldEl01_FWZB_MengLeiChuXingQu_03_LeYuan_DialogueText	1010075146	BigWorldEl01_FWZB_MengLeiChuXingQu_03_LeYuan	玲珑峡谷永远的王！		The eternal king of Linglong Canyon!	translated	False
added_entry	/Game/Data/ExportDialogues/BigWorldEl01/BigWorldEl01_FWZB/MengLeiChuXingQu/DT_DialogueInfo_BigWorldEl01_FWZB_MengLeiChuXingQu	BigWorldEl01_FWZB_MengLeiChuXingQu_04_FuZhi1_DialogueText	1709655778	BigWorldEl01_FWZB_MengLeiChuXingQu_04_FuZhi1	怎么没有伴奏？山河万里执枪肆意笑纳！		Why is there no accompaniment? I shall wield my spear and conquer the world with a laugh!	translated	False
added_entry	/Game/Data/ExportDialogues/Cl05/Cl05_JXGCRK/BoZhongBangSanRenJiuZhangHou/DT_DialogueInfo_Cl05_JXGCRK_BoZhongBangSanRenJiuZhangHou	Cl05_JXGCRK_BoZhongBangSanRenJiuZhangHou_00_WangWenYe_DialogueText	3606533766	Cl05_JXGCRK_BoZhongBangSanRenJiuZhangHou_00_WangWenYe	学院到底发生了什么事？		What exactly happened at the academy?	translated	False
added_entry	/Game/Data/ExportDialogues/Cl05/Cl05_JXGCRK/BoZhongBangSanRenJiuZhangHou/DT_DialogueInfo_Cl05_JXGCRK_BoZhongBangSanRenJiuZhangHou	Cl05_JXGCRK_BoZhongBangSanRenJiuZhangHou_01_QinXiao_DialogueText	1551158444	Cl05_JXGCRK_BoZhongBangSanRenJiuZhangHou_01_QinXiao	夫子院长在哪里？也没见到星之队他们……很担心。		Where is the Dean? I haven't seen the Star Team either... I'm very worried.	translated	False
added_entry	/Game/Data/ExportDialogues/Cl05/Cl05_JXGCRK/BoZhongBangSanRenJiuZhangHou/DT_DialogueInfo_Cl05_JXGCRK_BoZhongBangSanRenJiuZhangHou	Cl05_JXGCRK_BoZhongBangSanRenJiuZhangHou_02_QiuLi_DialogueText	1923193492	Cl05_JXGCRK_BoZhongBangSanRenJiuZhangHou_02_QiuLi	我能理解你们的心情。		I understand how you feel.	translated	False
added_entry	/Game/Data/ExportDialogues/Cl05/Cl05_JXGCRK/BoZhongBangSanRenJiuZhangHou/DT_DialogueInfo_Cl05_JXGCRK_BoZhongBangSanRenJiuZhangHou	Cl05_JXGCRK_BoZhongBangSanRenJiuZhangHou_03_QiuLi_DialogueText	695607557	Cl05_JXGCRK_BoZhongBangSanRenJiuZhangHou_03_QiuLi	等查明情况后，学院会通知大家的。		The academy will notify everyone once the situation is clarified.	translated	False
added_entry	/Game/Data/ExportDialogues/Cl05/Cl05_JXGCRK/RuKouLingYunWeiJiuZhangHou/DT_DialogueInfo_Cl05_JXGCRK_RuKouLingYunWeiJiuZhangHou	Cl05_JXGCRK_RuKouLingYunWeiJiuZhangHou_00_MoQianFan_DialogueText	4197345333	Cl05_JXGCRK_RuKouLingYunWeiJiuZhangHou_00_MoQianFan	请大家不要在外围区域逗留！		Please do not linger in the outer perimeter!	translated	False
added_entry	/Game/Data/ExportDialogues/Cl05/Cl05_JXGCRK/RuKouLingYunWeiJiuZhangHou/DT_DialogueInfo_Cl05_JXGCRK_RuKouLingYunWeiJiuZhangHou	Cl05_JXGCRK_RuKouLingYunWeiJiuZhangHou_01_AnXiangYuan_DialogueText	554046676	Cl05_JXGCRK_RuKouLingYunWeiJiuZhangHou_01_AnXiangYuan	凌云卫会尽力保障大家的安全。		The Lingyun Guard will do our best to ensure everyone's safety.	translated	False
added_entry	/Game/Data/ExportDialogues/Cl05/Cl05_YCJD/GuoYuJiuZhangHou/DT_DialogueInfo_Cl05_YCJD_GuoYuJiuZhangHou	Cl05_YCJD_GuoYuJiuZhangHou_00_GuoYu_DialogueText	1451065658	Cl05_YCJD_GuoYuJiuZhangHou_00_GuoYu	同学们不要怕，凌云卫会守护大家！		Students, don't be afraid! The Lingyun Guard will protect you all!	translated	False
added_entry	/Game/Data/ExportDialogues/Cl05/Cl05_YCJD/LinShouAnJiuZhangHou/DT_DialogueInfo_Cl05_YCJD_LinShouAnJiuZhangHou	Cl05_YCJD_LinShouAnJiuZhangHou_00_LinShouAn0_DialogueText	4064559339	Cl05_YCJD_LinShouAnJiuZhangHou_00_LinShouAn0	请大家不要过度忧虑，保持镇定。		Please do not worry excessively; stay calm.	translated	False
added_entry	/Game/Data/ExportDialogues/Cl05/Cl05_YCJD/QingYingSanRenJiuZhangHou/DT_DialogueInfo_Cl05_YCJD_QingYingSanRenJiuZhangHou	Cl05_YCJD_QingYingSanRenJiuZhangHou_00_QingYing_DialogueText	538379884	Cl05_YCJD_QingYingSanRenJiuZhangHou_00_QingYing	这，这怎么回事！通天塔的外环怎么变成这样了？		W-what's going on! How did the outer ring of the Tongtian Tower end up like this?	translated	False
added_entry	/Game/Data/ExportDialogues/Cl05/Cl05_YCJD/QingYingSanRenJiuZhangHou/DT_DialogueInfo_Cl05_YCJD_QingYingSanRenJiuZhangHou	Cl05_YCJD_QingYingSanRenJiuZhangHou_01_DuGeng_DialogueText	127245776	Cl05_YCJD_QingYingSanRenJiuZhangHou_01_DuGeng	啊！那东西要是掉下来……学院都会被损毁吧！		Ah! If that thing falls... the academy will be destroyed!	translated	False
added_entry	/Game/Data/ExportDialogues/Cl05/Cl05_YCJD/QingYingSanRenJiuZhangHou/DT_DialogueInfo_Cl05_YCJD_QingYingSanRenJiuZhangHou	Cl05_YCJD_QingYingSanRenJiuZhangHou_02_AnZhongLi_DialogueText	834977649	Cl05_YCJD_QingYingSanRenJiuZhangHou_02_AnZhongLi	大家不要恐慌，现在事态都还在控制中，我们会守卫学院与学子的安全。		Everyone, don't panic. The situation is still under control, and we will guard the safety of the academy and the students.	translated	False
added_entry	/Game/Data/ExportDialogues/Cl05/Cl05_YCJD/SangLingJiuZhangHou/DT_DialogueInfo_Cl05_YCJD_SangLingJiuZhangHou	Cl05_YCJD_SangLingJiuZhangHou_00_SangLing_DialogueText	2544415404	Cl05_YCJD_SangLingJiuZhangHou_00_SangLing	招募机关修理小队！有意者请前来报名！		Recruiting for the Mechanism Repair Squad! Those interested, please sign up!	translated	False
added_entry	/Game/Data/ExportDialogues/Cl05/Cl05_YCJD/SangLingJiuZhangHou/DT_DialogueInfo_Cl05_YCJD_SangLingJiuZhangHou	Cl05_YCJD_SangLingJiuZhangHou_01_SangLing_DialogueText	819047024	Cl05_YCJD_SangLingJiuZhangHou_01_SangLing	通天塔外环碎裂，现招募小队设计修复方案，为老师们分忧。		The outer ring of the Heavenly Tower has shattered. We are now recruiting a squad to design a repair plan to ease the teachers' burdens.	translated	False
added_entry	/Game/Data/ExportDialogues/Cl05/Cl05_YCJD/SangLingJiuZhangHou/DT_DialogueInfo_Cl05_YCJD_SangLingJiuZhangHou	Cl05_YCJD_SangLingJiuZhangHou_02_LiWan_DialogueText	2577054158	Cl05_YCJD_SangLingJiuZhangHou_02_LiWan	不是机关学院的能报名吗？我们也想出份力。		Can those not from the Academy of Mechanics sign up? We want to help too.	translated	False
added_entry	/Game/Data/ExportDialogues/Cl05/Cl05_YCJD/SangLingJiuZhangHou/DT_DialogueInfo_Cl05_YCJD_SangLingJiuZhangHou	Cl05_YCJD_SangLingJiuZhangHou_03_SangLing_DialogueText	1566877197	Cl05_YCJD_SangLingJiuZhangHou_03_SangLing	当然可以！大家一起群策群力！		Of course! Let's all work together!	translated	False
added_entry	/Game/Data/ExportDialogues/Cl05/Cl05_YCJD/YouLieJiaJiuZhangHou/DT_DialogueInfo_Cl05_YCJD_YouLieJiaJiuZhangHou	Cl05_YCJD_YouLieJiaJiuZhangHou_00_ZhuoKaiQin_DialogueText	1320479767	Cl05_YCJD_YouLieJiaJiuZhangHou_00_ZhuoKaiQin	学院这是怎么了，也没见到院长他们……		What's wrong with the academy? I haven't seen the Dean and the others...	translated	False
added_entry	/Game/Data/ExportDialogues/Cl05/Cl05_YCJD/YouLieJiaJiuZhangHou/DT_DialogueInfo_Cl05_YCJD_YouLieJiaJiuZhangHou	Cl05_YCJD_YouLieJiaJiuZhangHou_01_ZhuoKaiQin_DialogueText	2299865268	Cl05_YCJD_YouLieJiaJiuZhangHou_01_ZhuoKaiQin	学纪狗，打起精神来，需要的话我们也去帮忙。		Academic Discipline dog, cheer up! We can help if needed.	translated	False
added_entry	/Game/Data/ExportDialogues/Cl05/Cl05_ZCJD/FeiYangJiuZhangHou/DT_DialogueInfo_Cl05_ZCJD_FeiYangJiuZhangHou	Cl05_ZCJD_FeiYangJiuZhangHou_00_FeiYang_DialogueText	1397378742	Cl05_ZCJD_FeiYangJiuZhangHou_00_FeiYang	出了这么大的事，怎么没见到夫子院长？		With such a major incident, why haven't we seen the Dean?	translated	False
added_entry	/Game/Data/ExportDialogues/Cl05/Cl05_ZCJD/FeiYangJiuZhangHou/DT_DialogueInfo_Cl05_ZCJD_FeiYangJiuZhangHou	Cl05_ZCJD_FeiYangJiuZhangHou_01_XuPingQing_DialogueText	595512291	Cl05_ZCJD_FeiYangJiuZhangHou_01_XuPingQing	我想夫子一定是在处理更棘手的事情。		I think the Master must be dealing with something more pressing.	translated	False
added_entry	/Game/Data/ExportDialogues/Cl05/Cl05_ZCJD/KanTianSanRenJiuZhangHou/DT_DialogueInfo_Cl05_ZCJD_KanTianSanRenJiuZhangHou	Cl05_ZCJD_KanTianSanRenJiuZhangHou_00_ZeZhou_DialogueText	3522298569	Cl05_ZCJD_KanTianSanRenJiuZhangHou_00_ZeZhou	通天塔的外环碎了！等等，这种情况该怎么办……		The outer ring of the Tower of Heaven is broken! Wait, what should we do in this situation...	translated	False
added_entry	/Game/Data/ExportDialogues/Cl05/Cl05_ZCJD/KanTianSanRenJiuZhangHou/DT_DialogueInfo_Cl05_ZCJD_KanTianSanRenJiuZhangHou	Cl05_ZCJD_KanTianSanRenJiuZhangHou_01_ZeZhou_DialogueText	1167497961	Cl05_ZCJD_KanTianSanRenJiuZhangHou_01_ZeZhou	得联系工巧家……不对不对，先跟机关学院上报……		I need to contact the Gongqiao family... No, no, report to the Mechanism Academy first...	translated	False
added_entry	/Game/Data/ExportDialogues/Cl05/Cl05_ZCJD/KanTianSanRenJiuZhangHou/DT_DialogueInfo_Cl05_ZCJD_KanTianSanRenJiuZhangHou	Cl05_ZCJD_KanTianSanRenJiuZhangHou_02_WenQingLing_DialogueText	1301541971	Cl05_ZCJD_KanTianSanRenJiuZhangHou_02_WenQingLing	学长……现在墨子院长不在学院……		Senior... Dean Mozi is not at the academy right now...	translated	False
added_entry	/Game/Data/ExportDialogues/Cl05/Cl05_ZCJD/KanTianSanRenJiuZhangHou/DT_DialogueInfo_Cl05_ZCJD_KanTianSanRenJiuZhangHou	Cl05_ZCJD_KanTianSanRenJiuZhangHou_03_FengYueLing_DialogueText	3141377773	Cl05_ZCJD_KanTianSanRenJiuZhangHou_03_FengYueLing	学长，我们以后不会上不了课了吧？		Senior, will we be unable to attend classes from now on?	translated	False
added_entry	/Game/Data/ExportDialogues/Cl05/Cl05_ZCJD/KanTianSanRenJiuZhangHou/DT_DialogueInfo_Cl05_ZCJD_KanTianSanRenJiuZhangHou	Cl05_ZCJD_KanTianSanRenJiuZhangHou_04_ZeZhou_DialogueText	834362323	Cl05_ZCJD_KanTianSanRenJiuZhangHou_04_ZeZhou	怎么偏偏这个时候……夫子也不知道去哪儿了，学院都要乱套了……		Why now of all times... I don't know where the Master went either, the academy is going to be in chaos...	translated	False
added_entry	/Game/Data/ExportDialogues/Cl05/Cl05_ZCJD/SongBeiChenJiuZhangHou/DT_DialogueInfo_Cl05_ZCJD_SongBeiChenJiuZhangHou	Cl05_ZCJD_SongBeiChenJiuZhangHou_00_SongBeiChen_DialogueText	1140116540	Cl05_ZCJD_SongBeiChenJiuZhangHou_00_SongBeiChen	请同学们保持秩序，我们会确保大家的安全！		Students, please maintain order. We will ensure everyone's safety!	translated	False
added_entry	/Game/Data/ExportDialogues/HcZhaowei/HcZhaowei_HMLCJ/WeiTuoYaoQing/DT_DialogueInfo_HcZhaowei_HMLCJ_WeiTuoYaoQing	HcZhaowei_HMLCJ_WeiTuoYaoQing_00_XueZaiJiXia0_DialogueText	2424209188	HcZhaowei_HMLCJ_WeiTuoYaoQing_00_XueZaiJiXia0	叮！同学你好，您有一封来自学士委的加急委托函。		Ding! Hello student, you have an urgent commission letter from the Scholar Committee.	translated	False
added_entry	/Game/Data/ExportDialogues/HcZhaowei/HcZhaowei_HMLCJ/WeiTuoYaoQing/DT_DialogueInfo_HcZhaowei_HMLCJ_WeiTuoYaoQing	HcZhaowei_HMLCJ_WeiTuoYaoQing_02_DialogueText	4279853106	HcZhaowei_HMLCJ_WeiTuoYaoQing_02	学士委找我？		The Scholar Committee wants me?	translated	False
added_entry	/Game/Data/ExportDialogues/HcZhaowei/HcZhaowei_HMLCJ/WeiTuoYaoQing/DT_DialogueInfo_HcZhaowei_HMLCJ_WeiTuoYaoQing	HcZhaowei_HMLCJ_WeiTuoYaoQing_03_PlayerF_DialogueText	4279711063	HcZhaowei_HMLCJ_WeiTuoYaoQing_03_PlayerF	有事找我？请问是什么委托？		You need me for something? What is the commission?	translated	False
added_entry	/Game/Data/ExportDialogues/HcZhaowei/HcZhaowei_HMLCJ/WeiTuoYaoQing/DT_DialogueInfo_HcZhaowei_HMLCJ_WeiTuoYaoQing	HcZhaowei_HMLCJ_WeiTuoYaoQing_03_PlayerM_DialogueText	4279711063	HcZhaowei_HMLCJ_WeiTuoYaoQing_03_PlayerM	有事找我？请问是什么委托？		You need me for something? What is the commission?	translated	False
added_entry	/Game/Data/ExportDialogues/HcZhaowei/HcZhaowei_HMLCJ/WeiTuoYaoQing/DT_DialogueInfo_HcZhaowei_HMLCJ_WeiTuoYaoQing	HcZhaowei_HMLCJ_WeiTuoYaoQing_06_XueZaiJiXia0_DialogueText	1647951985	HcZhaowei_HMLCJ_WeiTuoYaoQing_06_XueZaiJiXia0	受夫子专属委托，向你传达一项重要任务：云根镇演武擂台在即，长城守卫军遴选需贤才协理。		By the Master's exclusive commission, I am to convey an important task: The martial arts tournament in Yungen Town is approaching, and the Great Wall Guard selection requires talented assistance.	translated	False
added_entry	/Game/Data/ExportDialogues/HcZhaowei/HcZhaowei_HMLCJ/WeiTuoYaoQing/DT_DialogueInfo_HcZhaowei_HMLCJ_WeiTuoYaoQing	HcZhaowei_HMLCJ_WeiTuoYaoQing_07_XueZaiJiXia0_DialogueText	3624684331	HcZhaowei_HMLCJ_WeiTuoYaoQing_07_XueZaiJiXia0	夫子原话：“吾独寄厚望于尔，盼复。”		"The Master's words: ""I place my high hopes in you, awaiting your return."""	translated	False
added_entry	/Game/Data/ExportDialogues/HcZhaowei/HcZhaowei_HMLCJ/WeiTuoYaoQing/DT_DialogueInfo_HcZhaowei_HMLCJ_WeiTuoYaoQing	HcZhaowei_HMLCJ_WeiTuoYaoQing_09_DialogueText	3150784232	HcZhaowei_HMLCJ_WeiTuoYaoQing_09	夫子指派我？		The Master assigned me?	translated	False
added_entry	/Game/Data/ExportDialogues/HcZhaowei/HcZhaowei_HMLCJ/WeiTuoYaoQing/DT_DialogueInfo_HcZhaowei_HMLCJ_WeiTuoYaoQing	HcZhaowei_HMLCJ_WeiTuoYaoQing_10_PlayerF_DialogueText	3460425694	HcZhaowei_HMLCJ_WeiTuoYaoQing_10_PlayerF	夫子是希望我到云根镇协助守卫军遴选一事，对吗？		Master, you want me to go to Yungen Town to assist the garrison with the selection process, right?	translated	False
added_entry	/Game/Data/ExportDialogues/HcZhaowei/HcZhaowei_HMLCJ/WeiTuoYaoQing/DT_DialogueInfo_HcZhaowei_HMLCJ_WeiTuoYaoQing	HcZhaowei_HMLCJ_WeiTuoYaoQing_10_PlayerM_DialogueText	3460425694	HcZhaowei_HMLCJ_WeiTuoYaoQing_10_PlayerM	夫子是希望我到云根镇协助守卫军遴选一事，对吗？		Master, you want me to go to Yungen Town to assist the garrison with the selection process, right?	translated	False
added_entry	/Game/Data/ExportDialogues/HcZhaowei/HcZhaowei_HMLCJ/WeiTuoYaoQing/DT_DialogueInfo_HcZhaowei_HMLCJ_WeiTuoYaoQing	HcZhaowei_HMLCJ_WeiTuoYaoQing_11_XueZaiJiXia0_DialogueText	3044511514	HcZhaowei_HMLCJ_WeiTuoYaoQing_11_XueZaiJiXia0	正是。夫子交代，请你安心前往，去演武擂台处寻星芒导师对接。		Indeed. The Master has instructed you to proceed with peace of mind and seek out Mentor Xingmang at the Martial Arena for further coordination.	translated	False
added_entry	/Game/Data/ExportDialogues/HcZhaowei/HcZhaowei_HMLCJ/WeiTuoYaoQing/DT_DialogueInfo_HcZhaowei_HMLCJ_WeiTuoYaoQing	HcZhaowei_HMLCJ_WeiTuoYaoQing_13_DialogueText	3281519308	HcZhaowei_HMLCJ_WeiTuoYaoQing_13	这合适吗……		Is this appropriate...	translated	False
added_entry	/Game/Data/ExportDialogues/HcZhaowei/HcZhaowei_HMLCJ/WeiTuoYaoQing/DT_DialogueInfo_HcZhaowei_HMLCJ_WeiTuoYaoQing	HcZhaowei_HMLCJ_WeiTuoYaoQing_14_PlayerF_DialogueText	24220770	HcZhaowei_HMLCJ_WeiTuoYaoQing_14_PlayerF	协助守卫军遴选似乎颇有难度……夫子确定派我去帮忙吗？		Assisting the Guard selection seems quite difficult... Is the Master sure about sending me?	translated	False
added_entry	/Game/Data/ExportDialogues/HcZhaowei/HcZhaowei_HMLCJ/WeiTuoYaoQing/DT_DialogueInfo_HcZhaowei_HMLCJ_WeiTuoYaoQing	HcZhaowei_HMLCJ_WeiTuoYaoQing_14_PlayerM_DialogueText	24220770	HcZhaowei_HMLCJ_WeiTuoYaoQing_14_PlayerM	协助守卫军遴选似乎颇有难度……夫子确定派我去帮忙吗？		Assisting the Guard selection seems quite difficult... Is the Master sure about sending me?	translated	False
added_entry	/Game/Data/ExportDialogues/HcZhaowei/HcZhaowei_HMLCJ/WeiTuoYaoQing/DT_DialogueInfo_HcZhaowei_HMLCJ_WeiTuoYaoQing	HcZhaowei_HMLCJ_WeiTuoYaoQing_15_XueZaiJiXia0_DialogueText	3295977416	HcZhaowei_HMLCJ_WeiTuoYaoQing_15_XueZaiJiXia0	夫子表示他自有安排。请你安心前往，去演武擂台处寻星芒导师对接。		The Master says he has his own arrangements. Please rest assured and head to the martial arts tournament to meet with Mentor Xingmang.	translated	False
added_entry	/Game/Data/ExportDialogues/HcZhaowei/HcZhaowei_HMLCJ/WeiTuoYaoQing/DT_DialogueInfo_HcZhaowei_HMLCJ_WeiTuoYaoQing	HcZhaowei_HMLCJ_WeiTuoYaoQing_18_XueZaiJiXia0_DialogueText	792796084	HcZhaowei_HMLCJ_WeiTuoYaoQing_18_XueZaiJiXia0	此外，夫子还有嘱托：遴选切磋无需担忧，他已另托守卫军队长对你指点一二，届时切莫失礼数。		Furthermore, the Master has a request: do not worry about the selection trials. He has already entrusted the Captain of the Guard to provide you with some guidance. Please be sure to show proper respect when you meet.	translated	False
added_entry	/Game/Data/ExportDialogues/HcZhaowei/HcZhaowei_HMLCJ/WeiTuoYaoQing/DT_DialogueInfo_HcZhaowei_HMLCJ_WeiTuoYaoQing	HcZhaowei_HMLCJ_WeiTuoYaoQing_19_XueZaiJiXia0_DialogueText	153946910	HcZhaowei_HMLCJ_WeiTuoYaoQing_19_XueZaiJiXia0	将军若有驱策，还请效绵薄之力。望不负夫子所托。		If the General has any orders, please allow me to contribute my humble efforts. I hope not to fail the Master's trust.	translated	False
added_entry	/Game/Data/ExportDialogues/HcZhaowei/HcZhaowei_HMLCJ/WeiTuoYaoQing/DT_DialogueInfo_HcZhaowei_HMLCJ_WeiTuoYaoQing	HcZhaowei_HMLCJ_WeiTuoYaoQing_21_DialogueText	799206710	HcZhaowei_HMLCJ_WeiTuoYaoQing_21	恭敬不如从命。		I would be honored to oblige.	translated	False
added_entry	/Game/Data/ExportDialogues/HcZhaowei/HcZhaowei_HMLCJ/WeiTuoYaoQing/DT_DialogueInfo_HcZhaowei_HMLCJ_WeiTuoYaoQing	HcZhaowei_HMLCJ_WeiTuoYaoQing_22_PlayerF_DialogueText	2774997958	HcZhaowei_HMLCJ_WeiTuoYaoQing_22_PlayerF	收到。我这就前往云根镇演武擂台，找星芒老师。		Understood. I will head to the Yungen Town martial arts tournament now to find Mentor Xingmang.	translated	False
added_entry	/Game/Data/ExportDialogues/HcZhaowei/HcZhaowei_HMLCJ/WeiTuoYaoQing/DT_DialogueInfo_HcZhaowei_HMLCJ_WeiTuoYaoQing	HcZhaowei_HMLCJ_WeiTuoYaoQing_22_PlayerM_DialogueText	2774997958	HcZhaowei_HMLCJ_WeiTuoYaoQing_22_PlayerM	收到。我这就前往云根镇演武擂台，找星芒老师。		Understood. I will head to the Yungen Town martial arts tournament now to find Mentor Xingmang.	translated	False
added_entry	/Game/Data/ExportDialogues/HcZhaowei/HcZhaowei_HMLCJ/WeiTuoYaoQing/DT_DialogueInfo_HcZhaowei_HMLCJ_WeiTuoYaoQing	HcZhaowei_HMLCJ_WeiTuoYaoQing_25_DialogueText	2628442426	HcZhaowei_HMLCJ_WeiTuoYaoQing_25	看来没法拒绝……		Looks like I can't refuse...	translated	False
added_entry	/Game/Data/ExportDialogues/HcZhaowei/HcZhaowei_HMLCJ/WeiTuoYaoQing/DT_DialogueInfo_HcZhaowei_HMLCJ_WeiTuoYaoQing	HcZhaowei_HMLCJ_WeiTuoYaoQing_26_PlayerF_DialogueText	2233845147	HcZhaowei_HMLCJ_WeiTuoYaoQing_26_PlayerF	收到，那我先去云根镇演武擂台找星芒老师。		Understood, I'll go to the Yungen Town martial arts tournament to find Mentor Xingmang first.	translated	False
added_entry	/Game/Data/ExportDialogues/HcZhaowei/HcZhaowei_HMLCJ/WeiTuoYaoQing/DT_DialogueInfo_HcZhaowei_HMLCJ_WeiTuoYaoQing	HcZhaowei_HMLCJ_WeiTuoYaoQing_26_PlayerM_DialogueText	2233845147	HcZhaowei_HMLCJ_WeiTuoYaoQing_26_PlayerM	收到，那我先去云根镇演武擂台找星芒老师。		Understood, I'll go to the Yungen Town martial arts tournament to find Mentor Xingmang first.	translated	False
updated_existing	/Game/Data/DataTables/AttributeTable/DT_AttributeTemplate_Composite	05504F3C42090E0EE43FEE82824787F3	1148475992			Pursuit Rate	Double Strike Rate	translated	True
updated_existing	/Game/Data/DataTables/AttributeTable/DT_AttributeTemplate_Composite	10A398264F4E2813989E37BDCF4EE41C	1148475992			Pursuit Rate	Double Strike Rate	translated	True
updated_existing	/Game/Data/DataTables/AttributeTable/DT_AttributeTemplate_Composite	11E210D74F6EDC98FAA3558159EE297E	571598265			Defense Penetration	Defense Pierce	translated	True
updated_existing	/Game/Data/DataTables/AttributeTable/DT_AttributeTemplate_Composite	14578E474916F3A2B76D989C049561C6	571598265			Defense Penetration	Defense Pierce	translated	True
updated_existing	/Game/Data/DataTables/AttributeTable/DT_AttributeTemplate_Composite	2476D5044FF68E81B6B668B9F664F755	1148475992			Pursuit Rate	Double Strike Rate	translated	True
updated_existing	/Game/Data/DataTables/AttributeTable/DT_AttributeTemplate_Composite	268DE2CE4E8F5CCA63FF80B7C70A38EF	1148475992			Pursuit Rate	Double Strike Rate	translated	True
updated_existing	/Game/Data/DataTables/AttributeTable/DT_AttributeTemplate_Composite	2BA31B134C7557E070A6CC9F17908A74	1148475992			Pursuit Rate	Double Strike Rate	translated	True
updated_existing	/Game/Data/DataTables/AttributeTable/DT_AttributeTemplate_Composite	31551AE94D01DD9E36529A8B45325F24	571598265			Defense Penetration	Defense Pierce	translated	True
updated_existing	/Game/Data/DataTables/AttributeTable/DT_AttributeTemplate_Composite	37BF17CC4046BA3833B495BA3879B92A	1148475992			Pursuit Rate	Double Strike Rate	translated	True
updated_existing	/Game/Data/DataTables/AttributeTable/DT_AttributeTemplate_Composite	3C13248443BD8B5CDF55419966624C21	571598265			Defense Penetration	Defense Pierce	translated	True
updated_existing	/Game/Data/DataTables/AttributeTable/DT_AttributeTemplate_Composite	45AF48244304DF7CA489B888C9BC5E2F	571598265			Defense Penetration	Defense Pierce	translated	True
updated_existing	/Game/Data/DataTables/AttributeTable/DT_AttributeTemplate_Composite	526ADEC04924B881C133608A120CF702	571598265			Defense Penetration	Defense Pierce	translated	True
updated_existing	/Game/Data/DataTables/AttributeTable/DT_AttributeTemplate_Composite	54B0E796467D983D7D1D59B649CD89E9	1148475992			Pursuit Rate	Double Strike Rate	translated	True
updated_existing	/Game/Data/DataTables/AttributeTable/DT_AttributeTemplate_Composite	63AEBF3D47188A991FE9B7885433AD40	1148475992			Pursuit Rate	Double Strike Rate	translated	True
updated_existing	/Game/Data/DataTables/AttributeTable/DT_AttributeTemplate_Composite	64C966A34B37A3DEA5497BAA726574E8	1148475992			Pursuit Rate	Double Strike Rate	translated	True
updated_existing	/Game/Data/DataTables/AttributeTable/DT_AttributeTemplate_Composite	681F6092442A3532F66B4D856B6A0885	571598265			Defense Penetration	Defense Pierce	translated	True
updated_existing	/Game/Data/DataTables/AttributeTable/DT_AttributeTemplate_Composite	6DA9EF334D0F562C72B3DC8B0D78BCDD	571598265			Defense Penetration	Defense Pierce	translated	True
updated_existing	/Game/Data/DataTables/AttributeTable/DT_AttributeTemplate_Composite	78E263EE4DD481FA1A4948A01E7A458C	1148475992			Pursuit Rate	Double Strike Rate	translated	True
updated_existing	/Game/Data/DataTables/AttributeTable/DT_AttributeTemplate_Composite	7C55C21247E53A3CE2855594541A61A8	1148475992			Pursuit Rate	Double Strike Rate	translated	True
updated_existing	/Game/Data/DataTables/AttributeTable/DT_AttributeTemplate_Composite	9968FC154832F961C50C5181302EE2BB	571598265			Defense Penetration	Defense Pierce	translated	True
updated_existing	/Game/Data/DataTables/AttributeTable/DT_AttributeTemplate_Composite	AA2215F949220165435B61B549D62EDC	571598265			Defense Penetration	Defense Pierce	translated	True
updated_existing	/Game/Data/DataTables/AttributeTable/DT_AttributeTemplate_Composite	AB3242284D470A8FCFEB358300122B07	1148475992			Pursuit Rate	Double Strike Rate	translated	True
updated_existing	/Game/Data/DataTables/AttributeTable/DT_AttributeTemplate_Composite	B6F6C8B146F98125D8FA96A881856E84	1148475992			Pursuit Rate	Double Strike Rate	translated	True
updated_existing	/Game/Data/DataTables/AttributeTable/DT_AttributeTemplate_Composite	C5ED5DF54677B8EEB0FE3586CF8D4C25	571598265			Defense Penetration	Defense Pierce	translated	True
updated_existing	/Game/Data/DataTables/AttributeTable/DT_AttributeTemplate_Composite	D1E1DC754ED5CF0CE09CCAB4EE2E2DE5	571598265			Defense Penetration	Defense Pierce	translated	True
updated_existing	/Game/Data/DataTables/AttributeTable/DT_AttributeTemplate_Composite	D26C698C4FC40C467125F28197473DB0	1148475992			Pursuit Rate	Double Strike Rate	translated	True
updated_existing	/Game/Data/DataTables/AttributeTable/DT_AttributeTemplate_Composite	D30ED13D4A7CC95FEA25D0B266C7CA17	1148475992			Pursuit Rate	Double Strike Rate	translated	True
updated_existing	/Game/Data/DataTables/AttributeTable/DT_AttributeTemplate_Composite	DAA7F7954589AB25329446882AE09ADB	1148475992			Pursuit Rate	Double Strike Rate	translated	True
updated_existing	/Game/Data/DataTables/AttributeTable/DT_AttributeTemplate_Composite	E03B94534DCF797887D77EA8FB1CE7B5	1148475992			Pursuit Rate	Double Strike Rate	translated	True
updated_existing	/Game/Data/DataTables/AttributeTable/DT_AttributeTemplate_Composite	E61166384EAA7694AF31F3A14FBECC1A	1148475992			Pursuit Rate	Double Strike Rate	translated	True
updated_existing	/Game/Data/DataTables/AttributeTable/DT_AttributeTemplate_Composite	EE13872A4A902741BF16AABE8F941487	1148475992			Pursuit Rate	Double Strike Rate	translated	True
updated_existing	/Game/Data/DataTables/AttributeTable/DT_AttributeTemplate_Composite	F6EA06064752CFFD0B1179B32A42ABCE	1148475992			Pursuit Rate	Double Strike Rate	translated	True
updated_existing	/Game/Data/DataTables/AttributeTable/DT_AttributeTemplate_Composite	FDB386FB42C79F9436664F93A4E5B8C3	1148475992			Pursuit Rate	Double Strike Rate	translated	True
updated_existing	/Game/Data/DataTables/AttributeTable/DT_AttributeTemplate_Composite	FDEDC4F64A43AC4330BBE197EE0F1495	1148475992			Pursuit Rate	Double Strike Rate	translated	True
updated_existing	/Game/Data/DataTables/Battle/DT_LogicEffectComposite	096C62664B8E14945B9894A06C2CFEEA	3882868461			Unstoppable	Invincible	translated	True
updated_existing	/Game/Data/DataTables/Battle/DT_LogicEffectComposite	0E62A5CE49A13465AC333592EF4935D4	197407834			Rising Sun	Sunrise	translated	True
updated_existing	/Game/Data/DataTables/Battle/DT_LogicEffectComposite	0E64584B4C37878B059E5E952E0285FC	3882868461			Unstoppable	Invincible	translated	True
updated_existing	/Game/Data/DataTables/Battle/DT_LogicEffectComposite	1947FFC04CA02B0BD8C170AD3824C7E4	3614238954			Witch's Chant	Seer's Chant	translated	True
updated_existing	/Game/Data/DataTables/Battle/DT_LogicEffectComposite	25E6EE494C61A5D76E8D02949C835399	197407834			Rising Sun	Sunrise	translated	True
updated_existing	/Game/Data/DataTables/Battle/DT_LogicEffectComposite	3673C40840FF7E0DFD2283ADEDE06A95	197407834			Rising Sun	Sunrise	translated	True
updated_existing	/Game/Data/DataTables/Battle/DT_LogicEffectComposite	8B7D612849120D9787E492B8E47E7D71	3614238954			Witch's Chant	Seer's Chant	translated	True
updated_existing	/Game/Data/DataTables/Battle/DT_LogicEffectComposite	ABBB340E415CD38AA9B026B947AFB416	197407834			Rising Sun	Sunrise	translated	True
updated_existing	/Game/Data/DataTables/Battle/DT_LogicEffectComposite	B27A8DDB4D51C8B816BFF799942AAD17	197407834			Rising Sun	Sunrise	translated	True
updated_existing	/Game/Data/DataTables/Battle/DT_LogicEffectComposite	B4F97E6A4DC81B0A7B5658AA7D5E1506	3882868461			Unstoppable	Invincible	translated	True
updated_existing	/Game/Data/DataTables/Battle/DT_LogicEffectComposite	BB3032EB46F9A46A292B81A37FF0E1E0	197407834			Rising Sun	Sunrise	translated	True
updated_existing	/Game/Data/DataTables/Battle/DT_LogicEffectComposite	BDC077134B03CA700741EC9839738036	3292342473			Sacred Tree: Trigger Effect	Sacred Tree	translated	True
updated_existing	/Game/Data/DataTables/Battle/DT_LogicEffectComposite	F48B95884DB8AC4E848BEC8031574C04	197407834			Rising Sun	Sunrise	translated	True
updated_existing	/Game/Data/DataTables/Battle/DT_LogicEffect_Equips	1947FFC04CA02B0BD8C170AD3824C7E4	3614238954	100001253_1	巫语颂	Witch's Chant	Seer's Chant	translated	False
updated_existing	/Game/Data/DataTables/Battle/DT_LogicEffect_Equips	8B7D612849120D9787E492B8E47E7D71	3614238954	100001253_4	巫语颂	Witch's Chant	Seer's Chant	translated	False
updated_existing	/Game/Data/DataTables/Battle/DT_LogicEffect_Equips	0E62A5CE49A13465AC333592EF4935D4	197407834	10000151_1	旭日	Rising Sun	Sunrise	translated	False
updated_existing	/Game/Data/DataTables/Battle/DT_LogicEffect_Equips	25E6EE494C61A5D76E8D02949C835399	197407834	10000151_2	旭日	Rising Sun	Sunrise	translated	False
updated_existing	/Game/Data/DataTables/Battle/DT_LogicEffect_Equips	ABBB340E415CD38AA9B026B947AFB416	197407834	10000151_3	旭日	Rising Sun	Sunrise	translated	False
updated_existing	/Game/Data/DataTables/Battle/DT_LogicEffect_Equips	F48B95884DB8AC4E848BEC8031574C04	197407834	10000151_4	旭日	Rising Sun	Sunrise	translated	False
updated_existing	/Game/Data/DataTables/Battle/DT_LogicEffect_Equips	096C62664B8E14945B9894A06C2CFEEA	3882868461	10001538_1	所向披靡	Unstoppable	Invincible	translated	False
updated_existing	/Game/Data/DataTables/Battle/DT_LogicEffect_Equips	B4F97E6A4DC81B0A7B5658AA7D5E1506	3882868461	10001538_3	所向披靡	Unstoppable	Invincible	translated	False
updated_existing	/Game/Data/DataTables/Battle/DT_LogicEffect_Equips	0E64584B4C37878B059E5E952E0285FC	3882868461	10001538_4	所向披靡	Unstoppable	Invincible	translated	False
updated_existing	/Game/Data/DataTables/Battle/DT_LogicEffect_Equips	BDC077134B03CA700741EC9839738036	3292342473	10001603_4	圣树：触发效果	Sacred Tree: Trigger Effect	Sacred Tree	translated	False
updated_existing	/Game/Data/DataTables/Battle/DT_LogicEffect_Equips	B27A8DDB4D51C8B816BFF799942AAD17	197407834	10044044_4	旭日	Rising Sun	Sunrise	translated	False
updated_existing	/Game/Data/DataTables/Battle/DT_LogicEffect_Equips	3673C40840FF7E0DFD2283ADEDE06A95	197407834	10044047_4	旭日	Rising Sun	Sunrise	translated	False
updated_existing	/Game/Data/DataTables/Battle/DT_LogicEffect_Equips	BB3032EB46F9A46A292B81A37FF0E1E0	197407834	10044050	旭日	Rising Sun	Sunrise	translated	False
updated_existing	/Game/Data/DataTables/Battle/FightStyleText/DT_FSSkillText	0369F2804F52B5586561D1898B31A5E7	396027159			Flash Attack Damage	Dash & Attack Damage	translated	True
updated_existing	/Game/Data/DataTables/Battle/FightStyleText/DT_FSSkillText	16294C944A45A90163147CA0DB7A4B19	396027159			Flash Attack Damage	Dash & Attack Damage	translated	True
updated_existing	/Game/Data/DataTables/Battle/FightStyleText/DT_FSSkillText	36B227F8497A4AC199205483113B0E05	396027159			Flash Attack Damage	Dash & Attack Damage	translated	True
updated_existing	/Game/Data/DataTables/BattlePass/DT_BattlePassAwardList	91C6DB2E44B160FB109CA0BAE4F170E3	385474748	13	自选万相流玉箱	Optional Myriad Flowstone Chest	Panorama Flowstone Choice Chest	translated	False
updated_existing	/Game/Data/DataTables/BattlePass/DT_BattlePassAwardList	E043390E4294A6DF34C3CA9904DBDC65	385474748	18	自选万相流玉箱	Optional Myriad Flowstone Chest	Panorama Flowstone Choice Chest	translated	False
updated_existing	/Game/Data/DataTables/BattlePass/DT_BattlePassAwardList	BBDDB6564D47B78931F26A9F1960C4B7	385474748	28	自选万相流玉箱	Optional Myriad Flowstone Chest	Panorama Flowstone Choice Chest	translated	False
updated_existing	/Game/Data/DataTables/BattlePass/DT_BattlePassAwardList	3F505DB74BF0DD81D9B83691C6F0CC3E	385474748	35	自选万相流玉箱	Optional Myriad Flowstone Chest	Panorama Flowstone Choice Chest	translated	False
updated_existing	/Game/Data/DataTables/BattlePass/DT_BattlePassAwardList	1C7AF404483E0F9A3D22EB95E8757722	385474748	43	自选万相流玉箱	Optional Myriad Flowstone Chest	Panorama Flowstone Choice Chest	translated	False
updated_existing	/Game/Data/DataTables/BattlePass/DT_BattlePassAwardList	448F22BD4CE00B48D9069291A8D94720	385474748	5	自选万相流玉箱	Optional Myriad Flowstone Chest	Panorama Flowstone Choice Chest	translated	False
updated_existing	/Game/Data/DataTables/CoinEnhancement/DT_EnhancementRewards	E35B8AF24F67E6DC6D28AB990CC61C20	1148475992	13	追击率	Pursuit Rate	Double Strike Rate	translated	False
updated_existing	/Game/Data/DataTables/CoinEnhancement/DT_EnhancementRewards	7D4CC8EB4714DC893030B7A2244D5885	1148475992	20	追击率	Pursuit Rate	Double Strike Rate	translated	False
updated_existing	/Game/Data/DataTables/CoinEnhancement/DT_EnhancementRewards	2CBC67E04C0547B505B67BB5A476E4E5	1148475992	6	追击率	Pursuit Rate	Double Strike Rate	translated	False
updated_existing	/Game/Data/DataTables/CoinEnhancement/DT_EnhancementTag	8202C1084F680D8BF0A822A90D27B908	3430848842	2	流技	Flow Skill	Skill	translated	False
updated_existing	/Game/Data/DataTables/CombatGrowth/BuffGrowth/DT_BuffGrowth_BigWorld	59ADE9C64031D3D6473958BA474D4157	1265875714	3600_1	蔚蓝神兽	Blue Buff	Azure Beast	translated	False
updated_existing	/Game/Data/DataTables/CombatGrowth/BuffGrowth/DT_BuffGrowth_BigWorld	A35B000D41BEE98B904066A42D29943E	3291518363	3601_1	猩红神兽	Red Buff	Crimson Beast	translated	False
updated_existing	/Game/Data/DataTables/CombatGrowth/BuffGrowth/DT_BuffGrowth_SummonBiFang	6D518812448306201117358765DE0C71	2695001860	11004002_1	无敌	Grants Invincibility.	Invincible	translated	False
updated_existing	/Game/Data/DataTables/CombatGrowth/SkillGrowth/DT_SkillGrowthComposite	881770BF4276A7619CA1AF98F62CE703	1062770493			Flash Attack	Dash & Attack	translated	True
updated_existing	/Game/Data/DataTables/CombatGrowth/SkillGrowth/DT_SkillGrowthComposite	881770BF4276A7619CA1AF98F62CE703	1427486642			Flash Attack	Dash & Attack	translated	True
updated_existing	/Game/Data/DataTables/CombatGrowth/SkillGrowth/DT_SkillGrowthComposite	F830BD7844421A7B9882819B50628C02	1427486642			Flash Attack	Dash & Attack	translated	True
updated_existing	/Game/Data/DataTables/CombatGrowth/SkillGrowth/DT_SkillGrowth_FeiHan	303CD66846936C6112813CB509E463A3	3858399875	180000_1	闪身攻击伤害	Flash Attack Damage	Dash & Attack Damage	translated	False
updated_existing	/Game/Data/DataTables/CombatGrowth/SkillGrowth/DT_SkillGrowth_JL	F830BD7844421A7B9882819B50628C02	1427486642	20079_1	闪身攻击	Flash Attack	Dash & Attack	translated	False
updated_existing	/Game/Data/DataTables/CombatGrowth/SkillGrowth/DT_SkillGrowth_LongYa	4CE75782477D0602C50FF4AAE83A827E	3858399875	210050_1	闪身攻击伤害	Flash Attack Damage	Dash & Attack Damage	translated	False
updated_existing	/Game/Data/DataTables/CombatGrowth/SkillGrowth/DT_SkillGrowth_LongYa	D07FF88143C1B0AF3239E6940E91A472	3858399875	210050_10	闪身攻击伤害	Flash Attack Damage	Dash & Attack Damage	translated	False
updated_existing	/Game/Data/DataTables/CombatGrowth/SkillGrowth/DT_SkillGrowth_LongYa	5EE15E9E4CC93229E6BA428628D36D28	3858399875	210050_2	闪身攻击伤害	Flash Attack Damage	Dash & Attack Damage	translated	False
updated_existing	/Game/Data/DataTables/CombatGrowth/SkillGrowth/DT_SkillGrowth_LongYa	B444C84D40964076D7CF89982A13B884	3858399875	210050_3	闪身攻击伤害	Flash Attack Damage	Dash & Attack Damage	translated	False
updated_existing	/Game/Data/DataTables/CombatGrowth/SkillGrowth/DT_SkillGrowth_LongYa	2A2D2B694C2C9E66BD6FFDACDBEE667C	3858399875	210050_4	闪身攻击伤害	Flash Attack Damage	Dash & Attack Damage	translated	False
updated_existing	/Game/Data/DataTables/CombatGrowth/SkillGrowth/DT_SkillGrowth_LongYa	CD7980934F2D15A8AD2496877C9F6FC5	3858399875	210050_5	闪身攻击伤害	Flash Attack Damage	Dash & Attack Damage	translated	False
updated_existing	/Game/Data/DataTables/CombatGrowth/SkillGrowth/DT_SkillGrowth_LongYa	FE934E454C7C311A4184F5A53499ADB3	3858399875	210050_6	闪身攻击伤害	Flash Attack Damage	Dash & Attack Damage	translated	False
updated_existing	/Game/Data/DataTables/CombatGrowth/SkillGrowth/DT_SkillGrowth_LongYa	C3C2D6D0458A4DD02731999A01099247	3858399875	210050_7	闪身攻击伤害	Flash Attack Damage	Dash & Attack Damage	translated	False
updated_existing	/Game/Data/DataTables/CombatGrowth/SkillGrowth/DT_SkillGrowth_LongYa	8EEE6BD94D1B119153896D800C4A9519	3858399875	210050_8	闪身攻击伤害	Flash Attack Damage	Dash & Attack Damage	translated	False
updated_existing	/Game/Data/DataTables/CombatGrowth/SkillGrowth/DT_SkillGrowth_LongYa	B28EE5F342028E03D0A734B89B02D78F	3858399875	210050_9	闪身攻击伤害	Flash Attack Damage	Dash & Attack Damage	translated	False
updated_existing	/Game/Data/DataTables/DT_BagTab	96DAA2CC41CD43906CC634B9EFB67FE7	1627845974	ExploreProp	探索	Exploration Items	Explore	translated	False
updated_existing	/Game/Data/DataTables/DT_ScreenTransition	2392E91D44FB2292B446E4B2A07E3FC2	3349377644	450	"seq占位：
北望如梦初醒，从地上坐起来，与主角对视时，化为主角的样子，点点头。
【北望】你该醒来了。
北望化为梦蝶消失，天上鲲飞过。
【神秘声音】（庄周）我梦蝴蝶，蝴蝶梦我，同我知我，万物皆我，往北方前行吧。
【主角】孟永之的声音？鲲？这就是……幻梦奇景么……
seq结束
  "	"seq Placeholder:
Beiwang, like one waking from a dream, sits up from the ground, and upon eyeing the protagonist, transforms into their likeness, and nods.
Beiwang: You should wake up.
Beiwang transforms into a Dream Butterfly and disappears, a Bubble Fish flies overhead.
Mysterious Voice (Zhuang Zhou): I dream of butterflies, butterflies dream of me, knowing me as I know them, all things are me, head north.
Protagonist: Meng Yongji's voice? A Bubble Fish? Is this... the Dream Fantasy Realm...
seq结束"	"Sequence Placeholder:
Beiwang wakes as if from a dream, sits up, and upon locking eyes with the protagonist, transforms into the protagonist's likeness and nods.
[Beiwang] It is time for you to wake up.
Beiwang transforms into a dream butterfly and vanishes as a Kun flies overhead.
[Mysterious Voice] (Zhuang Zhou) I dream of the butterfly, the butterfly dreams of me. Knowing me is knowing myself; all things are me. Journey to the north.
[Protagonist] Meng Yongzhi's voice? A Kun? Is this... a dreamscape?
Sequence End"	translated	False
updated_existing	/Game/Data/DataTables/DT_ScreenTransition	52CE1E504A05E2D907F4A4835F82D50A	2488202875	496	"sequence占位：
你销毁了零零叁。  "	"sequence占位:
You destroyed 003."	"Sequence Placeholder:
You destroyed 003."	translated	False
updated_existing	/Game/Data/DataTables/Equip/DT_EquipDirectedCompose	FF4314F8413DFC6E353471B68B4A6E24	790381774	10054	盛怒之盔	Frost Crown	Fury Helm	translated	False
updated_existing	/Game/Data/DataTables/Equip/DT_EquipDirectedCompose	6640FDB14BBF9DDE32F17EBC8A593289	2783609115	10055	冰雪之冠	Helm of Savagery	Frost Crown	translated	False
updated_existing	/Game/Data/DataTables/Equip/DT_EquipDirectedCompose	5333B74740E48978B32518B6104D83FF	2489973452	10056	暴行之盔	Witch's Black Hat	Helm of Savagery	translated	False
updated_existing	/Game/Data/DataTables/Equip/DT_EquipDirectedCompose	3E9C6DC24CD0D910CD2CD59F991DE2E8	3681804259	10059	萤火头冠	Mask of Pain	Fireflies Crown	translated	False
updated_existing	/Game/Data/DataTables/Equip/DT_EquipDirectedCompose	5B9CB7CD49D14C1E2D25B6BCE55379D9	473027406	10060	金乌冠冕	Dancer's Crown	Golden Bird Crown	translated	False
updated_existing	/Game/Data/DataTables/Equip/DT_EquipDirectedCompose	90D38779448F3D18A81105B3FD252FB5	2100202459	10067	拥血之盔	Fury Helm	Crimson Cradle	translated	False
updated_existing	/Game/Data/DataTables/Equip/DT_EquipDirectedCompose	D86B63274D2C7FF9772B5BAF47814F02	3851093108	10068	贤者的赐福	Frost Crown	Sage's Blessing	translated	False
updated_existing	/Game/Data/DataTables/Equip/DT_EquipDirectedCompose	F99D18C0485AA7E18B94FCB22AF23659	2186962213	10069	噩兆之冠	Helm of Savagery	Omen Helm	translated	False
updated_existing	/Game/Data/DataTables/Equip/DT_EquipDirectedCompose	764C633648F3BB2B8A62C29E57F82389	790381774	10073	盛怒之盔	Mask of Pain	Fury Helm	translated	False
updated_existing	/Game/Data/DataTables/Equip/DT_EquipDirectedCompose	74F9DC6C47ADE0D3298DBE87543D725C	2783609115	10074	冰雪之冠	Dancer's Crown	Frost Crown	translated	False
updated_existing	/Game/Data/DataTables/Equip/DT_EquipDirectedCompose	D8524B5647D76DB5D6B838941A810914	2489973452	10075	暴行之盔	Crimson Cradle	Helm of Savagery	translated	False
updated_existing	/Game/Data/DataTables/Equip/DT_EquipDirectedCompose	1BC6EC374E899DF76873378BBFA14308	3681804259	10078	萤火头冠	Scholar's Fury	Fireflies Crown	translated	False
updated_existing	/Game/Data/DataTables/Equip/DT_EquipDirectedCompose	CC5B5A0A48786FD6622C9F92A3255238	473027406	10080	金乌冠冕	Dream Butterfly Crown	Golden Bird Crown	translated	False
updated_existing	/Game/Data/DataTables/Equip/DT_EquipDirectedCompose	62965FDE47AD754972A77BAE20AFD695	2100202459	10086	拥血之盔	Fireflies Crown	Crimson Cradle	translated	False
updated_existing	/Game/Data/DataTables/Equip/DT_EquipDirectedCompose	613BBF124E3607F07860169C61B20E94	3851093108	10087	贤者的赐福	Mask of Pain	Sage's Blessing	translated	False
updated_existing	/Game/Data/DataTables/Equip/DT_EquipDirectedCompose	99B3DCB04BF5E852A156D9A7C9DB786D	2186962213	10088	噩兆之冠	Dancer's Raiment	Omen Helm	translated	False
updated_existing	/Game/Data/DataTables/Equip/DT_EquipDirectedCompose	7FFEC4A842BF3B396556D48873684977	790381774	10092	盛怒之盔	Sage's Insight	Fury Helm	translated	False
updated_existing	/Game/Data/DataTables/Equip/DT_EquipDirectedCompose	AA495F90482B50A1D4C03D8F38CD886E	2783609115	10094	冰雪之冠	Metamorphosis Garb	Frost Crown	translated	False
updated_existing	/Game/Data/DataTables/Equip/DT_EquipDirectedCompose	4B363F9B4682DE3F6B90209F81EEB88A	2489973452	10095	暴行之盔	Valor Garb	Helm of Savagery	translated	False
updated_existing	/Game/Data/DataTables/Equip/DT_EquipDirectedCompose	C85967B44B9410257C9B17A47F511BCC	3681804259	10098	萤火头冠	Witch's Cape	Fireflies Crown	translated	False
updated_existing	/Game/Data/DataTables/Equip/DT_EquipDirectedCompose	C3D367E34554B3872670F6803743DD36	473027406	10099	金乌冠冕	Sunrise Shine	Golden Bird Crown	translated	False
updated_existing	/Game/Data/DataTables/Equip/DT_EquipDirectedCompose	D884EBAD451FD452234461B794438B87	921148440	10104	舞伶锦衣	Sage's Protection	Dancer's Raiment	translated	False
updated_existing	/Game/Data/DataTables/Equip/DT_EquipDirectedCompose	942ACE29469BDD2451B36996F5E51616	4266572893	10105	反伤刺甲	Malevolence Plate	Paradox Thornmail	translated	False
updated_existing	/Game/Data/DataTables/Equip/DT_EquipDirectedCompose	D3AE74AB4221C2B8314A47A27B187F32	3965323052	10108	祸心魔铠	Metamorphosis Garb	Malevolence Plate	translated	False
updated_existing	/Game/Data/DataTables/Equip/DT_EquipDirectedCompose	D15B263743B854F378822CA637162001	614201273	10111	破茧之衣	Cuirass of Savagery	Metamorphosis Garb	translated	False
updated_existing	/Game/Data/DataTables/Equip/DT_EquipDirectedCompose	3BE377A74E49ACE744971EB711D54568	1504327211	10112	悍勇之衣	Witch's Cape	Valor Garb	translated	False
updated_existing	/Game/Data/DataTables/Equip/DT_EquipDirectedCompose	D08716FF47BAEBDD50F9079DE77AA8E9	2058456367	10113	战争之袍	Sunrise Shine	Robe of War	translated	False
updated_existing	/Game/Data/DataTables/Equip/DT_EquipDirectedCompose	1D8CAC5D49554B00B7E049855FE211B5	905611463	10114	暴烈之甲	Verdant Cape	Cuirass of Savagery	translated	False
updated_existing	/Game/Data/DataTables/Equip/DT_EquipDirectedCompose	539788644C3FF9A2E3DBE8B9BF18A1F4	607569617	10117	新绿披风	Paradox Thornmail	Verdant Cape	translated	False
updated_existing	/Game/Data/DataTables/Equip/DT_EquipDirectedCompose	E1CD2A13494A694FA84916B6270B9178	3637990337	10118	旭日初光	Sage's Protection	Sunrise Shine	translated	False
updated_existing	/Game/Data/DataTables/Equip/DT_EquipDirectedCompose	1436F07E4B2BD5B306858B8B66804B22	3409690908	10119	魔女斗篷	Malevolence Plate	Witch's Cape	translated	False
updated_existing	/Game/Data/DataTables/Equip/DT_EquipDirectedCompose	4186BD054D975CEBAE0010A9F1BAF473	3067037517	10120	紧缚邢衣	Sage's Insight	Binding Prison Garb	translated	False
updated_existing	/Game/Data/DataTables/Equip/DT_EquipDirectedCompose	BFDB0A7E43328D0C497C13990BCA1F69	921148440	10124	舞伶锦衣	Robe of War	Dancer's Raiment	translated	False
updated_existing	/Game/Data/DataTables/Equip/DT_EquipDirectedCompose	6B1C0037442C3BD9A2B0099769B31B82	4266572893	10125	反伤刺甲	Cuirass of Savagery	Paradox Thornmail	translated	False
updated_existing	/Game/Data/DataTables/Equip/DT_EquipDirectedCompose	99EA89084FE4F8A215E3A1BFD6EE5673	3965323052	10127	祸心魔铠	Sunrise Shine	Malevolence Plate	translated	False
updated_existing	/Game/Data/DataTables/Equip/DT_EquipDirectedCompose	7E803AF3444CE63E06324DADA4026A9C	614201273	10130	破茧之衣	Dancer's Bangle	Metamorphosis Garb	translated	False
updated_existing	/Game/Data/DataTables/Equip/DT_EquipDirectedCompose	6A94407F42F6D2C4C37313BB88DEAC0D	1504327211	10131	悍勇之衣	Counterblade Gauntlets	Valor Garb	translated	False
updated_existing	/Game/Data/DataTables/Equip/DT_EquipDirectedCompose	6388B2544D483CD8B4FDC7AC222F79D1	2058456367	10132	战争之袍	Sage's Empowerment	Robe of War	translated	False
updated_existing	/Game/Data/DataTables/Equip/DT_EquipDirectedCompose	49C1148540F43B282BC312B719DA9840	905611463	10133	暴烈之甲	Calamity Omen	Cuirass of Savagery	translated	False
updated_existing	/Game/Data/DataTables/Equip/DT_EquipDirectedCompose	6C49DFC9464B76182E2C379B4D36DD48	607569617	10137	新绿披风	Fury Soul	Verdant Cape	translated	False
updated_existing	/Game/Data/DataTables/Equip/DT_EquipDirectedCompose	DCA9F3C34D1D9837257ED5BFDCBC4E18	3637990337	10138	旭日初光	Shatterfrost Gauntlets	Sunrise Shine	translated	False
updated_existing	/Game/Data/DataTables/Equip/DT_EquipDirectedCompose	CCCF0DCD45EBF5A9F6ED40B00FD9EA8C	3409690908	10139	魔女斗篷	Vambraces of Savagery	Witch's Cape	translated	False
updated_existing	/Game/Data/DataTables/Equip/DT_EquipDirectedCompose	89BF238C42BF0579323B6293944D134D	3067037517	10140	紧缚邢衣	Witch's Gloves	Binding Prison Garb	translated	False
updated_existing	/Game/Data/DataTables/Equip/DT_EquipDirectedCompose	ECF2FEDD46E3E5B0DC54B48BF0219043	921148440	10143	舞伶锦衣	Prisoner's Shackles	Dancer's Raiment	translated	False
updated_existing	/Game/Data/DataTables/Equip/DT_EquipDirectedCompose	2EDB719B47D97C7BA5E89596D02A9E7C	4266572893	10144	反伤刺甲	Dancer's Bangle	Paradox Thornmail	translated	False
updated_existing	/Game/Data/DataTables/Equip/DT_EquipDirectedCompose	FF5C07F44889A0EFCC0757A9A41B4A5C	3965323052	10146	祸心魔铠	Sage's Empowerment	Malevolence Plate	translated	False
updated_existing	/Game/Data/DataTables/Equip/DT_EquipDirectedCompose	FDF7B7534114376EEFD80AAB47C43181	614201273	10150	破茧之衣	Mirage Gloves	Metamorphosis Garb	translated	False
updated_existing	/Game/Data/DataTables/Equip/DT_EquipDirectedCompose	8DEC05044752D2A5981450B224098F92	1504327211	10151	悍勇之衣	Fury Soul	Valor Garb	translated	False
updated_existing	/Game/Data/DataTables/Equip/DT_EquipDirectedCompose	DE550D66458A316CE3069BA18CB40A56	2058456367	10152	战争之袍	Shatterfrost Gauntlets	Robe of War	translated	False
updated_existing	/Game/Data/DataTables/Equip/DT_EquipDirectedCompose	545864534A31E0D39160FDA71F3C3DD9	905611463	10153	暴烈之甲	Vambraces of Savagery	Cuirass of Savagery	translated	False
updated_existing	/Game/Data/DataTables/Equip/DT_EquipDirectedCompose	5DD0335A406DF343F9B10799816C1663	607569617	10156	新绿披风	Ghabet Firefly Gloves	Verdant Cape	translated	False
updated_existing	/Game/Data/DataTables/Equip/DT_EquipDirectedCompose	3A860B8A40A97CBC5DFB0399A831D18D	3637990337	10157	旭日初光	Prisoner's Shackles	Sunrise Shine	translated	False
updated_existing	/Game/Data/DataTables/Equip/DT_EquipDirectedCompose	09144EC6493BE42EF8D1059A8971DFAC	3409690908	10158	魔女斗篷	Dancer's Bangle	Witch's Cape	translated	False
updated_existing	/Game/Data/DataTables/Equip/DT_EquipDirectedCompose	90A0B50D40B7FAAF3E973D82CC606088	3067037517	10159	紧缚邢衣	Counterblade Gauntlets	Binding Prison Garb	translated	False
updated_existing	/Game/Data/DataTables/Equip/DT_EquipDirectedCompose	4A3E4937467FD4AB34398F85A629C478	1512253107	10162	舞伶镯链	The Diligent's Dedication	Dancer's Bangle	translated	False
updated_existing	/Game/Data/DataTables/Equip/DT_EquipDirectedCompose	332366B1465276542948849C77DC025F	3622539160	10164	逆刃护手	Mirage Gloves	Counterblade Gauntlets	translated	False
updated_existing	/Game/Data/DataTables/Equip/DT_EquipDirectedCompose	E5334DF445E5869757165B95CC0BB0CD	1532789820	10165	贤者的加持	Fury Soul	Sage's Empowerment	translated	False
updated_existing	/Game/Data/DataTables/Equip/DT_EquipDirectedCompose	77D36FE84FE6976C71AB3F8B6C65EFC7	1860846102	10166	不祥征兆	Shatterfrost Gauntlets	Calamity Omen	translated	False
updated_existing	/Game/Data/DataTables/Equip/DT_EquipDirectedCompose	A5CE41F2417D35E8EFBE7A8B1CDA7715	3819104147	10169	幻拂手套	Sunrise Bracers	Mirage Gloves	translated	False
updated_existing	/Game/Data/DataTables/Equip/DT_EquipDirectedCompose	69DEE95A4F0BE493CE31E094381D497F	273769085	10170	怒魂	Ghabet Firefly Gloves	Fury Soul	translated	False
updated_existing	/Game/Data/DataTables/Equip/DT_EquipDirectedCompose	9E4BE2C849BED2A91D2D808C26EF2407	332711226	10171	破灭冰甲	Prisoner's Shackles	Shatterfrost Gauntlets	translated	False
updated_existing	/Game/Data/DataTables/Equip/DT_EquipDirectedCompose	B0C82A5A4D0AE8806757C1A8642D7DAA	1216258201	10172	暴虐臂甲	Dancer's Shoes	Vambraces of Savagery	translated	False
updated_existing	/Game/Data/DataTables/Equip/DT_EquipDirectedCompose	D3C8AC614C8094C3387B999DBD3FE5C7	3272339066	10175	鸣沙手套	Demonstride Greaves	Ghabet Firefly Gloves	translated	False
updated_existing	/Game/Data/DataTables/Equip/DT_EquipDirectedCompose	AB2CD3B84B46FCE0CFA0A6A490B2247A	41295100	10176	旭日腕轮	Seeker's Stride	Sunrise Bracers	translated	False
updated_existing	/Game/Data/DataTables/Equip/DT_EquipDirectedCompose	C9604D4E4410C821D15A3188E441E5C4	1512253107	10182	舞伶镯链	Witch's Dancing Shoes	Dancer's Bangle	translated	False
updated_existing	/Game/Data/DataTables/Equip/DT_EquipDirectedCompose	D26780124B5E50BFCC3E19A2D19D1520	3622539160	10183	逆刃护手	Sunrise Greaves	Counterblade Gauntlets	translated	False
updated_existing	/Game/Data/DataTables/Equip/DT_EquipDirectedCompose	BB096B184C02CC10D8162CBBB31D9F8D	1532789820	10184	贤者的加持	Wanderer's Boots	Sage's Empowerment	translated	False
updated_existing	/Game/Data/DataTables/Equip/DT_EquipDirectedCompose	B1400A7741921D56E49BBF84CDE843D6	1860846102	10185	不祥征兆	Sinner's Chains	Calamity Omen	translated	False
updated_existing	/Game/Data/DataTables/Equip/DT_EquipDirectedCompose	266673AE420BE2066418B0962FA9175C	3819104147	10188	幻拂手套	Sage's Approval	Mirage Gloves	translated	False
updated_existing	/Game/Data/DataTables/Equip/DT_EquipDirectedCompose	7904FD1E4887164C994681952C2F66F9	273769085	10189	怒魂	Demonstride Greaves	Fury Soul	translated	False
updated_existing	/Game/Data/DataTables/Equip/DT_EquipDirectedCompose	46DEC961469D1DEF68DA37A0070B3A3E	332711226	10190	破灭冰甲	Seeker's Stride	Shatterfrost Gauntlets	translated	False
updated_existing	/Game/Data/DataTables/Equip/DT_EquipDirectedCompose	BA73AC3648332C92483700AC26428590	1216258201	10192	暴虐臂甲	Grassblade Shoes	Vambraces of Savagery	translated	False
updated_existing	/Game/Data/DataTables/Equip/DT_EquipDirectedCompose	8CFBDA5741B3C763FE144AA5E2BB5B25	3272339066	10195	鸣沙手套	Greaves of Savagery	Ghabet Firefly Gloves	translated	False
updated_existing	/Game/Data/DataTables/Equip/DT_EquipDirectedCompose	7F2224AE4B0C4AF91F0A2D949012C302	41295100	10196	旭日腕轮	Witch's Dancing Shoes	Sunrise Bracers	translated	False
updated_existing	/Game/Data/DataTables/Equip/DT_EquipDirectedCompose	8F8A938549392341BFA302A4EAB09831	1512253107	10201	舞伶镯链	Solitude Claws	Dancer's Bangle	translated	False
updated_existing	/Game/Data/DataTables/Equip/DT_EquipDirectedCompose	ECC93E2A44390192AA5BFC9B01D91F5D	3622539160	10202	逆刃护手	Sage's Approval	Counterblade Gauntlets	translated	False
updated_existing	/Game/Data/DataTables/Equip/DT_EquipDirectedCompose	F9AC63974F4064CBCAD547BE221D7A26	1532789820	10203	贤者的加持	Demonstride Greaves	Sage's Empowerment	translated	False
updated_existing	/Game/Data/DataTables/Equip/DT_EquipDirectedCompose	1C22D6C74946375E04C9158A87EA0C9A	1860846102	10204	不祥征兆	Seeker's Stride	Calamity Omen	translated	False
updated_existing	/Game/Data/DataTables/Equip/DT_EquipDirectedCompose	A488ED1E406554B6533C8EA92E05931F	3819104147	10208	幻拂手套	Frost-Treading Boots	Mirage Gloves	translated	False
updated_existing	/Game/Data/DataTables/Equip/DT_EquipDirectedCompose	137B204E4B53093E07A98F98515B4303	273769085	10209	怒魂	Greaves of Savagery	Fury Soul	translated	False
updated_existing	/Game/Data/DataTables/Equip/DT_EquipDirectedCompose	58295F9E4F10B4211631AA96A5F29190	332711226	10210	破灭冰甲	Witch's Dancing Shoes	Shatterfrost Gauntlets	translated	False
updated_existing	/Game/Data/DataTables/Equip/DT_EquipDirectedCompose	756B94DE47D4D0F90E804087AE953CAF	1216258201	10211	暴虐臂甲	Sunrise Greaves	Vambraces of Savagery	translated	False
updated_existing	/Game/Data/DataTables/Equip/DT_EquipDirectedCompose	4654CC2647774423100268BF7344560C	3272339066	10214	鸣沙手套	Dancer Doll	Ghabet Firefly Gloves	translated	False
updated_existing	/Game/Data/DataTables/Equip/DT_EquipDirectedCompose	D94863D94FD1D8A3DD0946A396F1780A	41295100	10215	旭日腕轮	Sacrificial Brand	Sunrise Bracers	translated	False
updated_existing	/Game/Data/DataTables/Equip/DT_EquipDirectedCompose	B6B9C07D426285E6EF3D0C881D993836	3882631292	10221	舞伶羽鞋	Undying Fighting Spirit	Dancer's Shoes	translated	False
updated_existing	/Game/Data/DataTables/Equip/DT_EquipDirectedCompose	8D07215C4A4A3C6187F0CC8B16B0C76D	1372898761	10222	孤行之爪	Frostscar's Embrace	Solitude Claws	translated	False
updated_existing	/Game/Data/DataTables/Equip/DT_EquipDirectedCompose	BA99011E4E7D8646708C52BFD7F44F6D	2142146213	10224	魔煞铁靴	Witch's Small Key	Demonstride Greaves	translated	False
updated_existing	/Game/Data/DataTables/Equip/DT_EquipDirectedCompose	FBF72FE94AE180848420C0923A6C6807	1655472437	10227	青萍之履	Torment Collar	Grassblade Shoes	translated	False
updated_existing	/Game/Data/DataTables/Equip/DT_EquipDirectedCompose	4CF754F9428E5E647280D89827B1C9A6	1473542520	10228	奔涌赤靴	Dancer Doll	Surging Crimson Boots	translated	False
updated_existing	/Game/Data/DataTables/Equip/DT_EquipDirectedCompose	C91FAA2344C5E5BB47F662ACC54B6BFF	1190084204	10230	暴厉战靴	Sage's Vision	Greaves of Savagery	translated	False
updated_existing	/Game/Data/DataTables/Equip/DT_EquipDirectedCompose	8FE4BBF44FDABA9136A73C97ECDD2F2B	2843163342	10234	远游之靴	Dream Builder Lantern	Wanderer's Boots	translated	False
updated_existing	/Game/Data/DataTables/Equip/DT_EquipDirectedCompose	A1F16D5D4AC44E006F0D669CE01F04AE	1593152961	10235	旭日胫甲	Undying Fighting Spirit	Sunrise Greaves	translated	False
updated_existing	/Game/Data/DataTables/Equip/DT_EquipDirectedCompose	AEFFC9E94B3ED9F028DA68A6F61132A5	1453371861	10237	罪人镣铐	Dagger of Savagery	Sinner's Chains	translated	False
updated_existing	/Game/Data/DataTables/Equip/DT_EquipDirectedCompose	F9FF89A644898FBEA78E37B5FE147FF6	3882631292	10240	舞伶羽鞋	Mulberry Sword	Dancer's Shoes	translated	False
updated_existing	/Game/Data/DataTables/Equip/DT_EquipDirectedCompose	BB6A5DC141287EAB90A763A8324C02BF	1372898761	10241	孤行之爪	Torment Collar	Solitude Claws	translated	False
updated_existing	/Game/Data/DataTables/Equip/DT_EquipDirectedCompose	B2B0A34D4D88779F0C5663B2D846CC7A	2142146213	10243	魔煞铁靴	Sacrificial Brand	Demonstride Greaves	translated	False
updated_existing	/Game/Data/DataTables/Equip/DT_EquipDirectedCompose	BA01B29045D12606182AC48270F29BA3	1655472437	10246	青萍之履	Emblem of Magic Surge	Grassblade Shoes	translated	False
updated_existing	/Game/Data/DataTables/Equip/DT_EquipDirectedCompose	A816CEF540E1E115F8373BBBF6DD963D	1473542520	10248	奔涌赤靴	Dream Builder Lantern	Surging Crimson Boots	translated	False
updated_existing	/Game/Data/DataTables/Equip/DT_EquipDirectedCompose	51FD91464E36728ADC9464A3542E3869	1190084204	10250	暴厉战靴	Frostscar's Embrace	Greaves of Savagery	translated	False
updated_existing	/Game/Data/DataTables/Equip/DT_EquipDirectedCompose	A305E65A4291358D93B1CDA8B590F1B4	2843163342	10253	远游之靴	Golden Bird Spirit	Wanderer's Boots	translated	False
updated_existing	/Game/Data/DataTables/Equip/DT_EquipDirectedCompose	6D01A07148CF65983B5C2FABA6381B04	1593152961	10254	旭日胫甲	Mulberry Sword	Sunrise Greaves	translated	False
updated_existing	/Game/Data/DataTables/Equip/DT_JewelryCompose	95A6F6A640F2EB600A72BEAA61BAD12E	1753294290	1015	永夜玉	Erudite Flowstone	Eternal Night Flowstone	translated	False
updated_existing	/Game/Data/DataTables/Equip/DT_JewelryCompose	711B63334F3524C32F34D89E113D83AC	3178624238	1017	博学玉	Metamorphosis Flowstone	Erudite Flowstone	translated	False
updated_existing	/Game/Data/DataTables/Equip/DT_JewelryCompose	C433F4234DAE5AD1A2DE4785177AB8B9	2563004037	1018	化蝶玉	Fury Soul Flowstone	Metamorphosis Flowstone	translated	False
updated_existing	/Game/Data/DataTables/Equip/DT_JewelryCompose	249953EC4EF72A59C7ADE28414EBD312	2343824346	1019	怒魂玉	Ice Rime Flowstone	Fury Soul Flowstone	translated	False
updated_existing	/Game/Data/DataTables/Equip/DT_JewelryCompose	EFCE888D4DBC1A4053EF32B4E18EB63A	2151691555	1020	冰痕玉	Fury Flowstone	Ice Rime Flowstone	translated	False
updated_existing	/Game/Data/DataTables/Equip/DT_JewelryCompose	3F6C2904437896F20D5D63B71CBEE0D1	932273054	1021	暴烈玉	Sacred Tree Flowstone	Fury Flowstone	translated	False
updated_existing	/Game/Data/DataTables/Equip/DT_JewelryCompose	2E21E16347461BB76CEE2F9E1A54ACDC	2573576988	1022	镜影玉	Sunrise Flowstone	Mirror Image Flowstone	translated	False
updated_existing	/Game/Data/DataTables/Equip/DT_JewelryCompose	9B0470AC4D4B85780DFE3D9E350A9B28	1527594703	1023	焚毁玉	Witch Flowstone	Incineration Flowstone	translated	False
updated_existing	/Game/Data/DataTables/Equip/DT_JewelryCompose	F9E727A1404211A3218BD4B2E82B50D0	2337348431	1024	圣树玉	Pain Flowstone	Sacred Tree Flowstone	translated	False
updated_existing	/Game/Data/DataTables/Equip/DT_JewelryCompose	0DC6D2D54C4F92971038C0AE108DD259	1479842284	1025	旭日玉	Rising Sun Flowstone	Sunrise Flowstone	translated	False
updated_existing	/Game/Data/DataTables/FieldGuide/FieldGuideType/DT_FieldGuideSecType	47EEF12F4BC71EB7D0920E904AD8B09F	431476218	20002	云落高地	云落高地	Aerfall Highlands	translated	False
updated_existing	/Game/Data/DataTables/FieldGuide/FieldGuideType/DT_FieldGuideSecType	42480B3C4C6E127FDEC959BE80976407	390486045	20003	稷下学院	稷下学院	Jixia Academy	translated	False
updated_existing	/Game/Data/DataTables/FieldGuide/FieldGuideType/DT_FieldGuideSecType	9477E0B9439AFFA5671E838B1072F2AC	2424075689	20007	分类占位	分类占位	Category Placeholder	translated	False
updated_existing	/Game/Data/DataTables/FieldGuide/FieldGuideType/DT_FieldGuideSecType	E3978716483372A03EE7149747282949	3670174754	20016	怪物分类占位	怪物分类占位	Monster Category Placeholder	translated	False
updated_existing	/Game/Data/DataTables/FieldGuide/FieldGuideType/DT_FieldGuideSecType	6EABE10743D26C2B5974E0AEF5AD3E4E	3670174754	20017	怪物分类占位	怪物分类占位	Monster Category Placeholder	translated	False
updated_existing	/Game/Data/DataTables/FieldGuide/FieldGuideType/DT_FieldGuideSecType	224D0D1547C6C680FB916EAC5B03C36B	3670174754	20018	怪物分类占位	怪物分类占位	Monster Category Placeholder	translated	False
updated_existing	/Game/Data/DataTables/FieldGuide/FieldGuideType/DT_FieldGuideSecType	DEB2BD8044C64E0B70010AB823C08319	3670174754	20019	怪物分类占位	怪物分类占位	Monster Category Placeholder	translated	False
updated_existing	/Game/Data/DataTables/FieldGuide/FieldGuideType/DT_FieldGuideSecType	C713FA8944E85CB41659D39E6460732C	4240555561	20028	占位	占位	Placeholder	translated	False
updated_existing	/Game/Data/DataTables/FieldGuide/FieldGuideType/DT_FieldGuideSecType	6C9087FD430E42E632CF99BB8CFE444A	4240555561	20029	占位	占位	Placeholder	translated	False
updated_existing	/Game/Data/DataTables/FieldGuide/FieldGuideType/DT_FieldGuideSecType	197E963847C9F2849EF4B68B09C2D4A9	4240555561	20030	占位	占位	Placeholder	translated	False
updated_existing	/Game/Data/DataTables/FieldGuide/FieldGuideType/DT_FieldGuideSecType	0907E1FB4D067998C0352C905BCD6A29	4240555561	20031	占位	占位	Placeholder	translated	False
updated_existing	/Game/Data/DataTables/FieldGuide/FieldGuideType/DT_FieldGuideSecType	AD8AC68F43E5CD40270C01AF430C9F76	4240555561	20032	占位	占位	Placeholder	translated	False
updated_existing	/Game/Data/DataTables/FieldGuide/FieldGuideType/DT_FieldGuideThirdType	964024CD4279778559BE818554195061	2791555693	30036	锈离	锈离	Rust-Away	translated	False
updated_existing	/Game/Data/DataTables/FieldGuide/FieldGuideType/DT_FieldGuideThirdType	3BCD1C8B447249F04E4944A3F79B2D67	1462712835	30042	蚀铸者	蚀铸者	Erosion Caster	translated	False
updated_existing	/Game/Data/DataTables/Inputs/DT_KeyNameShowInfo	3B5ABC95431C2C507B50EF8BF7FCD2E2	2643130464	DialogueKey_PC	对话	Talk	Chat	translated	False
updated_existing	/Game/Data/DataTables/InteractiveActor/Template/DT_IAComposite	4F19889844CEC2CD2DB5DAA9464D5811	2896483608			Inscribed Clues	Mysterious Stone Tablet	translated	True
updated_existing	/Game/Data/DataTables/InteractiveActor/Template/DT_IAComposite	9FACFD4A4108748E776547AEC700793B	3526311331			The Great Harbor	Horizon Harbor	translated	True
updated_existing	/Game/Data/DataTables/InteractiveActor/Template/DT_IAComposite	C1F2CF06416B4BEDE44FCB896319A6F0	2896483608			Inscribed Clues	Mysterious Stone Tablet	translated	True
updated_existing	/Game/Data/DataTables/InteractiveActor/Template/DT_IAComposite	F8F507324EE075E039A1BC9CFB3900B9	1302019548			Intense Battle	Combat Trial	translated	True
updated_existing	/Game/Data/DataTables/InteractiveActor/Template/Static/DT_StaticIA_Composite	4F19889844CEC2CD2DB5DAA9464D5811	2896483608			Inscribed Clues	Mysterious Stone Tablet	translated	True
updated_existing	/Game/Data/DataTables/InteractiveActor/Template/Static/DT_StaticIA_Composite	9FACFD4A4108748E776547AEC700793B	3526311331			The Great Harbor	Horizon Harbor	translated	True
updated_existing	/Game/Data/DataTables/InteractiveActor/Template/Static/DT_StaticIA_Composite	C1F2CF06416B4BEDE44FCB896319A6F0	2896483608			Inscribed Clues	Mysterious Stone Tablet	translated	True
updated_existing	/Game/Data/DataTables/InteractiveActor/Template/Static/DT_StaticIA_Composite	F8F507324EE075E039A1BC9CFB3900B9	1302019548			Intense Battle	Combat Trial	translated	True
updated_existing	/Game/Data/DataTables/InteractiveActor/Template/Static/StoryCrumb/DT_StaticIA_StoryCrumbs_CD	23B00A7346FCACBFFAE7E4945BD0B84C	4148524599	4215076	云舟搭乘评价	Comments on Aership	Aership Ride Evaluation	translated	False
updated_existing	/Game/Data/DataTables/InteractiveActor/Template/Static/StoryCrumb/DT_StaticIA_StoryCrumbs_Composite	4F19889844CEC2CD2DB5DAA9464D5811	2896483608			Inscribed Clues	Mysterious Stone Tablet	translated	True
updated_existing	/Game/Data/DataTables/InteractiveActor/Template/Static/StoryCrumb/DT_StaticIA_StoryCrumbs_Composite	9FACFD4A4108748E776547AEC700793B	3526311331			The Great Harbor	Horizon Harbor	translated	True
updated_existing	/Game/Data/DataTables/InteractiveActor/Template/Static/StoryCrumb/DT_StaticIA_StoryCrumbs_Composite	C1F2CF06416B4BEDE44FCB896319A6F0	2896483608			Inscribed Clues	Mysterious Stone Tablet	translated	True
updated_existing	/Game/Data/DataTables/InteractiveActor/Template/Static/StoryCrumb/DT_StaticIA_StoryCrumbs_Composite	F8F507324EE075E039A1BC9CFB3900B9	1302019548			Intense Battle	Combat Trial	translated	True
updated_existing	/Game/Data/DataTables/Item/DT_ItemTreasures	1F19742743ECFFB304CF8BA5C62C94B2	1227155637	21000005	钓鱼	钓鱼	Fishing	translated	False
updated_existing	/Game/Data/DataTables/Item/DT_ItemTreasures	9F131FBC49EA31EA053AB3ACD8DCFF1D	1227155637	21000006	钓鱼	钓鱼	Fishing	translated	False
updated_existing	/Game/Data/DataTables/Item/DT_ItemTreasures	0C890188410E5D9B74CC678E92988997	1227155637	21000007	钓鱼	钓鱼	Fishing	translated	False
updated_existing	/Game/Data/DataTables/Item/DT_ItemTreasures	D332D6A541F7C9FD0C1FDDA693B7AEB9	1227155637	21000008	钓鱼	钓鱼	Fishing	translated	False
updated_existing	/Game/Data/DataTables/Item/DT_ItemTreasures	ACEEE906425225F04AFDE693BCCF868A	1227155637	21000009	钓鱼	钓鱼	Fishing	translated	False
updated_existing	/Game/Data/DataTables/Item/DT_ItemTreasures	DE4FC3ED495A6675B8C5E0AFB75C386C	1227155637	21000012	钓鱼	钓鱼	Fishing	translated	False
updated_existing	/Game/Data/DataTables/Item/DT_ItemTreasures	2813E02E42C83313610438810CEDE05F	3677784521	21000021	机关学院的定制线轮，听说只有资深钓鱼佬才会舍得买它，高级的制作工艺让它物超所值。	机关学院的定制线轮，听说只有资深钓鱼佬才会舍得买它，高级的制作工艺让它物超所值。	A custom fishing reel from the Academy of Mechanics. They say only veteran anglers would splurge on this, but its high-end craftsmanship makes it worth every penny.	translated	False
updated_existing	/Game/Data/DataTables/Item/DT_ItemTreasures	3D8723114551ED9F69342B89925431A0	1227155637	21000021	钓鱼	钓鱼	Fishing	translated	False
updated_existing	/Game/Data/DataTables/Item/DT_ItemTreasures	6744FAE04092B3F585FD45A28B593B21	1481367671	21000021	高级线轮	高级线轮	Advanced Line Spool	translated	False
updated_existing	/Game/Data/DataTables/Item/DT_ItemTreasures	2401D1414698C90601648EB5A48132C4	2092747830	21000022	云丝线轮	云丝线轮	Cloud Silk Spool	translated	False
updated_existing	/Game/Data/DataTables/Item/DT_ItemTreasures	C1CA8FAD4CEB0BA9BDC49585A1C8D509	1227155637	21000022	钓鱼	钓鱼	Fishing	translated	False
updated_existing	/Game/Data/DataTables/Item/DT_Itemstrengthen	1AA223ED4B4A5CEFD3C2FF9DC8DCCE76	548681800	60005803	万相附流	Myriad Flow Infusion	Enchanting	translated	False
updated_existing	/Game/Data/DataTables/Item/DT_Itemstrengthen	5F4164FF4FFA207157579FB92F822EF3	548681800	60005804	万相附流	Myriad Flow Infusion	Enchanting	translated	False
updated_existing	/Game/Data/DataTables/Item/DT_MultySelectBox	1B3CE28041E7692F1FE0C9921253484C	385474748	30700140	自选万相流玉箱	Optional Myriad Flowstone Chest	Panorama Flowstone Choice Chest	translated	False
updated_existing	/Game/Data/DataTables/ItemSourceTracking/DT_ItemTrackingHandle	36731A7A4843C72C9895408DFD17B2B5	548681800	106454	万相附流	Myriad Flow Infusion	Enchanting	translated	False
updated_existing	/Game/Data/DataTables/ItemSourceTracking/DT_ItemTrackingHandle_Composite	36731A7A4843C72C9895408DFD17B2B5	548681800			Myriad Flow Infusion	Enchanting	translated	True
updated_existing	/Game/Data/DataTables/Like/DT_LikeModule	A71C3AC14FFB61DCD1F7F2B947A62888	2561121623	2	竞技	PvP	Arena	translated	False
updated_existing	/Game/Data/DataTables/Like/DT_LikeModule	530278DA46ACDB2BA3FF178DCF61EABF	2728099947	3	试炼	Challenges	Trials	translated	False
updated_existing	/Game/Data/DataTables/LocalText/DT_LocalizeText_Appearance	26C1A36A40136E3CEBFB6D83B217E316	667813963	WeaponResonance_Switch1	元流之子	Player	Flowborn	translated	False
updated_existing	/Game/Data/DataTables/LocalText/DT_LocalizeText_IAFurniture	36DAB69D48BF5432D26C84A52A64EF19	2490937019	IAF_WeaponRack_WeaponDefault	凝武      	Weapon	Ningwu	translated	False
updated_existing	/Game/Data/DataTables/MainHUD/DT_MainHUDButton	379BC9884AC5B30AAA51A48FEA51D0C6	1575457431	1043	玩法	Game Modes	Game Mode	translated	False
updated_existing	/Game/Data/DataTables/Map/DT_MapAreaInfo_Composite	6B527B914334F2E874943285A8C3B44D	1916495934			Aerfrost Valley	Aerdense Valley	translated	True
updated_existing	/Game/Data/DataTables/Map/DT_MapAreaInfo_Composite	6D65CC1D4CD0E038AED4CE92F145C176	132263138			The Underhall	the Underhall	translated	True
updated_existing	/Game/Data/DataTables/Map/DT_MapAreaInfo_Composite	9654C0904F14E4166671C48583AC6BAE	954374150			Dreamwhisper Lake	Dreamchatter Pool	translated	True
updated_existing	/Game/Data/DataTables/Map/DT_MapAreaInfo_Composite	A7E8514D4B8D173CC4F0128C3B6069B0	1764082009			Mount Guye	Fairmaid Mountain	translated	True
updated_existing	/Game/Data/DataTables/Map/DT_MapAreaInfo_Composite	FB28D373493A4EFD879EE8B04A721861	3526311331			The Great Harbor	Horizon Harbor	translated	True
updated_existing	/Game/Data/DataTables/Map/DT_Map_Composite	180AF9AA4B7ED3B22497F688A20655A9	132263138			The Underhall	the Underhall	translated	True
updated_existing	/Game/Data/DataTables/Map/DT_Map_Composite	A28109BF45A1AB70E571F3A685BF5D37	132263138			The Underhall	the Underhall	translated	True
updated_existing	/Game/Data/DataTables/Map/MapRegion/DT_MapRegion_Composite	0C2C500D45E521BD3BD9E28CAE979F2F	1764082009			Mount Guye	Fairmaid Mountain	translated	True
updated_existing	/Game/Data/DataTables/Map/MapRegion/DT_MapRegion_Composite	8019772A4BB52E8BB400B4A232246C6A	954374150			Dreamwhisper Lake	Dreamchatter Pool	translated	True
updated_existing	/Game/Data/DataTables/MissionHandbook/DT_DailyTrialInfo	256F9B4D4BCA0F9A2BE02AA05BAB204A	4153085442	2	流脉	Talents	Flow Veins	translated	False
updated_existing	/Game/Data/DataTables/NPCFunction/DT_NPCFunction	308B1E2D4E6D9E2E82A037904888407D	548681800	20100100	万相附流	Myriad Flow Infusion	Enchanting	translated	False
updated_existing	/Game/Data/DataTables/NPCFunction/DT_NPCFunction_Composite	308B1E2D4E6D9E2E82A037904888407D	548681800			Myriad Flow Infusion	Enchanting	translated	True
updated_existing	/Game/Data/DataTables/NPCTable/DT_NPC_Quest	EA6E15A3436DBF38CA02BC960EDE3CFA	3021270846	51000142	姜子牙	Ziya (Placeholder)	Ziya	translated	False
updated_existing	/Game/Data/DataTables/NewbieGuide/DT_NewbieGuide_Composite	7D65E8E444F53B268DB9ECB0450AFD56	4107134054			Life-Breaking Strike	Quietus Blow	translated	True
updated_existing	/Game/Data/DataTables/PhotoCollection/DT_PhotoCollectionTask	2A63F5244FF1F584A134319E75109B0B	4170588003	1025	膨葫果	Beakshade	Inflated Gourd	translated	False
updated_existing	/Game/Data/DataTables/PlayPoint/DT_PlayPoint	30313FB54DBFD9B912345F9DF3D2FA0A	1916495934			Aerfrost Valley	Aerdense Valley	translated	True
updated_existing	/Game/Data/DataTables/PlayPoint/DT_PlayPoint	B572E1754AD064953989F6BE9D08C663	2896483608			Inscribed Clues	Mysterious Stone Tablet	translated	True
updated_existing	/Game/Data/DataTables/PyramidQuest/DT_PyramidQuest_Composite	934FF31E435B1116615B44A332011B33	2896483608			Inscribed Clues	Mysterious Stone Tablet	translated	True
updated_existing	/Game/Data/DataTables/QuestTable/Bounty/DT_BountyQuest_Composite	6C3D5D7847B55E80A864749C0A027D67	954374150			Dreamwhisper Lake	Dreamchatter Pool	translated	True
updated_existing	/Game/Data/DataTables/QuestTable/DT_Quest_UI	C9296CFE493661A9F35D7781AFC56622	3798942071	1386	妃寒	Novar is defeated.	Nivie	translated	False
updated_existing	/Game/Data/DataTables/QuestTable/DT_Quest_UI	D1F51A024DE393104BFC278F53062357	306681020	1387	李元芬被击败	Meng Ya is defeated.	Fen is defeated.	translated	False
updated_existing	/Game/Data/DataTables/QuestTable/DT_Quest_UI	9A19A6CB426F8BD3E426BF936BA80E10	2904394352	1404	龙牙	Sun Bin is defeated.	Minka	translated	False
updated_existing	/Game/Data/DataTables/QuestTable/LevelSide/DT_LevelSideQuest	200F623D48FBBE23EE2A53B60BDB6693	1764082009			Mount Guye	Fairmaid Mountain	translated	True
updated_existing	/Game/Data/DataTables/QuestTable/LevelSide/DT_LevelSideQuest	3F36DBE1413C428A2B117C93C533A2F5	1764082009			Mount Guye	Fairmaid Mountain	translated	True
updated_existing	/Game/Data/DataTables/QuestTable/LevelSide/DT_LevelSideQuest	7B8B650B45876954588818A9A87D0A6C	954374150			Dreamwhisper Lake	Dreamchatter Pool	translated	True
updated_existing	/Game/Data/DataTables/QuestTable/LevelSide/DT_LevelSideQuest	8805429248B71F549E238294EBC1BBB2	954374150			Dreamwhisper Lake	Dreamchatter Pool	translated	True
updated_existing	/Game/Data/DataTables/QuestTable/LevelSide/DT_LevelSideQuest	8BCB49E64356136BACD3689C85096E9C	1764082009			Mount Guye	Fairmaid Mountain	translated	True
updated_existing	/Game/Data/DataTables/QuestTable/LevelSide/DT_LevelSideQuest	8E953B0148897F9D7B770DB06CBE37BE	132263138			The Underhall	the Underhall	translated	True
updated_existing	/Game/Data/DataTables/QuestTable/LevelSide/DT_LevelSideQuest	DF8D7DC44FD911E9657D74B804D32CC9	954374150			Dreamwhisper Lake	Dreamchatter Pool	translated	True
updated_existing	/Game/Data/DataTables/QuestTable/LevelSide/DT_LevelSideQuest	EC2083154CDF51477C2340B478881CF1	1764082009			Mount Guye	Fairmaid Mountain	translated	True
updated_existing	/Game/Data/DataTables/QuestTable/LevelSide/DT_LevelSideQuest_JuntingMu	3F36DBE1413C428A2B117C93C533A2F5	1764082009	2026004	姑射山	Mount Guye	Fairmaid Mountain	translated	False
updated_existing	/Game/Data/DataTables/QuestTable/LevelSide/DT_LevelSideQuest_JuntingMu	200F623D48FBBE23EE2A53B60BDB6693	1764082009	2026005	姑射山	Mount Guye	Fairmaid Mountain	translated	False
updated_existing	/Game/Data/DataTables/QuestTable/LevelSide/DT_LevelSideQuest_JuntingMu	EC2083154CDF51477C2340B478881CF1	1764082009	2026006	姑射山	Mount Guye	Fairmaid Mountain	translated	False
updated_existing	/Game/Data/DataTables/QuestTable/MainQuest/DT_MainQuestStory	55614EE6450BAB2980B9F2A9ED3E40EA	1807934255	101	梦境试炼	Coming Soon, Stay Tuned	Dream in the Dream	translated	False
updated_existing	/Game/Data/DataTables/QuestTable/MainQuest/DT_MainQuestStory	050BA1764155262F6C8260BEBA978B09	295566281	102	今昔归虚之战	Coming Soon	Battle of Past and Present	translated	False
updated_existing	/Game/Data/DataTables/QuestTable/MainQuest/DT_MainQuest_Composite	03BD981743093AF0F2C3F8B0C7691AE9	132263138			The Underhall	the Underhall	translated	True
updated_existing	/Game/Data/DataTables/QuestTable/MainQuest/DT_MainQuest_Composite	D7ADB3CF4CC9B576BF18EB89B9735CF3	771855512			Nameless Statue	The Nameless Statue	translated	True
updated_existing	/Game/Data/DataTables/QuestTable/Side/DT_SideQuest_Composite	7A70DEB5435AC13B507E52B7C5AEC4C0	954374150			Dreamwhisper Lake	Dreamchatter Pool	translated	True
updated_existing	/Game/Data/DataTables/QuestTable/Side/DT_SideQuest_Composite	DB7252954C7F8A13E0494F95106DC78D	954374150			Dreamwhisper Lake	Dreamchatter Pool	translated	True
updated_existing	/Game/Data/DataTables/RPVP/Broadcast/DT_RPVP_Broadcast_Composite	5C0186664EF974A2376BF79454947187	3882868461			Unstoppable	Invincible	translated	True
updated_existing	/Game/Data/DataTables/RPVP/DT_RPVP_Mode	2E2E5AA0484E5B7F5CF733A2817005B1	3087230958	11	墟境角逐	Ruins Pursuit: AI	Ruins Pursuit	translated	False
updated_existing	/Game/Data/DataTables/RewardDispatch/DT_RewardPromise	89E88B6241C5448915F052AF45DB7C75	113134632	1200101	永夜	Dancer	Eternal Night	translated	False
updated_existing	/Game/Data/DataTables/RewardDispatch/DT_RewardPromise	90B010D14414C8F8C975BFB20ED9F47B	39498979	1200101	撼地	Sacred Tree	Earthshaker	translated	False
updated_existing	/Game/Data/DataTables/RewardDispatch/DT_RewardPromise	B0C32D014ED5A529A775DCA3F774F3C9	1975912669	1200101	冰痕	Erudite	Ice Rime	translated	False
updated_existing	/Game/Data/DataTables/RewardDispatch/DT_RewardPromise	046C7818461353976B0B6FB81D48C9F4	39498979	1200102	撼地	Pain	Earthshaker	translated	False
updated_existing	/Game/Data/DataTables/RewardDispatch/DT_RewardPromise	0C87816545C71C815CF5A284D1EF5921	1975912669	1200102	冰痕	Metamorphosis	Ice Rime	translated	False
updated_existing	/Game/Data/DataTables/RewardDispatch/DT_RewardPromise	4315587E42060FD50F38FA80016E9C1A	1211466935	1200102	焚毁	Fury	Incinerate	translated	False
updated_existing	/Game/Data/DataTables/RewardDispatch/DT_RewardPromise	59868F99486B015439C052960D1733C3	1743120042	1200102	化蝶	Erudite	Metamorphosis	translated	False
updated_existing	/Game/Data/DataTables/RewardDispatch/DT_RewardPromise	86096607406B4F09C14EC6AC7DCEAD23	1388689729	1200102	柔纱	Sacred Tree	Soft Gauze	translated	False
updated_existing	/Game/Data/DataTables/RewardDispatch/DT_RewardPromise	8BCE6799422C5930191358A93F9CC452	197407834	1200102	旭日	Witch	Sunrise	translated	False
updated_existing	/Game/Data/DataTables/RewardDispatch/DT_RewardPromise	A415496744B075F8D729AA84D123B36D	113134632	1200102	永夜	Aegis	Eternal Night	translated	False
updated_existing	/Game/Data/DataTables/RewardDispatch/DT_RewardPromise	A5B6A52D4B26848702B20E9DB9E2D6FB	1849216527	1200102	镜影	Ice Rime	Mirror Image	translated	False
updated_existing	/Game/Data/DataTables/RewardDispatch/DT_RewardPromise	B127F28145BF49FE2021F6AB484D8B67	955306066	1200102	暴烈	Fury Soul	Fury	translated	False
updated_existing	/Game/Data/DataTables/RewardDispatch/DT_RewardPromise	DF20E6AD41478E05504F92B1A5BAB4A9	1523107719	1200102	圣树	Sunrise	Sacred Tree	translated	False
updated_existing	/Game/Data/DataTables/RewardDispatch/DT_RewardPromise	EB8E4A654CE8864E2522CEB29C1E0B35	1656773599	1200102	魇语	Omen	Nightmare Whisper	translated	False
updated_existing	/Game/Data/DataTables/RewardDispatch/DT_RewardPromise	00BB04D74B8347FED465C2869AACEE47	1211466935	1200103	焚毁	Fury	Incinerate	translated	False
updated_existing	/Game/Data/DataTables/RewardDispatch/DT_RewardPromise	337F6F9749C8391C090EC4BF62FDD193	1523107719	1200103	圣树	Sunrise	Sacred Tree	translated	False
updated_existing	/Game/Data/DataTables/RewardDispatch/DT_RewardPromise	3FA1715347378ADB21C1B7B7C430610F	39498979	1200103	撼地	Pain	Earthshaker	translated	False
updated_existing	/Game/Data/DataTables/RewardDispatch/DT_RewardPromise	4C9AC2304C944D1B5F0CDE8D99FC257A	197407834	1200103	旭日	Witch	Sunrise	translated	False
updated_existing	/Game/Data/DataTables/RewardDispatch/DT_RewardPromise	4E2F3EDB48E7BDFC543AD78559790FC0	1743120042	1200103	化蝶	Erudite	Metamorphosis	translated	False
updated_existing	/Game/Data/DataTables/RewardDispatch/DT_RewardPromise	59A5F96F4141F9651BDC929C2849E863	1975912669	1200103	冰痕	Metamorphosis	Ice Rime	translated	False
updated_existing	/Game/Data/DataTables/RewardDispatch/DT_RewardPromise	8B3C7A1345065C548267079085C04515	1849216527	1200103	镜影	Ice Rime	Mirror Image	translated	False
updated_existing	/Game/Data/DataTables/RewardDispatch/DT_RewardPromise	C0708684400345C320F0508E757F45E6	955306066	1200103	暴烈	Fury Soul	Fury	translated	False
updated_existing	/Game/Data/DataTables/RewardDispatch/DT_RewardPromise	CAE2D4B742F93286627E00AE4AD9B55A	1388689729	1200103	柔纱	Sacred Tree	Soft Gauze	translated	False
updated_existing	/Game/Data/DataTables/RewardDispatch/DT_RewardPromise	D8B62EF74D1D2E4962A4A78AC74BCEBD	113134632	1200103	永夜	Aegis	Eternal Night	translated	False
updated_existing	/Game/Data/DataTables/RewardDispatch/DT_RewardPromise	EE6D9EDA470622AD90CB7D8CAB0D040F	1656773599	1200103	魇语	Omen	Nightmare Whisper	translated	False
updated_existing	/Game/Data/DataTables/RewardDispatch/DT_RewardPromise	078C09EC4BDC777307D933A25B1A98DC	1211466935	1200104	焚毁	Fury	Incinerate	translated	False
updated_existing	/Game/Data/DataTables/RewardDispatch/DT_RewardPromise	07E03ADC4E7E2F873AC23DBCFE241960	1975912669	1200104	冰痕	Metamorphosis	Ice Rime	translated	False
updated_existing	/Game/Data/DataTables/RewardDispatch/DT_RewardPromise	0A4CFEE04C9D937E013CBDB69BE33D6E	113134632	1200104	永夜	Aegis	Eternal Night	translated	False
updated_existing	/Game/Data/DataTables/RewardDispatch/DT_RewardPromise	0AA379CF47085B699A2D7C9DF18C3040	1743120042	1200104	化蝶	Erudite	Metamorphosis	translated	False
updated_existing	/Game/Data/DataTables/RewardDispatch/DT_RewardPromise	0EC2039A459CBDD74B3E69BF222EBA4D	1656773599	1200104	魇语	Omen	Nightmare Whisper	translated	False
updated_existing	/Game/Data/DataTables/RewardDispatch/DT_RewardPromise	2B851BC2464126E571EB908E384A2FAE	39498979	1200104	撼地	Pain	Earthshaker	translated	False
updated_existing	/Game/Data/DataTables/RewardDispatch/DT_RewardPromise	57CC575A46E0051B0F5D9B8BCD70681A	1849216527	1200104	镜影	Ice Rime	Mirror Image	translated	False
updated_existing	/Game/Data/DataTables/RewardDispatch/DT_RewardPromise	6745E2DC40B6D0BDB55C87BC09DF7226	197407834	1200104	旭日	Witch	Sunrise	translated	False
updated_existing	/Game/Data/DataTables/RewardDispatch/DT_RewardPromise	707EBB84443AF4F43EBD76BF80930A02	1523107719	1200104	圣树	Sunrise	Sacred Tree	translated	False
updated_existing	/Game/Data/DataTables/RewardDispatch/DT_RewardPromise	A15BCC634B63BAD28980BAB9CAD943E8	1388689729	1200104	柔纱	Sacred Tree	Soft Gauze	translated	False
updated_existing	/Game/Data/DataTables/RewardDispatch/DT_RewardPromise	D08939254612A8509AB1C9929E0F567B	955306066	1200104	暴烈	Fury Soul	Fury	translated	False
updated_existing	/Game/Data/DataTables/RewardDispatch/DT_RewardPromise	7F22BBDE4865AEE595D4E4A13C106F19	197407834	1200105	旭日	Rising Sun	Sunrise	translated	False
updated_existing	/Game/Data/DataTables/RewardDispatch/DT_RewardPromise	DD35B7434655C44C7B1E1EA0B4C71CD3	197407834	1200205	旭日	Rising Sun	Sunrise	translated	False
updated_existing	/Game/Data/DataTables/RewardDispatch/DT_RewardPromise	05EE800245D8C098554B369A70FD641A	113134632	1200401	永夜	Aegis	Eternal Night	translated	False
updated_existing	/Game/Data/DataTables/RewardDispatch/DT_RewardPromise	0F810FBA4FAC3F30AB84158CCDFAC703	1388689729	1200401	柔纱	Sacred Tree	Soft Gauze	translated	False
updated_existing	/Game/Data/DataTables/RewardDispatch/DT_RewardPromise	3AC8B0D547D9FBF37F2846B1EC7EDDD8	1211466935	1200401	焚毁	Fury	Incinerate	translated	False
updated_existing	/Game/Data/DataTables/RewardDispatch/DT_RewardPromise	513537E44E1523AA17FF0798378A49E7	1743120042	1200401	化蝶	Erudite	Metamorphosis	translated	False
updated_existing	/Game/Data/DataTables/RewardDispatch/DT_RewardPromise	580462014CFBFAC0534A589DF735E3DF	1849216527	1200401	镜影	Ice Rime	Mirror Image	translated	False
updated_existing	/Game/Data/DataTables/RewardDispatch/DT_RewardPromise	5BF8ACD346096DB6627B4CBD35D2E04F	1656773599	1200401	魇语	Omen	Nightmare Whisper	translated	False
updated_existing	/Game/Data/DataTables/RewardDispatch/DT_RewardPromise	6B8F19D347A9FA533D5F16A0214ECFCC	197407834	1200401	旭日	Witch	Sunrise	translated	False
updated_existing	/Game/Data/DataTables/RewardDispatch/DT_RewardPromise	779C46F949FC627F25949BA948DDF076	955306066	1200401	暴烈	Fury Soul	Fury	translated	False
updated_existing	/Game/Data/DataTables/RewardDispatch/DT_RewardPromise	8DEF2D594B6D06C3C43583B9BE028961	39498979	1200401	撼地	Pain	Earthshaker	translated	False
updated_existing	/Game/Data/DataTables/RewardDispatch/DT_RewardPromise	C0C3373C46F6A2EF9ED0808EAF7B1804	1523107719	1200401	圣树	Sunrise	Sacred Tree	translated	False
updated_existing	/Game/Data/DataTables/RewardDispatch/DT_RewardPromise	DCA5AAB242368852EF3AA6BB66D50865	1975912669	1200401	冰痕	Metamorphosis	Ice Rime	translated	False
updated_existing	/Game/Data/DataTables/RewardDispatch/DT_RewardPromise	0BE81F344A360A2AA07CECBCCFBE1113	197407834	128010101	旭日	Rising Sun	Sunrise	translated	False
updated_existing	/Game/Data/DataTables/RewardDispatch/DT_RewardPromise	6134A269464D898AB42EC4903ABB962D	197407834	128010102	旭日	Rising Sun	Sunrise	translated	False
updated_existing	/Game/Data/DataTables/RewardDispatch/DT_RewardPromise	1A410EDE4EA95B1B8013FF8C451EE895	197407834	128010103	旭日	Rising Sun	Sunrise	translated	False
updated_existing	/Game/Data/DataTables/RewardDispatch/DT_RewardPromise	E84B61D641623AB9D8A083BFBA44B0F6	197407834	128010104	旭日	Rising Sun	Sunrise	translated	False
updated_existing	/Game/Data/DataTables/RewardDispatch/DT_RewardPromise	09C8BBAA45E08407852AD0A12180E692	1975912669	1300301	冰痕	Fury	Ice Rime	translated	False
updated_existing	/Game/Data/DataTables/RewardDispatch/DT_RewardPromise	1B28DBAE436D620DC42C92A361E5A164	1656773599	1300301	魇语	Metamorphosis	Nightmare Whisper	translated	False
updated_existing	/Game/Data/DataTables/RewardDispatch/DT_RewardPromise	4CE65C4744D46A2C6D0026B96F52CD3F	1211466935	1300301	焚毁	Sacred Tree	Incinerate	translated	False
updated_existing	/Game/Data/DataTables/RewardDispatch/DT_RewardPromise	789E005641F98E6F8B6A5DA3D588DAC7	955306066	1300301	暴烈	Witch	Fury	translated	False
updated_existing	/Game/Data/DataTables/RewardDispatch/DT_RewardPromise	825334CE4C724E135FF5FE80334ED2BD	197407834	1300301	旭日	Rising Sun	Sunrise	translated	False
updated_existing	/Game/Data/DataTables/RewardDispatch/DT_RewardPromise	8AA66C8048FBD659E2B27F932D6F73FB	1849216527	1300301	镜影	Sunrise	Mirror Image	translated	False
updated_existing	/Game/Data/DataTables/RewardDispatch/DT_RewardPromise	94CB8733478E964954B17B9B178D632D	113134632	1300301	永夜	Erudite	Eternal Night	translated	False
updated_existing	/Game/Data/DataTables/RewardDispatch/DT_RewardPromise	CCADEEEA445704BFAB1A909DB39F8943	1130765022	1300301	魔女	Pain	Witch	translated	False
updated_existing	/Game/Data/DataTables/RewardDispatch/DT_RewardPromise	E081A969484DB3A8A89EEC97A447EF8A	1743120042	1300301	化蝶	Fury Soul	Metamorphosis	translated	False
updated_existing	/Game/Data/DataTables/RewardDispatch/DT_RewardPromise	E1A5FD4D4A89990187A203B322315F90	273769085	1300301	怒魂	Ice Rime	Fury Soul	translated	False
updated_existing	/Game/Data/DataTables/RewardDispatch/DT_RewardPromise	8FB6B956466D94ED9AEE24A9E3DF3CC0	1975912669	1300701	冰痕	Erudite	Ice Rime	translated	False
updated_existing	/Game/Data/DataTables/RewardDispatch/DT_RewardPromise	206EA0714FD43A01B47D74AD8EFC7206	1743120042	2000101	化蝶	Fury Soul	Metamorphosis	translated	False
updated_existing	/Game/Data/DataTables/RewardDispatch/DT_RewardPromise	9EDAF5CE49670C2E00F2B6A5DE0AF83A	1211466935	2000101	焚毁	Sacred Tree	Incinerate	translated	False
updated_existing	/Game/Data/DataTables/RewardDispatch/DT_RewardPromise	A1A65D9C478B0E487543EBA1C6DB57E2	955306066	2000101	暴烈	Witch	Fury	translated	False
updated_existing	/Game/Data/DataTables/RewardDispatch/DT_RewardPromise	BB160FB34A8B67C5A65F1E9DBA061BBB	1656773599	2000101	魇语	Metamorphosis	Nightmare Whisper	translated	False
updated_existing	/Game/Data/DataTables/RewardDispatch/DT_RewardPromise	BBDBA8AB4A5AC3CB7A99918C657DAE12	113134632	2000101	永夜	Erudite	Eternal Night	translated	False
updated_existing	/Game/Data/DataTables/RewardDispatch/DT_RewardPromise	C7E6BB724C775BB82558208A484F9A46	1975912669	2000101	冰痕	Fury	Ice Rime	translated	False
updated_existing	/Game/Data/DataTables/RewardDispatch/DT_RewardPromise	CE4458664B57E1E6072248B29B52A5C4	273769085	2000101	怒魂	Ice Rime	Fury Soul	translated	False
updated_existing	/Game/Data/DataTables/RewardDispatch/DT_RewardPromise	D77C1B064CE3360B8141F6BA36F2F2B2	1849216527	2000101	镜影	Sunrise	Mirror Image	translated	False
updated_existing	/Game/Data/DataTables/RewardDispatch/DT_RewardPromise	DE75BF18446A4AEE8F89129528755927	197407834	2000101	旭日	Rising Sun	Sunrise	translated	False
updated_existing	/Game/Data/DataTables/RewardDispatch/DT_RewardPromise	E1602F404B9E7036C103679B35AE00D1	1130765022	2000101	魔女	Pain	Witch	translated	False
updated_existing	/Game/Data/DataTables/RewardDispatch/DT_RewardPromise	2E1EFD534A346C172DAD0097582275F7	1211466935	2000102	焚毁	Sacred Tree	Incinerate	translated	False
updated_existing	/Game/Data/DataTables/RewardDispatch/DT_RewardPromise	4D4CA46F48996DECE950F28FC9E0B7D7	1975912669	2000102	冰痕	Fury	Ice Rime	translated	False
updated_existing	/Game/Data/DataTables/RewardDispatch/DT_RewardPromise	50EAA7DA42613AC68D774191D20481D0	1656773599	2000102	魇语	Metamorphosis	Nightmare Whisper	translated	False
updated_existing	/Game/Data/DataTables/RewardDispatch/DT_RewardPromise	6563E9EF4E341BCDB12F84830EC75ACC	1743120042	2000102	化蝶	Fury Soul	Metamorphosis	translated	False
updated_existing	/Game/Data/DataTables/RewardDispatch/DT_RewardPromise	74C8CEBF4A3518340A2F5383DA11DEF4	955306066	2000102	暴烈	Witch	Fury	translated	False
updated_existing	/Game/Data/DataTables/RewardDispatch/DT_RewardPromise	91D310B84FC94D044DD34E91A8391944	273769085	2000102	怒魂	Ice Rime	Fury Soul	translated	False
updated_existing	/Game/Data/DataTables/RewardDispatch/DT_RewardPromise	B577369046911435FDFD33B40821287E	1130765022	2000102	魔女	Pain	Witch	translated	False
updated_existing	/Game/Data/DataTables/RewardDispatch/DT_RewardPromise	BF47CC8A47505FCC19B62FBC5A3D4972	113134632	2000102	永夜	Erudite	Eternal Night	translated	False
updated_existing	/Game/Data/DataTables/RewardDispatch/DT_RewardPromise	E3E14B134AC19B11724FCBBABB2A180B	1849216527	2000102	镜影	Sunrise	Mirror Image	translated	False
updated_existing	/Game/Data/DataTables/RewardDispatch/DT_RewardPromise	F064C1EB450FD80CB93CF695D0BD5978	197407834	2000102	旭日	Rising Sun	Sunrise	translated	False
updated_existing	/Game/Data/DataTables/RewardDispatch/DT_RewardPromise	21E4BE21498D8984AC8C49A52E49579E	1975912669	2000103	冰痕	Fury	Ice Rime	translated	False
updated_existing	/Game/Data/DataTables/RewardDispatch/DT_RewardPromise	2BF2694A49A72511B6CABBB9D2A7BCC1	113134632	2000103	永夜	Erudite	Eternal Night	translated	False
updated_existing	/Game/Data/DataTables/RewardDispatch/DT_RewardPromise	57E4ECB346541C9F4C2B52A8D071AA47	1743120042	2000103	化蝶	Fury Soul	Metamorphosis	translated	False
updated_existing	/Game/Data/DataTables/RewardDispatch/DT_RewardPromise	877D73E74469CAC6B8931485BD1339D4	273769085	2000103	怒魂	Ice Rime	Fury Soul	translated	False
updated_existing	/Game/Data/DataTables/RewardDispatch/DT_RewardPromise	90E6F69F4CDE08241D5B95A49417013A	955306066	2000103	暴烈	Witch	Fury	translated	False
updated_existing	/Game/Data/DataTables/RewardDispatch/DT_RewardPromise	9DD386CE4495F0E0D9B0D1B669221633	1656773599	2000103	魇语	Metamorphosis	Nightmare Whisper	translated	False
updated_existing	/Game/Data/DataTables/RewardDispatch/DT_RewardPromise	A5115BF845334EAA59856289589C1B13	197407834	2000103	旭日	Rising Sun	Sunrise	translated	False
updated_existing	/Game/Data/DataTables/RewardDispatch/DT_RewardPromise	A626122F45AA996595514287BC28923B	1211466935	2000103	焚毁	Sacred Tree	Incinerate	translated	False
updated_existing	/Game/Data/DataTables/RewardDispatch/DT_RewardPromise	B53AF97F469D259EFAAC2FB9C27EA48E	1130765022	2000103	魔女	Pain	Witch	translated	False
updated_existing	/Game/Data/DataTables/RewardDispatch/DT_RewardPromise	C813E647465287D927302D93C6E27F7E	1849216527	2000103	镜影	Sunrise	Mirror Image	translated	False
updated_existing	/Game/Data/DataTables/RewardDispatch/DT_RewardPromise	212631AE4E23769CB16B51A2602FD377	113134632	2000104	永夜	Erudite	Eternal Night	translated	False
updated_existing	/Game/Data/DataTables/RewardDispatch/DT_RewardPromise	343FA2EF492B2D691C4A43B30543708D	1849216527	2000104	镜影	Sunrise	Mirror Image	translated	False
updated_existing	/Game/Data/DataTables/RewardDispatch/DT_RewardPromise	48F90F354E311A00617002B8C18146C4	1130765022	2000104	魔女	Pain	Witch	translated	False
updated_existing	/Game/Data/DataTables/RewardDispatch/DT_RewardPromise	785543D541DD18C81606F389D12E06DC	197407834	2000104	旭日	Rising Sun	Sunrise	translated	False
updated_existing	/Game/Data/DataTables/RewardDispatch/DT_RewardPromise	959985394978CC9A1136C2A6BF4BC9CA	1975912669	2000104	冰痕	Fury	Ice Rime	translated	False
updated_existing	/Game/Data/DataTables/RewardDispatch/DT_RewardPromise	B33486A94929804BFE9379B5B6D94031	273769085	2000104	怒魂	Ice Rime	Fury Soul	translated	False
updated_existing	/Game/Data/DataTables/RewardDispatch/DT_RewardPromise	C3D6792447CB5E9B21033091D04FB600	1743120042	2000104	化蝶	Fury Soul	Metamorphosis	translated	False
updated_existing	/Game/Data/DataTables/RewardDispatch/DT_RewardPromise	CD4E920B4858443B19FDC9AEFD0ED878	1656773599	2000104	魇语	Metamorphosis	Nightmare Whisper	translated	False
updated_existing	/Game/Data/DataTables/RewardDispatch/DT_RewardPromise	E252B872434FEB450CF657B1017AEFDA	1211466935	2000104	焚毁	Sacred Tree	Incinerate	translated	False
updated_existing	/Game/Data/DataTables/RewardDispatch/DT_RewardPromise	FDC293E14DB2FF0FBC335CBE4D76F994	955306066	2000104	暴烈	Witch	Fury	translated	False
updated_existing	/Game/Data/DataTables/RewardDispatch/DT_RewardPromise	0416D9A64E1759E0C2409999AF4F39DF	1656773599	2000105	魇语	Metamorphosis	Nightmare Whisper	translated	False
updated_existing	/Game/Data/DataTables/RewardDispatch/DT_RewardPromise	0AED2355433F5FBAB70DE3959D94CEA7	273769085	2000105	怒魂	Ice Rime	Fury Soul	translated	False
updated_existing	/Game/Data/DataTables/RewardDispatch/DT_RewardPromise	2BD1FAD04FF5B3DF688AE29787992E9F	1849216527	2000105	镜影	Sunrise	Mirror Image	translated	False
updated_existing	/Game/Data/DataTables/RewardDispatch/DT_RewardPromise	37E97288412394909166AEB68E1CA882	1743120042	2000105	化蝶	Fury Soul	Metamorphosis	translated	False
updated_existing	/Game/Data/DataTables/RewardDispatch/DT_RewardPromise	8B04B54141A8EACF4F6CD09F9525DA03	113134632	2000105	永夜	Erudite	Eternal Night	translated	False
updated_existing	/Game/Data/DataTables/RewardDispatch/DT_RewardPromise	9C2BE2664E11A31A7788879BD8BDF49C	1211466935	2000105	焚毁	Sacred Tree	Incinerate	translated	False
updated_existing	/Game/Data/DataTables/RewardDispatch/DT_RewardPromise	B6A67AFF4E7D3FEB54D2B49CE897E510	197407834	2000105	旭日	Rising Sun	Sunrise	translated	False
updated_existing	/Game/Data/DataTables/RewardDispatch/DT_RewardPromise	DD88BF7344ECEBCE7522B2BEE8ABFE79	1130765022	2000105	魔女	Pain	Witch	translated	False
updated_existing	/Game/Data/DataTables/RewardDispatch/DT_RewardPromise	F71AEF8646FF906471A251B3B1E777BC	1975912669	2000105	冰痕	Fury	Ice Rime	translated	False
updated_existing	/Game/Data/DataTables/RewardDispatch/DT_RewardPromise	FB0F8A82469FB05381CCD6BBFA24E25D	955306066	2000105	暴烈	Witch	Fury	translated	False
updated_existing	/Game/Data/DataTables/RewardDispatch/DT_RewardPromise	08619E3842CE2C484F30568717C070A5	1211466935	2000106	焚毁	Sacred Tree	Incinerate	translated	False
updated_existing	/Game/Data/DataTables/RewardDispatch/DT_RewardPromise	1BE8C4604B41389194A128B0C520C427	1656773599	2000106	魇语	Metamorphosis	Nightmare Whisper	translated	False
updated_existing	/Game/Data/DataTables/RewardDispatch/DT_RewardPromise	2118B0874C19450F9A34B7A07DF0273C	1130765022	2000106	魔女	Pain	Witch	translated	False
updated_existing	/Game/Data/DataTables/RewardDispatch/DT_RewardPromise	43D0F71A494AD2B9950A05B0BA9261A7	197407834	2000106	旭日	Rising Sun	Sunrise	translated	False
updated_existing	/Game/Data/DataTables/RewardDispatch/DT_RewardPromise	47583C4B41150DB30FC66590B9F0D4E0	1849216527	2000106	镜影	Sunrise	Mirror Image	translated	False
updated_existing	/Game/Data/DataTables/RewardDispatch/DT_RewardPromise	9D9A307540A0BDAA724825AE46F15F53	1743120042	2000106	化蝶	Fury Soul	Metamorphosis	translated	False
updated_existing	/Game/Data/DataTables/RewardDispatch/DT_RewardPromise	B2731CBC4494217E30E59882DBDD5E43	955306066	2000106	暴烈	Witch	Fury	translated	False
updated_existing	/Game/Data/DataTables/RewardDispatch/DT_RewardPromise	B3281A6E441B045696C6AA9FC6F04397	113134632	2000106	永夜	Erudite	Eternal Night	translated	False
updated_existing	/Game/Data/DataTables/RewardDispatch/DT_RewardPromise	D2B956C844F0D446024E56BBAA4BFA3D	1975912669	2000106	冰痕	Fury	Ice Rime	translated	False
updated_existing	/Game/Data/DataTables/RewardDispatch/DT_RewardPromise	D3D2AD354F5D1CEA731A22A99BAEA86F	273769085	2000106	怒魂	Ice Rime	Fury Soul	translated	False
updated_existing	/Game/Data/DataTables/RewardDispatch/DT_RewardPromise	086FA82D46B70089CD23FCB70413D650	1130765022	2000107	魔女	Pain	Witch	translated	False
updated_existing	/Game/Data/DataTables/RewardDispatch/DT_RewardPromise	16C17CFC49DC90C5E2F04FA0CDA816EB	197407834	2000107	旭日	Rising Sun	Sunrise	translated	False
updated_existing	/Game/Data/DataTables/RewardDispatch/DT_RewardPromise	274F6E93424FF3167A3EC091556071F7	1849216527	2000107	镜影	Sunrise	Mirror Image	translated	False
updated_existing	/Game/Data/DataTables/RewardDispatch/DT_RewardPromise	624AA49A41C776C0912F238C7D1D05CF	1656773599	2000107	魇语	Metamorphosis	Nightmare Whisper	translated	False
updated_existing	/Game/Data/DataTables/RewardDispatch/DT_RewardPromise	7772CCC94A1814DFE7FEA4B75943344A	1975912669	2000107	冰痕	Fury	Ice Rime	translated	False
updated_existing	/Game/Data/DataTables/RewardDispatch/DT_RewardPromise	C5E1D999483816E14B05A780C975C869	273769085	2000107	怒魂	Ice Rime	Fury Soul	translated	False
updated_existing	/Game/Data/DataTables/RewardDispatch/DT_RewardPromise	C8FB22CC4C1FFF02F4386E8E5EE90158	113134632	2000107	永夜	Erudite	Eternal Night	translated	False
updated_existing	/Game/Data/DataTables/RewardDispatch/DT_RewardPromise	CD407EDC46B9FA764FC6F6B49464B297	955306066	2000107	暴烈	Witch	Fury	translated	False
updated_existing	/Game/Data/DataTables/RewardDispatch/DT_RewardPromise	D9F1DFD44100194B4D73B3945E72EB34	1743120042	2000107	化蝶	Fury Soul	Metamorphosis	translated	False
updated_existing	/Game/Data/DataTables/RewardDispatch/DT_RewardPromise	DF8171FF4E2DD7BF7E9581875083D840	1211466935	2000107	焚毁	Sacred Tree	Incinerate	translated	False
updated_existing	/Game/Data/DataTables/RewardDispatch/DT_RewardPromise	005D8FA740EC73896DA298810F3E8B29	1656773599	2000108	魇语	Metamorphosis	Nightmare Whisper	translated	False
updated_existing	/Game/Data/DataTables/RewardDispatch/DT_RewardPromise	217857434160DD6F4DDEB6BE0B9E92DC	955306066	2000108	暴烈	Witch	Fury	translated	False
updated_existing	/Game/Data/DataTables/RewardDispatch/DT_RewardPromise	6EC8578A4F6BD44C3BC3B69827864405	1211466935	2000108	焚毁	Sacred Tree	Incinerate	translated	False
updated_existing	/Game/Data/DataTables/RewardDispatch/DT_RewardPromise	A7DFA05D45631DDCD7E31F86C22E777B	273769085	2000108	怒魂	Ice Rime	Fury Soul	translated	False
updated_existing	/Game/Data/DataTables/RewardDispatch/DT_RewardPromise	B21A03F54884011655F103A5A1E7E8CE	113134632	2000108	永夜	Erudite	Eternal Night	translated	False
updated_existing	/Game/Data/DataTables/RewardDispatch/DT_RewardPromise	BDBF9CD949A15A504CAE769318556E3C	1849216527	2000108	镜影	Sunrise	Mirror Image	translated	False
updated_existing	/Game/Data/DataTables/RewardDispatch/DT_RewardPromise	C67CF8AE495EAB4DADA06189D1A0E2DB	1130765022	2000108	魔女	Pain	Witch	translated	False
updated_existing	/Game/Data/DataTables/RewardDispatch/DT_RewardPromise	DB56B14749784B71F6EF7CBAE35B5E87	1743120042	2000108	化蝶	Fury Soul	Metamorphosis	translated	False
updated_existing	/Game/Data/DataTables/RewardDispatch/DT_RewardPromise	F0B1C526418771490696A9A7BC0D49A9	197407834	2000108	旭日	Rising Sun	Sunrise	translated	False
updated_existing	/Game/Data/DataTables/RewardDispatch/DT_RewardPromise	F472572640DBC88A628B34A6304C3418	1975912669	2000108	冰痕	Fury	Ice Rime	translated	False
updated_existing	/Game/Data/DataTables/RewardDispatch/DT_RewardPromise	3F97C64D4631C1B6D46F5A8D22D1EC5E	1743120042	2000109	化蝶	Fury Soul	Metamorphosis	translated	False
updated_existing	/Game/Data/DataTables/RewardDispatch/DT_RewardPromise	5B98D10D472E7B57E596248860D1AF11	1849216527	2000109	镜影	Sunrise	Mirror Image	translated	False
updated_existing	/Game/Data/DataTables/RewardDispatch/DT_RewardPromise	91C09C0148C9BC1A64F715A7224160DA	1656773599	2000109	魇语	Metamorphosis	Nightmare Whisper	translated	False
updated_existing	/Game/Data/DataTables/RewardDispatch/DT_RewardPromise	93C22CFF412F33D36CA7929EA9ABCDBB	197407834	2000109	旭日	Rising Sun	Sunrise	translated	False
updated_existing	/Game/Data/DataTables/RewardDispatch/DT_RewardPromise	B3246E904F1896903C802F8D8402FCC2	1211466935	2000109	焚毁	Sacred Tree	Incinerate	translated	False
updated_existing	/Game/Data/DataTables/RewardDispatch/DT_RewardPromise	C66DBFE14EDC2061B027868BEA711A2F	273769085	2000109	怒魂	Ice Rime	Fury Soul	translated	False
updated_existing	/Game/Data/DataTables/RewardDispatch/DT_RewardPromise	EC2FE9774759D89D42973C96A57B9017	955306066	2000109	暴烈	Witch	Fury	translated	False
updated_existing	/Game/Data/DataTables/RewardDispatch/DT_RewardPromise	EFE2FA4E424E10777F1269BDF8713390	113134632	2000109	永夜	Erudite	Eternal Night	translated	False
updated_existing	/Game/Data/DataTables/RewardDispatch/DT_RewardPromise	F71C2F0A4613A863911E9291DCB133C1	1975912669	2000109	冰痕	Fury	Ice Rime	translated	False
updated_existing	/Game/Data/DataTables/RewardDispatch/DT_RewardPromise	FD318C7F42EDF17482DD6BACB2F6281D	1130765022	2000109	魔女	Pain	Witch	translated	False
updated_existing	/Game/Data/DataTables/RewardDispatch/DT_RewardPromise	5618D6354C7307527B357E8A86AE8848	1743120042	2000110	化蝶	Fury Soul	Metamorphosis	translated	False
updated_existing	/Game/Data/DataTables/RewardDispatch/DT_RewardPromise	6F161D9E46BAF76A1B60E9B8F5DB1253	197407834	2000110	旭日	Rising Sun	Sunrise	translated	False
updated_existing	/Game/Data/DataTables/RewardDispatch/DT_RewardPromise	858BC5954A3C0C56325A7FA18F600FBF	955306066	2000110	暴烈	Witch	Fury	translated	False
updated_existing	/Game/Data/DataTables/RewardDispatch/DT_RewardPromise	B0DA00AE42AC25DA8195F6AE026C92C2	1211466935	2000110	焚毁	Sacred Tree	Incinerate	translated	False
updated_existing	/Game/Data/DataTables/RewardDispatch/DT_RewardPromise	C07854284B066980AEE8C5941C92D447	1656773599	2000110	魇语	Metamorphosis	Nightmare Whisper	translated	False
updated_existing	/Game/Data/DataTables/RewardDispatch/DT_RewardPromise	C0CCD74A4739FEAAF5AA05B6E52C5DE4	113134632	2000110	永夜	Erudite	Eternal Night	translated	False
updated_existing	/Game/Data/DataTables/RewardDispatch/DT_RewardPromise	D3DE6B1B448E0F816C84159B5A977997	1975912669	2000110	冰痕	Fury	Ice Rime	translated	False
updated_existing	/Game/Data/DataTables/RewardDispatch/DT_RewardPromise	EE4053A74502F73C810CB987C6DA0CA5	1849216527	2000110	镜影	Sunrise	Mirror Image	translated	False
updated_existing	/Game/Data/DataTables/RewardDispatch/DT_RewardPromise	EFE7DAB3422F79529C71E696BC7CD48E	273769085	2000110	怒魂	Ice Rime	Fury Soul	translated	False
updated_existing	/Game/Data/DataTables/RewardDispatch/DT_RewardPromise	FA7E0D30421EFA972E028AB490543920	1130765022	2000110	魔女	Pain	Witch	translated	False
updated_existing	/Game/Data/DataTables/RewardDispatch/DT_RewardPromise	0161D66C420E320347F85192BDF9C1E4	1975912669	2000111	冰痕	Fury	Ice Rime	translated	False
updated_existing	/Game/Data/DataTables/RewardDispatch/DT_RewardPromise	2E4EA7B84858C612B64B2D994136D5FF	273769085	2000111	怒魂	Ice Rime	Fury Soul	translated	False
updated_existing	/Game/Data/DataTables/RewardDispatch/DT_RewardPromise	3706A43E446E517D7B989FBDC0252284	1743120042	2000111	化蝶	Fury Soul	Metamorphosis	translated	False
updated_existing	/Game/Data/DataTables/RewardDispatch/DT_RewardPromise	6BBC240A45F4052F8AED0F8E6C1A460C	1656773599	2000111	魇语	Metamorphosis	Nightmare Whisper	translated	False
updated_existing	/Game/Data/DataTables/RewardDispatch/DT_RewardPromise	B09BD465402B18C5999BFD8C9B189A9C	1211466935	2000111	焚毁	Sacred Tree	Incinerate	translated	False
updated_existing	/Game/Data/DataTables/RewardDispatch/DT_RewardPromise	B4582D2D4AC26EFB9D3E98921B294C1D	1130765022	2000111	魔女	Pain	Witch	translated	False
updated_existing	/Game/Data/DataTables/RewardDispatch/DT_RewardPromise	BD5FC4574C0C1E48E7CC1DB507FE6D53	197407834	2000111	旭日	Rising Sun	Sunrise	translated	False
updated_existing	/Game/Data/DataTables/RewardDispatch/DT_RewardPromise	D4D789EF4FDA6C2018E13AA97080236C	113134632	2000111	永夜	Erudite	Eternal Night	translated	False
updated_existing	/Game/Data/DataTables/RewardDispatch/DT_RewardPromise	EDD812DC4755CCB6AF21E1B4CC26F6A2	955306066	2000111	暴烈	Witch	Fury	translated	False
updated_existing	/Game/Data/DataTables/RewardDispatch/DT_RewardPromise	FF4D92BB436CC0E2644A1EB709F9284D	1849216527	2000111	镜影	Sunrise	Mirror Image	translated	False
updated_existing	/Game/Data/DataTables/RewardDispatch/DT_RewardPromise	35ABF0FB4231DF6B290B9896F7F46209	197407834	2000112	旭日	Rising Sun	Sunrise	translated	False
updated_existing	/Game/Data/DataTables/RewardDispatch/DT_RewardPromise	3ED52FCA44A5E73CCF3DCCB67563C48B	1211466935	2000112	焚毁	Sacred Tree	Incinerate	translated	False
updated_existing	/Game/Data/DataTables/RewardDispatch/DT_RewardPromise	675F022246726A0CDDEE659549CE9404	113134632	2000112	永夜	Erudite	Eternal Night	translated	False
updated_existing	/Game/Data/DataTables/RewardDispatch/DT_RewardPromise	C3033A5C44A10E6E893EACA940831081	1743120042	2000112	化蝶	Fury Soul	Metamorphosis	translated	False
updated_existing	/Game/Data/DataTables/RewardDispatch/DT_RewardPromise	CC19AFD3474D8C464AD590A2EF1ED6A2	1849216527	2000112	镜影	Sunrise	Mirror Image	translated	False
updated_existing	/Game/Data/DataTables/RewardDispatch/DT_RewardPromise	E1D92DAD4BECF0161224958BC1C0C3B2	955306066	2000112	暴烈	Witch	Fury	translated	False
updated_existing	/Game/Data/DataTables/RewardDispatch/DT_RewardPromise	E665CB734752480564A630B38E918843	1656773599	2000112	魇语	Metamorphosis	Nightmare Whisper	translated	False
updated_existing	/Game/Data/DataTables/RewardDispatch/DT_RewardPromise	EEDE077F4F175B52EB4784A4DA5F5567	1130765022	2000112	魔女	Pain	Witch	translated	False
updated_existing	/Game/Data/DataTables/RewardDispatch/DT_RewardPromise	F98CFFC9445E3B81B84FD9B9DA191B17	1975912669	2000112	冰痕	Fury	Ice Rime	translated	False
updated_existing	/Game/Data/DataTables/RewardDispatch/DT_RewardPromise	FB81B4454DDD3AD7554785903B119CA3	273769085	2000112	怒魂	Ice Rime	Fury Soul	translated	False
updated_existing	/Game/Data/DataTables/SceneItem/DT_SceneItem_MapSpecific	9EB0404D4317DFDEF536DFA85A5CA9C9	1094554085	2270313	玲珑机巧·人	Contrivance: Heaven	Contrivance: Mortal	translated	False
updated_existing	/Game/Data/DataTables/SceneItem/DT_SceneItem_SideQuest_C	B1924DE749C7C90781809DA898DA993E	501086156	7401130	阅读	Pick Up	Letter	translated	False
updated_existing	/Game/Data/DataTables/SceneItem/DT_SceneItem_SideQuest_I	ED90CF6D4C23D84C9FBC9C9C0604193F	501086156	7401147	阅读	Search	Letter	translated	False
updated_existing	/Game/Data/DataTables/SceneItem/DT_SceneItem_SideQuest_I	C37F352C43B43E4E8DBE2C9D03686749	3277917682	7401163	品尝	Pick	Taste	translated	False
updated_existing	/Game/Data/DataTables/SceneItem/StoryCrumbs/StroyCrumbs_Avatar/DT_StoryCrumbs_Content_CoverPlot_EastWorld_I	930C270A44718A572279019C419CD52D	638451967	4409056	研究笔记	Gong Weicheng's Report III	Research Notes	translated	False
updated_existing	/Game/Data/DataTables/Schools/DT_SchoolsSkill	221BE2864B214D5EB270A39CA5907515	2646271058	1020502	回收利用·一	回收利用·一	Recycle I	translated	False
updated_existing	/Game/Data/DataTables/Schools/DT_SchoolsSkill	AC58650F4AAC8E99BEBC359F402A753A	1763858887	1020502	"小概率<span color=""#ffdda4"">不消耗鱼饵</>。"	"小概率<span color=""#ffdda4"">不消耗鱼饵</>。"	"Small chance to <span color=""#ffdda4"">not consume bait</>."	translated	False
updated_existing	/Game/Data/DataTables/Schools/DT_SchoolsSkill	75C730E449BD01BF122A8486234E7E41	1997297296	1020503	及时止损·一	及时止损·一	Cut Losses I	translated	False
updated_existing	/Game/Data/DataTables/Schools/DT_SchoolsSkill	F00C1F4B404A05F277E2E09AE26A867B	3056453131	1020503	"失败时小概率<span color=""#ffdda4"">不消耗鱼饵</>。"	"失败时小概率<span color=""#ffdda4"">不消耗鱼饵</>。"	"Small chance to <span color=""#ffdda4"">not consume bait</> upon failure."	translated	False
updated_existing	/Game/Data/DataTables/Schools/DT_SchoolsSkill	445F727D41A949429A560A8B98DE68AB	2739802365	1020505	"小幅<span color=""#ffdda4"">减少等待咬钩时间</>。"	"小幅<span color=""#ffdda4"">减少等待咬钩时间</>。"	"Slightly <span color=""#ffdda4"">reduce wait time for bites</>."	translated	False
updated_existing	/Game/Data/DataTables/Schools/DT_SchoolsSkill	83580C0446FCA322B9F9BC9D9F347C95	1555837825	1020505	钓鱼大师·一	钓鱼大师·一	Fishing Master I	translated	False
updated_existing	/Game/Data/DataTables/ScreenTransition/Narrative/DT_ScreenTransition_HeroStory	E336FD4B4FAED8DCC07A3E96FDF8318F	2282788034	30044	"seq占位：
你和妃寒搬开沉重的书堆，将呼救之人拉了出来。"	"seq占位:
You and Fei Han moved the heavy books and pulled out the person calling for help."	"Sequence Placeholder:
You and Fei Han move the heavy pile of books and pull out the person calling for help."	translated	False
updated_existing	/Game/Data/DataTables/ScreenTransition/Narrative/DT_ScreenTransition_MainQuest	DC7F16CC47FB93E315134DB2962BD027	2324164010	10135	"seq占位：
李白泉渊四季比剑"	"seq占位:
Li Bai and Quan Yuan compete in swordsmanship across the four seasons"	"Sequence Placeholder:
Li Bai and Quan Yuan compete in swordsmanship across the four seasons."	translated	False
updated_existing	/Game/Data/DataTables/ScreenTransition/Narrative/DT_ScreenTransition_MainQuest	341E39FE4011B8EC9696F8853D791789	639038299	10140	"seq占位：
俯视角由远及近展示原初学宫入口的机关。"	"seq占位:
从俯视角度从远及近展示原初学宫入口的机关。"	"Sequence Placeholder:
Show the mechanism at the entrance of the Origin Academy from a high-angle, zooming in from a distance."	translated	False
updated_existing	/Game/Data/DataTables/ScreenTransition/Narrative/DT_ScreenTransition_MainQuest	A5880F4449E5615147459CAD8FE7A88F	2367099894	10141	"seq占位：
分别展示三处机关升起的画面，随后俯视角全景展示学宫入口开启。"	"seq占位:
分别展示三处机关升起的画面，随后俯视角全景展示学宫入口开启。"	"Sequence Placeholder:
Show the three mechanisms rising one by one, then a panoramic high-angle shot of the Academy entrance opening."	translated	False
updated_existing	/Game/Data/DataTables/ScreenTransition/Narrative/DT_ScreenTransition_MainQuest	9F689B5943799B91723AC2BF5E2429A3	13390652	10142	"seq占位：
主角身上闪动特效，随后消失。"	"seq占位:
主角身上闪动特效，随后消失。"	"Sequence Placeholder:
Special effects flash on the protagonist, then disappear."	translated	False
updated_existing	/Game/Data/DataTables/SeasonSystem/DT_SeasonSystemDetailPageInfo	F11648CF427B31D886C54E96EC2AB6E1	813867451	10103	绝境	Mystic Ruins	Desperation	translated	False
updated_existing	/Game/Data/DataTables/SeasonSystem/DT_SeasonSystemHomePageInfo	88871DFD4BCBBB58FDF36C986F92756D	813867451	3	绝境	Mystic Ruins	Desperation	translated	False
updated_existing	/Game/Data/DataTables/SeasonSystem/DT_SeasonSystemHomePageInfo	28F8987242830379BEBBA99DF4349926	813867451	9	绝境	Mystic Ruins	Desperation	translated	False
updated_existing	/Game/Data/ExportDialogues/PlateauDungeon/PlateauDungeon_GXMZ/ChuShengDianYinDao/DT_DialogueInfo_PlateauDungeon_GXMZ_ChuShengDianYinDao	PlateauDungeon_GXMZ_ChuShengDianYinDao_00_XingLeng_DialogueText	736893255	PlateauDungeon_GXMZ_ChuShengDianYinDao_00_XingLeng	好特别的流，若是你说不定可击破那些紫色<001>“妖星”</>。	What a unique Flux. You might be able to break those purple <001>妖星</>.	"What a unique Flux. You might be able to break those purple <001>""Star-Fiends""</>."	translated	False
