namespace	guid	row	source
/Game/Data/DataTables/Item/ItemQuest/DT_Item_Quest_World	32287EEE46B50672509A8E8C363754FB	50101449	工巧家的笔记
/Game/Data/DataTables/Item/ItemQuest/DT_Item_Quest_World	97CD3A41420DCD391EB9729678303D3E	50103104	云之诗
/Game/Data/DataTables/Item/ItemQuest/DT_Item_Quest_World	AC0923AD432456C044EE82B8291A26C7	50103108	将作百工二
/Game/Data/DataTables/Item/ItemQuest/DT_Item_Quest_World	5CBD49964161856B4CF089A6C3F946C8	50103109	豳风百战四
/Game/Data/DataTables/Item/ItemQuest/DT_Item_Quest_World	E8C9E63A4E8F32B43E8D3E809C3F9112	50103111	路边野怪三
/Game/Data/DataTables/Item/ItemQuest/DT_Item_Quest_Side	5A36FC2041551A40E50188AB0217CB23	50101313	捣狸戏言录
/Game/Data/DataTables/Item/ItemQuest/DT_Item_Quest_Side	1B45DD094F42A77A4E0A159C47EC78FC	50101448	工巧家的笔记
/Game/Data/DataTables/Item/ItemQuest/DT_Item_Quest_Side	79128377458212584AB828B7C77D4CE4	50101638	手记·谷雨
/Game/Data/DataTables/Item/ItemQuest/DT_Item_Quest_Side	471FCEEB483A4768BBF439A1661B27A5	50103023	一张揉皱的订单
/Game/Data/DataTables/Item/ItemQuest/DT_Item_Quest_Side	14A76FBF4348470EF340D8968D4B9CD6	50103054	字迹潦草的纸条
/Game/Data/DataTables/Item/ItemQuest/DT_Item_Quest_Side	BBF36659464D0F5148251BB416E3732A	50103223	密令残片·一
/Game/Data/DataTables/Item/ItemQuest/DT_Item_Quest_Side	A85B65CF4E3B3C3B56AD44878FD00509	50103225	密令残片·二
/Game/Data/DataTables/Item/DT_ItemPersonalizationAppearance	A41229674737C3E5D564AF8F08B9A415	1021000005	百炼
/Game/Data/DataTables/Item/ItemQuest/DT_Item_Quest_Main	E4D83D8E4A398B777185D8840CAFCBD2	50101269	吕父的留书
/Game/Data/DataTables/Item/DT_ItemSpecial	66045534451786BA6B211FA1DA8C9474	110001011	幻纱之灵
/Game/Data/DataTables/Item/DT_ItemDish	AB27D8C846FE6437FB5733BE56ED658E	40307045	丰云酿 
/Game/Data/DataTables/Item/DT_ItemFurniture	8AF13D1D41E3E40577D9499E0B4F5EA1	40315575	东方曜立牌
/Game/Data/DataTables/Item/DT_ItemFurniture	93C55394464DFB675789509E2A88F213	40315577	李白立牌
/Game/Data/DataTables/Item/DT_ItemFurniture	395BF8834315943DDA54FC89A796D0A9	40315687	书堆
/Game/Data/DataTables/Ethnography/DT_Ethnography_POIGameplayPoint	F527D4284706858D9CC91DABB24DA855	100021	激战试炼
/Game/Data/DataTables/Ethnography/DT_Ethnography_BigWorldMonster	4CC5F2CC42627192141D759E7DC4DD8D	0BAB2CA44F4029FF00FFF284115CC69A	实验型鲁班五号
/Game/Data/DataTables/Ethnography/DT_Ethnography_BigWorldMonster	4CC5F2CC42627192141D759E7DC4DD8D	62DC10884CC1D830DE2D2FA97CC45F25	实验型鲁班五号
/Game/Data/DataTables/NPCTable/DT_NPC_Enemy_LD	4CC5F2CC42627192141D759E7DC4DD8D	301290220	实验型鲁班五号
/Game/Data/DataTables/Ethnography/DT_Ethnography_BigWorldMonster	6E32ACBE4F68580B83254DBCC70DACA8	1DD403FA4F2DD8EA18E941ACEF890DF4	赤红灵兽
/Game/Data/DataTables/NPCTable/DT_NPC_Enemy_LD	6E32ACBE4F68580B83254DBCC70DACA8	302290002	赤红灵兽
/Game/Data/DataTables/Ethnography/DT_Ethnography_BigWorldMonster	87F1288C4216E49AF9DDA4B96FD77182	721E7A7049C52AF83474418AB3D3328B	玄啸
/Game/Data/DataTables/Ethnography/DT_Ethnography_BigWorldMonster	87F1288C4216E49AF9DDA4B96FD77182	8A09F070493A1650F8DA44B1DFDDBF11	玄啸
/Game/Data/DataTables/FieldGuide/FieldGuideExtraInfo/DT_FieldGuide_Auto	87F1288C4216E49AF9DDA4B96FD77182	301201740	玄啸
/Game/Data/DataTables/NPCTable/DT_NPC_Enemy_LD	87F1288C4216E49AF9DDA4B96FD77182	301201740	玄啸
/Game/Data/DataTables/Ethnography/DT_Ethnography_BigWorldMonster	37C1C12B4CB9F002F53164A3E5BF42BF	79203CF74D44ADC299BE18B4C86B103D	汉雷鸣角
/Game/Data/DataTables/NPCTable/DT_NPC_Enemy_LD	37C1C12B4CB9F002F53164A3E5BF42BF	392201081	汉雷鸣角
/Game/Data/DataTables/Ethnography/DT_Ethnography_BigWorldMonster	D156CCBA422FDF13E3B366949D91926B	AE5A5B734C43F630D69C4FAF63E0C8A7	湛蓝灵兽
/Game/Data/DataTables/NPCTable/DT_NPC_Enemy_LD	D156CCBA422FDF13E3B366949D91926B	302290012	湛蓝灵兽
/Game/Data/DataTables/Item/DT_ItemWeapon	68F45B094731292EAA1EFA8A33360E0F	18021101	龙牙白爆发核心
/Game/Data/DataTables/Item/DT_ItemWeapon	EBC83C32486E8CAE64E2E1A8E2F628BA	18021201	龙牙绿爆发核心
/Game/Data/DataTables/Item/DT_ItemWeapon	1D0E608540B5B02992E6A0AC4F9BEFB5	18021401	龙牙紫爆发核心
/Game/Data/DataTables/Item/DT_ItemWeapon	C4BE28E444B650FD8C3753841B6DD304	18021501	龙牙金爆发核心
/Game/Data/DataTables/Item/DT_ItemWeapon	6646F7EC4EA766C549EDBFA0B0CB7BF8	18021601	龙牙专爆发核心
/Game/Data/DataTables/Item/DT_ItemMaterial	F3F7BC914BBD8F149CFF8FA4B1F77C60	40102102	常见的植物，可烹饪多种美食。
/Game/Data/DataTables/Item/DT_ItemMaterial	109E028149947568AE8ECF90FDA55781	40102103	田地农作物，野外可采摘，可用于烹饪<Blue_Basic>提升耐力</>的食物。
/Game/Data/DataTables/Item/DT_ItemMaterial	02980E624169473404104BBC1286C63D	40102116	树上的果实，可烹饪多种美食。
/Game/Data/DataTables/Item/DT_ItemMaterial	61224DF74DBDD5B1B8670AAB3536BCD3	40102120	常见的植物，可烹饪多种美食。
/Game/Data/DataTables/Item/DT_ItemMaterial	D1CE264A43C80045CD217DB2ABFFDA39	40102141	树上的果实，可烹饪多种美食。
/Game/Data/DataTables/Item/DT_ItemMaterial	64F78D7C422489791FA882A13CF47BDA	40102152	田地农作物，野外可采摘，可烹饪多种美食。
/Game/Data/DataTables/Item/DT_ItemMaterial	6A476BAB463B7E6534DE0EB9C8778D3B	40102164	田地农作物，野外可采摘，可用于烹饪<Blue_Basic>提升最大生命值</>的食物。
/Game/Data/DataTables/Item/DT_ItemMaterial	9AC8922443217736C6DF64860BB9F3DF	40102211	造型独特的的矿石。
/Game/Data/DataTables/Item/DT_ItemMaterial	C5E3DEC9472A142AD640B7852DED9416	40102221	多产自地下的天柱墟，可制作多种奇效药品。
/Game/Data/DataTables/Item/DT_ItemMaterial	05C28FD641CEBD2296B7ABB52BB3A2DF	40102227	工巧材料，搭配其他材料可制成幻身类巧玩道具。
/Game/Data/DataTables/Item/DT_ItemMaterial	4A664C1C45840A3D6655088E1B7BD87F	40103003	鹤禽类坚硬的骨头。
/Game/Data/DataTables/NPCTable/DT_NPC_Enemy	18A48D4F4C46A3FF1CB9CCB72A2DA0D7	201091	炎角牛
/Game/Data/DataTables/FieldGuide/FieldGuideExtraInfo/DT_FieldGuide_Auto	18A48D4F4C46A3FF1CB9CCB72A2DA0D7	201091	炎角牛
/Game/Data/DataTables/NPCTable/DT_NPC_Enemy	6C197871404A15C28D78E79991C14C02	201715	李寻
/Game/Data/DataTables/FieldGuide/FieldGuideExtraInfo/DT_FieldGuide_Auto	6C197871404A15C28D78E79991C14C02	201715	李寻
/Game/Data/DataTables/NPCTable/DT_NPC_Enemy	7792B57B4C4785A9C5FAD08CF4918873	201740	食铁游侠
/Game/Data/DataTables/FieldGuide/FieldGuideExtraInfo/DT_FieldGuide_Auto	7792B57B4C4785A9C5FAD08CF4918873	201740	食铁游侠
/Game/Data/DataTables/NPCTable/DT_NPC_Enemy	45EE0750472989CB56DB58B7CA0126ED	290093	伯屠大君
/Game/Data/DataTables/FieldGuide/FieldGuideExtraInfo/DT_FieldGuide_Auto	45EE0750472989CB56DB58B7CA0126ED	290093	伯屠大君
/Game/Data/DataTables/FieldGuide/FieldGuideExtraInfo/DT_FieldGuide_Auto	4FCEC55243B1B06757D7149E7E6B8BCB	402013716	突破·傲火隼
/Game/Data/DataTables/NPCTable/DT_NPC_EnemyQuest	4FCEC55243B1B06757D7149E7E6B8BCB	402013716	突破·傲火隼
/Game/Data/DataTables/FieldGuide/FieldGuideExtraInfo/DT_FieldGuide_Auto	FB7DB785451501E52E772DB01D1E86B8	402013717	突破·玄冰坠天盾
/Game/Data/DataTables/NPCTable/DT_NPC_EnemyQuest	FB7DB785451501E52E772DB01D1E86B8	402013717	突破·玄冰坠天盾
/Game/Data/DataTables/FieldGuide/FieldGuideExtraInfo/DT_FieldGuide_Auto	7ECFC1374B18F3F167E444A1B9590EDC	402013718	突破·天雷隼
/Game/Data/DataTables/NPCTable/DT_NPC_EnemyQuest	7ECFC1374B18F3F167E444A1B9590EDC	402013718	突破·天雷隼
/Game/Data/DataTables/FieldGuide/FieldGuideExtraInfo/DT_FieldGuide_Auto	92D1AA7547C7ED016F4998B21D7B9F86	402013719	突破·芒鬓巨熊
/Game/Data/DataTables/NPCTable/DT_NPC_EnemyQuest	92D1AA7547C7ED016F4998B21D7B9F86	402013719	突破·芒鬓巨熊
/Game/Data/DataTables/FieldGuide/FieldGuideExtraInfo/DT_FieldGuide_Auto	B43FBE1F4F715162A97CB28F9EF7FEF7	402013720	突破·流火晶刃铠
/Game/Data/DataTables/NPCTable/DT_NPC_EnemyQuest	B43FBE1F4F715162A97CB28F9EF7FEF7	402013720	突破·流火晶刃铠
/Game/Data/DataTables/FieldGuide/FieldGuideExtraInfo/DT_FieldGuide_Auto	727F1A194B5A214AFB1A388DDF7E67EB	402013721	突破·燎原巨蜥
/Game/Data/DataTables/NPCTable/DT_NPC_EnemyQuest	727F1A194B5A214AFB1A388DDF7E67EB	402013721	突破·燎原巨蜥
/Game/Data/DataTables/FieldGuide/FieldGuideExtraInfo/DT_FieldGuide_Auto	564F31D5455A8C456C866E8B1D72EE19	402013722	突破·月刃伯屠
/Game/Data/DataTables/NPCTable/DT_NPC_EnemyQuest	564F31D5455A8C456C866E8B1D72EE19	402013722	突破·月刃伯屠
/Game/Data/DataTables/FieldGuide/FieldGuideExtraInfo/DT_FieldGuide_Auto	D74EF9614E7FB595705E859022A53CE8	402013723	突破·天火锤星
/Game/Data/DataTables/NPCTable/DT_NPC_EnemyQuest	D74EF9614E7FB595705E859022A53CE8	402013723	突破·天火锤星
/Game/Data/DataTables/FieldGuide/FieldGuideExtraInfo/DT_FieldGuide_Auto	42FAE6DD49C1B6D9FF7BE397DD7903E1	402013724	突破·降霜一刻
/Game/Data/DataTables/NPCTable/DT_NPC_EnemyQuest	42FAE6DD49C1B6D9FF7BE397DD7903E1	402013724	突破·降霜一刻
/Game/Data/DataTables/FieldGuide/FieldGuideExtraInfo/DT_FieldGuide_Auto	1E37EC1F47679076CF6FE996DB76844C	402013725	突破·蛮虎
/Game/Data/DataTables/NPCTable/DT_NPC_EnemyQuest	1E37EC1F47679076CF6FE996DB76844C	402013725	突破·蛮虎
/Game/Data/DataTables/FieldGuide/FieldGuideExtraInfo/DT_FieldGuide_Auto	677AADF0457A8FFFC25063ADFAF7EDB8	402013726	突破·遗响悲风
/Game/Data/DataTables/NPCTable/DT_NPC_EnemyQuest	677AADF0457A8FFFC25063ADFAF7EDB8	402013726	突破·遗响悲风
/Game/Data/DataTables/FieldGuide/FieldGuideExtraInfo/DT_FieldGuide_Auto	90FA3FE349E3D043788703AED53E7B56	402200215	突破·盘荆重篱
/Game/Data/DataTables/NPCTable/DT_NPC_EnemyQuest	90FA3FE349E3D043788703AED53E7B56	402200215	突破·盘荆重篱
/Game/Data/DataTables/FieldGuide/FieldGuideExtraInfo/DT_FieldGuide_Auto	DBED4D364334992F759228B53BD4B629	402200844	突破·驻墟玄守
/Game/Data/DataTables/NPCTable/DT_NPC_EnemyQuest	DBED4D364334992F759228B53BD4B629	402200844	突破·驻墟玄守
/Game/Data/DataTables/FieldGuide/FieldGuideExtraInfo/DT_FieldGuide_Auto	48F61D0B42AB951A0B0344B8C1553F6D	402201205	突破·辰雷巨蜥
/Game/Data/DataTables/NPCTable/DT_NPC_EnemyQuest	48F61D0B42AB951A0B0344B8C1553F6D	402201205	突破·辰雷巨蜥
/Game/Data/DataTables/FieldGuide/FieldGuideExtraInfo/DT_FieldGuide_Auto	AD011A79438259F804FDBA9A6D978487	402290011	突破·蔚蓝神兽
/Game/Data/DataTables/NPCTable/DT_NPC_EnemyQuest	AD011A79438259F804FDBA9A6D978487	402290011	突破·蔚蓝神兽
/Game/Data/DataTables/Item/DT_ItemBlueprint_Medicine	5D1398BB40A7A6D2C2B76FB1D65E8214	40304103	药效：在<Gold_Basic>15</>秒内，持续恢复<Gold_Basic>40%</>生命值，并提升<Gold_Basic>80%</>灼流抗性，持续<Gold_Basic>8</>秒。
/Game/Data/DataTables/Item/DT_ItemBlueprint_Medicine	418270394C1B876C31EAA6812E920D80	40304105	药效：在<Gold_Basic>15</>秒内，持续恢复<Gold_Basic>40%</>生命值，并提升<Gold_Basic>80%</>凝流抗性，持续<Gold_Basic>8</>秒。
/Game/Data/DataTables/Item/DT_ItemBlueprint_Medicine	C871C71A44A4B93B01E18CA01F041C6C	40304122	药效：在<Gold_Basic>15</>秒内，持续恢复<Gold_Basic>40%</>生命值，并提升<Gold_Basic>80%</>贯流抗性，持续<Gold_Basic>8</>秒。
/Game/Data/DataTables/Item/DT_ItemBlueprint_Medicine	626559394B2961B8407C008BD5D3FD00	40304126	药效：在<Gold_Basic>15</>秒内，持续恢复<Gold_Basic>40%</>生命值，并提升<Gold_Basic>80%</>震流抗性，持续<Gold_Basic>8</>秒。
/Game/Data/DataTables/Item/DT_ItemBlueprint_Medicine	9A85CA624550D84B4A173CAB24EF5A98	40304134	药效：在<Gold_Basic>15</>秒内，持续恢复<Gold_Basic>40%</>生命值，并提升<Gold_Basic>80%</>疾流抗性，持续<Gold_Basic>8</>秒。
/Game/Data/DataTables/Item/DT_ItemBlueprint_Medicine	4891BA63476665DAAA1A8692CB7FAFDA	40304142	药效：在<Gold_Basic>15</>秒内，持续恢复<Gold_Basic>40%</>生命值，并提升<Gold_Basic>80%</>念流抗性，持续<Gold_Basic>8</>秒。
/Game/Data/ExportDialogues/A/A_1011103/ZhaoDaoDiYiGe/DT_DialogueInfo_A_1011103_ZhaoDaoDiYiGe	DT_DialogueInfo_A_1011103_ZhaoDaoDiYiGe_InteractionDescribe_DialogueText	InteractionDescribe	占位描述游戏中不显示!
/Game/Data/ExportDialogues/A/A_A15/Di25Duan/DT_DialogueInfo_A_A15_Di25Duan	DT_DialogueInfo_A_A15_Di25Duan_InteractionDescribe_DialogueText	InteractionDescribe	占位描述游戏中不显示!
/Game/Data/ExportDialogues/A/A_A15/Di9Duan/DT_DialogueInfo_A_A15_Di9Duan	DT_DialogueInfo_A_A15_Di9Duan_InteractionDescribe_DialogueText	InteractionDescribe	占位描述游戏中不显示!
/Game/Data/ExportDialogues/A/A_A19/JieQuRenWu2/DT_DialogueInfo_A_A19_JieQuRenWu2	DT_DialogueInfo_A_A19_JieQuRenWu2_InteractionDescribe_DialogueText	InteractionDescribe	占位描述游戏中不显示!
/Game/Data/ExportDialogues/A/A_A20/Di15Duan/DT_DialogueInfo_A_A20_Di15Duan	DT_DialogueInfo_A_A20_Di15Duan_InteractionDescribe_DialogueText	InteractionDescribe	占位描述游戏中不显示!
/Game/Data/ExportDialogues/A/A_A20/XianBai1/DT_DialogueInfo_A_A20_XianBai1	DT_DialogueInfo_A_A20_XianBai1_InteractionDescribe_DialogueText	InteractionDescribe	占位描述游戏中不显示!
/Game/Data/ExportDialogues/A/A_A20/XianBai2/DT_DialogueInfo_A_A20_XianBai2	DT_DialogueInfo_A_A20_XianBai2_InteractionDescribe_DialogueText	InteractionDescribe	占位描述游戏中不显示!
/Game/Data/ExportDialogues/A/A_A32/Di6DuanZimu/DT_DialogueInfo_A_A32_Di6DuanZimu	DT_DialogueInfo_A_A32_Di6DuanZimu_InteractionDescribe_DialogueText	InteractionDescribe	占位描述游戏中不显示!
/Game/Data/ExportDialogues/Activity/Activity_FYQD/DiaoYuWanFaA/DT_DialogueInfo_Activity_FYQD_DiaoYuWanFaA	DT_DialogueInfo_Activity_FYQD_DiaoYuWanFaA_InteractionDescribe_DialogueText	InteractionDescribe	占位描述游戏中不显示!
/Game/Data/ExportDialogues/Activity/Activity_FYQD/DiaoYuWanFaE/DT_DialogueInfo_Activity_FYQD_DiaoYuWanFaE	DT_DialogueInfo_Activity_FYQD_DiaoYuWanFaE_InteractionDescribe_DialogueText	InteractionDescribe	占位描述游戏中不显示!
/Game/Data/ExportDialogues/Activity/Activity_FYQD/DiaoYuWanFaF/DT_DialogueInfo_Activity_FYQD_DiaoYuWanFaF	DT_DialogueInfo_Activity_FYQD_DiaoYuWanFaF_InteractionDescribe_DialogueText	InteractionDescribe	占位描述游戏中不显示!
/Game/Data/ExportDialogues/Activity/Activity_FYQD/DiaoYuWanFaG/DT_DialogueInfo_Activity_FYQD_DiaoYuWanFaG	DT_DialogueInfo_Activity_FYQD_DiaoYuWanFaG_InteractionDescribe_DialogueText	InteractionDescribe	占位描述游戏中不显示!
/Game/Data/ExportDialogues/Activity/Activity_FYQD/DiaoYuWanFaH/DT_DialogueInfo_Activity_FYQD_DiaoYuWanFaH	DT_DialogueInfo_Activity_FYQD_DiaoYuWanFaH_InteractionDescribe_DialogueText	InteractionDescribe	占位描述游戏中不显示!
/Game/Data/ExportDialogues/Activity/Activity_FYQD/DiaoYuWanFaI/DT_DialogueInfo_Activity_FYQD_DiaoYuWanFaI	DT_DialogueInfo_Activity_FYQD_DiaoYuWanFaI_InteractionDescribe_DialogueText	InteractionDescribe	占位描述游戏中不显示!
/Game/Data/ExportDialogues/Activity/Activity_FYQD/DiaoYuWanFaJ/DT_DialogueInfo_Activity_FYQD_DiaoYuWanFaJ	DT_DialogueInfo_Activity_FYQD_DiaoYuWanFaJ_InteractionDescribe_DialogueText	InteractionDescribe	占位描述游戏中不显示!
/Game/Data/ExportDialogues/Activity/Activity_FYQD/DiaoYuWanFaK/DT_DialogueInfo_Activity_FYQD_DiaoYuWanFaK	DT_DialogueInfo_Activity_FYQD_DiaoYuWanFaK_InteractionDescribe_DialogueText	InteractionDescribe	占位描述游戏中不显示!
/Game/Data/ExportDialogues/B/B_B117GYQY/JieWei/DT_DialogueInfo_B_B117GYQY_JieWei	DT_DialogueInfo_B_B117GYQY_JieWei_InteractionDescribe_DialogueText	InteractionDescribe	占位描述游戏中不显示!
/Game/Data/ExportDialogues/B/B_B117GYQY/JingTouDuiHua1/DT_DialogueInfo_B_B117GYQY_JingTouDuiHua1	DT_DialogueInfo_B_B117GYQY_JingTouDuiHua1_InteractionDescribe_DialogueText	InteractionDescribe	占位描述游戏中不显示!
/Game/Data/ExportDialogues/B/B_B117GYQY/JingTouDuiHua2/DT_DialogueInfo_B_B117GYQY_JingTouDuiHua2	DT_DialogueInfo_B_B117GYQY_JingTouDuiHua2_InteractionDescribe_DialogueText	InteractionDescribe	占位描述游戏中不显示!
/Game/Data/ExportDialogues/B/B_B117GYQY/JingTouDuiHua3/DT_DialogueInfo_B_B117GYQY_JingTouDuiHua3	DT_DialogueInfo_B_B117GYQY_JingTouDuiHua3_InteractionDescribe_DialogueText	InteractionDescribe	占位描述游戏中不显示!
/Game/Data/ExportDialogues/B/B_B121LGKX/Di9Duan/DT_DialogueInfo_B_B121LGKX_Di9Duan	DT_DialogueInfo_B_B121LGKX_Di9Duan_InteractionDescribe_DialogueText	InteractionDescribe	占位描述游戏中不显示!
/Game/Data/ExportDialogues/B/B_B121LGKX/DiYiDuanQuanJieDuiHua/DT_DialogueInfo_B_B121LGKX_DiYiDuanQuanJieDuiHua	DT_DialogueInfo_B_B121LGKX_DiYiDuanQuanJieDuiHua_InteractionDescribe_DialogueText	InteractionDescribe	占位描述游戏中不显示!
/Game/Data/ExportDialogues/B/B_B121LGKX/MuQinYuXiaoNvHai2/DT_DialogueInfo_B_B121LGKX_MuQinYuXiaoNvHai2	DT_DialogueInfo_B_B121LGKX_MuQinYuXiaoNvHai2_InteractionDescribe_DialogueText	InteractionDescribe	占位描述游戏中不显示!
/Game/Data/ExportDialogues/B/B_B13/Di17Duan/DT_DialogueInfo_B_B13_Di17Duan	DT_DialogueInfo_B_B13_Di17Duan_InteractionDescribe_DialogueText	InteractionDescribe	占位描述游戏中不显示!
/Game/Data/ExportDialogues/B/B_B14/Di2Duan/DT_DialogueInfo_B_B14_Di2Duan	DT_DialogueInfo_B_B14_Di2Duan_InteractionDescribe_DialogueText	InteractionDescribe	占位描述游戏中不显示!
/Game/Data/ExportDialogues/B/B_B23/Di10Duan/DT_DialogueInfo_B_B23_Di10Duan	DT_DialogueInfo_B_B23_Di10Duan_InteractionDescribe_DialogueText	InteractionDescribe	占位描述游戏中不显示!
/Game/Data/ExportDialogues/B/B_B24/Di22Duan/DT_DialogueInfo_B_B24_Di22Duan	DT_DialogueInfo_B_B24_Di22Duan_InteractionDescribe_DialogueText	InteractionDescribe	占位描述游戏中不显示!
/Game/Data/ExportDialogues/B/B_B24/Di9Duan/DT_DialogueInfo_B_B24_Di9Duan	DT_DialogueInfo_B_B24_Di9Duan_InteractionDescribe_DialogueText	InteractionDescribe	占位描述游戏中不显示!
/Game/Data/ExportDialogues/B/B_B25SZ/Di13Duan/DT_DialogueInfo_B_B25SZ_Di13Duan	DT_DialogueInfo_B_B25SZ_Di13Duan_InteractionDescribe_DialogueText	InteractionDescribe	占位描述游戏中不显示!
/Game/Data/ExportDialogues/B/B_B45YLMCS/Di11Duan/DT_DialogueInfo_B_B45YLMCS_Di11Duan	DT_DialogueInfo_B_B45YLMCS_Di11Duan_InteractionDescribe_DialogueText	InteractionDescribe	占位描述游戏中不显示!
/Game/Data/ExportDialogues/B/B_B46YLMCZ/Di03Duan/DT_DialogueInfo_B_B46YLMCZ_Di03Duan	DT_DialogueInfo_B_B46YLMCZ_Di03Duan_InteractionDescribe_DialogueText	InteractionDescribe	占位描述游戏中不显示!
/Game/Data/ExportDialogues/B/B_B46YLMCZ/Di08Duan/DT_DialogueInfo_B_B46YLMCZ_Di08Duan	DT_DialogueInfo_B_B46YLMCZ_Di08Duan_InteractionDescribe_DialogueText	InteractionDescribe	占位描述游戏中不显示!
/Game/Data/ExportDialogues/B/B_B46YLMCZ/Di32Duan/DT_DialogueInfo_B_B46YLMCZ_Di32Duan	DT_DialogueInfo_B_B46YLMCZ_Di32Duan_InteractionDescribe_DialogueText	InteractionDescribe	占位描述游戏中不显示!
/Game/Data/ExportDialogues/B/B_B46YLMCZ/Di34Duan/DT_DialogueInfo_B_B46YLMCZ_Di34Duan	DT_DialogueInfo_B_B46YLMCZ_Di34Duan_InteractionDescribe_DialogueText	InteractionDescribe	占位描述游戏中不显示!
/Game/Data/ExportDialogues/B/B_B67A/Di12DuanA/DT_DialogueInfo_B_B67A_Di12DuanA	DT_DialogueInfo_B_B67A_Di12DuanA_InteractionDescribe_DialogueText	InteractionDescribe	占位描述游戏中不显示!
/Game/Data/ExportDialogues/B/B_B67A/Di13Duan/DT_DialogueInfo_B_B67A_Di13Duan	DT_DialogueInfo_B_B67A_Di13Duan_InteractionDescribe_DialogueText	InteractionDescribe	占位描述游戏中不显示!
/Game/Data/ExportDialogues/B/B_B67A/Di20Duan/DT_DialogueInfo_B_B67A_Di20Duan	DT_DialogueInfo_B_B67A_Di20Duan_InteractionDescribe_DialogueText	InteractionDescribe	占位描述游戏中不显示!
/Game/Data/ExportDialogues/B/B_B67A/Di7Duan/DT_DialogueInfo_B_B67A_Di7Duan	DT_DialogueInfo_B_B67A_Di7Duan_InteractionDescribe_DialogueText	InteractionDescribe	占位描述游戏中不显示!
/Game/Data/ExportDialogues/B/B_B83/Di2Duan/DT_DialogueInfo_B_B83_Di2Duan	DT_DialogueInfo_B_B83_Di2Duan_InteractionDescribe_DialogueText	InteractionDescribe	占位描述游戏中不显示!
/Game/Data/ExportDialogues/B/B_B83/Di4Duan/DT_DialogueInfo_B_B83_Di4Duan	DT_DialogueInfo_B_B83_Di4Duan_InteractionDescribe_DialogueText	InteractionDescribe	占位描述游戏中不显示!
/Game/Data/ExportDialogues/B/B_B99CYYF/PiBeiLe/DT_DialogueInfo_B_B99CYYF_PiBeiLe	DT_DialogueInfo_B_B99CYYF_PiBeiLe_InteractionDescribe_DialogueText	InteractionDescribe	占位描述游戏中不显示!
/Game/Data/ExportDialogues/B/B_B9/JieJuXianZhi/DT_DialogueInfo_B_B9_JieJuXianZhi	DT_DialogueInfo_B_B9_JieJuXianZhi_InteractionDescribe_DialogueText	InteractionDescribe	占位描述游戏中不显示!
/Game/Data/ExportDialogues/B/B_YLMCS/Di01Duan/DT_DialogueInfo_B_YLMCS_Di01Duan	DT_DialogueInfo_B_YLMCS_Di01Duan_InteractionDescribe_DialogueText	InteractionDescribe	占位描述游戏中不显示!
/Game/Data/ExportDialogues/BigWorldAk/BigWorldAk_M3GYLJ/JingLiaoChuShi/DT_DialogueInfo_BigWorldAk_M3GYLJ_JingLiaoChuShi	DT_DialogueInfo_BigWorldAk_M3GYLJ_JingLiaoChuShi_InteractionDescribe_DialogueText	InteractionDescribe	占位描述游戏中不显示!
/Game/Data/ExportDialogues/BigWorldAk/BigWorldAk_M3GYLJ/JingLiaoHouXu/DT_DialogueInfo_BigWorldAk_M3GYLJ_JingLiaoHouXu	DT_DialogueInfo_BigWorldAk_M3GYLJ_JingLiaoHouXu_InteractionDescribe_DialogueText	InteractionDescribe	占位描述游戏中不显示!
/Game/Data/ExportDialogues/BigWorldAk/BigWorldAk_X21Y12/XiaoHaiTiQiu/DT_DialogueInfo_BigWorldAk_X21Y12_XiaoHaiTiQiu	DT_DialogueInfo_BigWorldAk_X21Y12_XiaoHaiTiQiu_InteractionDescribe_DialogueText	InteractionDescribe	占位描述游戏中不显示!
/Game/Data/ExportDialogues/BigWorldAl06/BigWorldAl06_KYYGZS/YuanGeKuiLeiDuiHua02/DT_DialogueInfo_BigWorldAl06_KYYGZS_YuanGeKuiLeiDuiHua02	DT_DialogueInfo_BigWorldAl06_KYYGZS_YuanGeKuiLeiDuiHua02_InteractionDescribe_DialogueText	InteractionDescribe	占位描述游戏中不显示!
/Game/Data/ExportDialogues/BigWorldAreaI/BigWorldAreaI_FYTWFTS/DuiHuaKaiChang/DT_DialogueInfo_BigWorldAreaI_FYTWFTS_DuiHuaKaiChang	DT_DialogueInfo_BigWorldAreaI_FYTWFTS_DuiHuaKaiChang_InteractionDescribe_DialogueText	InteractionDescribe	占位描述游戏中不显示!
/Game/Data/ExportDialogues/BigWorldAreaI/BigWorldAreaI_FYTWFTS/JiGuanErDuiHuaKaiChang/DT_DialogueInfo_BigWorldAreaI_FYTWFTS_JiGuanErDuiHuaKaiChang	DT_DialogueInfo_BigWorldAreaI_FYTWFTS_JiGuanErDuiHuaKaiChang_InteractionDescribe_DialogueText	InteractionDescribe	占位描述游戏中不显示!
/Game/Data/ExportDialogues/BigWorldAreaI/BigWorldAreaI_FYTWFTS/JiGuanErTaKaiChang/DT_DialogueInfo_BigWorldAreaI_FYTWFTS_JiGuanErTaKaiChang	DT_DialogueInfo_BigWorldAreaI_FYTWFTS_JiGuanErTaKaiChang_InteractionDescribe_DialogueText	InteractionDescribe	占位描述游戏中不显示!
/Game/Data/ExportDialogues/BigWorldAreaI/BigWorldAreaI_FYTWFTS/JiGuanErWuTiaoZhanZiGe/DT_DialogueInfo_BigWorldAreaI_FYTWFTS_JiGuanErWuTiaoZhanZiGe	DT_DialogueInfo_BigWorldAreaI_FYTWFTS_JiGuanErWuTiaoZhanZiGe_InteractionDescribe_DialogueText	InteractionDescribe	占位描述游戏中不显示!
/Game/Data/ExportDialogues/BigWorldAreaI/BigWorldAreaI_FYTWFTS/JiGuanErYouTiaoZhanZiGe/DT_DialogueInfo_BigWorldAreaI_FYTWFTS_JiGuanErYouTiaoZhanZiGe	DT_DialogueInfo_BigWorldAreaI_FYTWFTS_JiGuanErYouTiaoZhanZiGe_InteractionDescribe_DialogueText	InteractionDescribe	占位描述游戏中不显示!
/Game/Data/ExportDialogues/BigWorldAreaI/BigWorldAreaI_FYTWFTS/JiGuanYiTaKaiChang/DT_DialogueInfo_BigWorldAreaI_FYTWFTS_JiGuanYiTaKaiChang	DT_DialogueInfo_BigWorldAreaI_FYTWFTS_JiGuanYiTaKaiChang_InteractionDescribe_DialogueText	InteractionDescribe	占位描述游戏中不显示!
/Game/Data/ExportDialogues/BigWorldAreaI/BigWorldAreaI_FYTWFTS/LuBanDaShiDuiHuaEr/DT_DialogueInfo_BigWorldAreaI_FYTWFTS_LuBanDaShiDuiHuaEr	DT_DialogueInfo_BigWorldAreaI_FYTWFTS_LuBanDaShiDuiHuaEr_InteractionDescribe_DialogueText	InteractionDescribe	占位描述游戏中不显示!
/Game/Data/ExportDialogues/BigWorldAreaI/BigWorldAreaI_FYTWFTS/LuBanDaShiDuiHuaSan/DT_DialogueInfo_BigWorldAreaI_FYTWFTS_LuBanDaShiDuiHuaSan	DT_DialogueInfo_BigWorldAreaI_FYTWFTS_LuBanDaShiDuiHuaSan_InteractionDescribe_DialogueText	InteractionDescribe	占位描述游戏中不显示!
/Game/Data/ExportDialogues/BigWorldAreaI/BigWorldAreaI_FYTWFTS/LuBanQianZhiDuiHua/DT_DialogueInfo_BigWorldAreaI_FYTWFTS_LuBanQianZhiDuiHua	DT_DialogueInfo_BigWorldAreaI_FYTWFTS_LuBanQianZhiDuiHua_InteractionDescribe_DialogueText	InteractionDescribe	占位描述游戏中不显示!
/Game/Data/ExportDialogues/BigWorldAreaI/BigWorldAreaI_FYTWFTS/MoDaoErTaKaiChang/DT_DialogueInfo_BigWorldAreaI_FYTWFTS_MoDaoErTaKaiChang	DT_DialogueInfo_BigWorldAreaI_FYTWFTS_MoDaoErTaKaiChang_InteractionDescribe_DialogueText	InteractionDescribe	占位描述游戏中不显示!
/Game/Data/ExportDialogues/BigWorldAreaI/BigWorldAreaI_FYTWFTS/MoDaoYiDuiHuaKaiChang/DT_DialogueInfo_BigWorldAreaI_FYTWFTS_MoDaoYiDuiHuaKaiChang	DT_DialogueInfo_BigWorldAreaI_FYTWFTS_MoDaoYiDuiHuaKaiChang_InteractionDescribe_DialogueText	InteractionDescribe	占位描述游戏中不显示!
/Game/Data/ExportDialogues/BigWorldAreaI/BigWorldAreaI_FYTWFTS/MoDaoYiTaFenWei/DT_DialogueInfo_BigWorldAreaI_FYTWFTS_MoDaoYiTaFenWei	DT_DialogueInfo_BigWorldAreaI_FYTWFTS_MoDaoYiTaFenWei_InteractionDescribe_DialogueText	InteractionDescribe	占位描述游戏中不显示!
/Game/Data/ExportDialogues/BigWorldAreaI/BigWorldAreaI_FYTWFTS/MoDaoYiTaKaiChang/DT_DialogueInfo_BigWorldAreaI_FYTWFTS_MoDaoYiTaKaiChang	DT_DialogueInfo_BigWorldAreaI_FYTWFTS_MoDaoYiTaKaiChang_InteractionDescribe_DialogueText	InteractionDescribe	占位描述游戏中不显示!
/Game/Data/ExportDialogues/BigWorldAreaI/BigWorldAreaI_FYTWFTS/WuDaoErTaKaiChang/DT_DialogueInfo_BigWorldAreaI_FYTWFTS_WuDaoErTaKaiChang	DT_DialogueInfo_BigWorldAreaI_FYTWFTS_WuDaoErTaKaiChang_InteractionDescribe_DialogueText	InteractionDescribe	占位描述游戏中不显示!
/Game/Data/ExportDialogues/BigWorldAreaI/BigWorldAreaI_FYTWFTS/WuDaoYiTaKaiChang/DT_DialogueInfo_BigWorldAreaI_FYTWFTS_WuDaoYiTaKaiChang	DT_DialogueInfo_BigWorldAreaI_FYTWFTS_WuDaoYiTaKaiChang_InteractionDescribe_DialogueText	InteractionDescribe	占位描述游戏中不显示!
/Game/Data/ExportDialogues/BigWorldAreaI/BigWorldAreaI_FYTWFTS/WuDaoYiYouZiGe/DT_DialogueInfo_BigWorldAreaI_FYTWFTS_WuDaoYiYouZiGe	DT_DialogueInfo_BigWorldAreaI_FYTWFTS_WuDaoYiYouZiGe_InteractionDescribe_DialogueText	InteractionDescribe	占位描述游戏中不显示!
/Game/Data/ExportDialogues/BigWorldAreaI/BigWorldAreaI_FYTWFTS/YuanGeDuiHuaKaiChang/DT_DialogueInfo_BigWorldAreaI_FYTWFTS_YuanGeDuiHuaKaiChang	DT_DialogueInfo_BigWorldAreaI_FYTWFTS_YuanGeDuiHuaKaiChang_InteractionDescribe_DialogueText	InteractionDescribe	占位描述游戏中不显示!
/Game/Data/ExportDialogues/BigWorldAreaI/BigWorldAreaI_IK01/ShiLianTaiDuiHua/DT_DialogueInfo_BigWorldAreaI_IK01_ShiLianTaiDuiHua	DT_DialogueInfo_BigWorldAreaI_IK01_ShiLianTaiDuiHua_InteractionDescribe_DialogueText	InteractionDescribe	占位描述游戏中不显示!
/Game/Data/ExportDialogues/BigWorldAreaI/BigWorldAreaI_IK01/ShiLianTaiDuiHuaZhanWei/DT_DialogueInfo_BigWorldAreaI_IK01_ShiLianTaiDuiHuaZhanWei	DT_DialogueInfo_BigWorldAreaI_IK01_ShiLianTaiDuiHuaZhanWei_InteractionDescribe_DialogueText	InteractionDescribe	占位描述游戏中不显示!
/Game/Data/ExportDialogues/BigWorldAreaI/BigWorldAreaI_IK02/ShiLianTaiDuiHua/DT_DialogueInfo_BigWorldAreaI_IK02_ShiLianTaiDuiHua	DT_DialogueInfo_BigWorldAreaI_IK02_ShiLianTaiDuiHua_InteractionDescribe_DialogueText	InteractionDescribe	占位描述游戏中不显示!
/Game/Data/ExportDialogues/BigWorldAreaI/BigWorldAreaI_IK02/ShiLianTaiDuiHuaZhanWei2/DT_DialogueInfo_BigWorldAreaI_IK02_ShiLianTaiDuiHuaZhanWei2	DT_DialogueInfo_BigWorldAreaI_IK02_ShiLianTaiDuiHuaZhanWei2_InteractionDescribe_DialogueText	InteractionDescribe	占位描述游戏中不显示!
/Game/Data/ExportDialogues/BigWorldAreaI/BigWorldAreaI_IK06/ShiLianTaiJiaoHu/DT_DialogueInfo_BigWorldAreaI_IK06_ShiLianTaiJiaoHu	DT_DialogueInfo_BigWorldAreaI_IK06_ShiLianTaiJiaoHu_InteractionDescribe_DialogueText	InteractionDescribe	占位描述游戏中不显示!
/Game/Data/ExportDialogues/BigWorldAreaI/BigWorldAreaI_IK06/ShiLianTaiJiaoHuZhanWei/DT_DialogueInfo_BigWorldAreaI_IK06_ShiLianTaiJiaoHuZhanWei	DT_DialogueInfo_BigWorldAreaI_IK06_ShiLianTaiJiaoHuZhanWei_InteractionDescribe_DialogueText	InteractionDescribe	占位描述游戏中不显示!
/Game/Data/ExportDialogues/BigWorldAreaI/BigWorldAreaI_IK19ZHYM/JieQu/DT_DialogueInfo_BigWorldAreaI_IK19ZHYM_JieQu	DT_DialogueInfo_BigWorldAreaI_IK19ZHYM_JieQu_InteractionDescribe_DialogueText	InteractionDescribe	占位描述游戏中不显示!
/Game/Data/ExportDialogues/BigWorldAreaI/BigWorldAreaI_IK19ZHYM/JieQuXianZhi/DT_DialogueInfo_BigWorldAreaI_IK19ZHYM_JieQuXianZhi	DT_DialogueInfo_BigWorldAreaI_IK19ZHYM_JieQuXianZhi_InteractionDescribe_DialogueText	InteractionDescribe	占位描述游戏中不显示!
/Game/Data/ExportDialogues/BigWorldAreaI/BigWorldAreaI_IK19ZHYM/MoDaoShuHenJi/DT_DialogueInfo_BigWorldAreaI_IK19ZHYM_MoDaoShuHenJi	DT_DialogueInfo_BigWorldAreaI_IK19ZHYM_MoDaoShuHenJi_InteractionDescribe_DialogueText	InteractionDescribe	占位描述游戏中不显示!
/Game/Data/ExportDialogues/BigWorldAreaI/BigWorldAreaI_IK19ZHYM/WeiShengXianZhi/DT_DialogueInfo_BigWorldAreaI_IK19ZHYM_WeiShengXianZhi	DT_DialogueInfo_BigWorldAreaI_IK19ZHYM_WeiShengXianZhi_InteractionDescribe_DialogueText	InteractionDescribe	占位描述游戏中不显示!
/Game/Data/ExportDialogues/BigWorldAreaI/BigWorldAreaI_IK23CYT/YuanRuSongChuXian/DT_DialogueInfo_BigWorldAreaI_IK23CYT_YuanRuSongChuXian	DT_DialogueInfo_BigWorldAreaI_IK23CYT_YuanRuSongChuXian_InteractionDescribe_DialogueText	InteractionDescribe	占位描述游戏中不显示!
/Game/Data/ExportDialogues/BigWorldAreaI/BigWorldAreaI_IL03XSG/Il03FanZhanWei2/DT_DialogueInfo_BigWorldAreaI_IL03XSG_Il03FanZhanWei2	DT_DialogueInfo_BigWorldAreaI_IL03XSG_Il03FanZhanWei2_InteractionDescribe_DialogueText	InteractionDescribe	占位描述游戏中不显示!
/Game/Data/ExportDialogues/BigWorldAreaI/BigWorldAreaI_IL03XSG/Il03FanZhanWei3/DT_DialogueInfo_BigWorldAreaI_IL03XSG_Il03FanZhanWei3	DT_DialogueInfo_BigWorldAreaI_IL03XSG_Il03FanZhanWei3_InteractionDescribe_DialogueText	InteractionDescribe	占位描述游戏中不显示!
/Game/Data/ExportDialogues/BigWorldAreaI/BigWorldAreaI_IL03XSG/Il03FanZhanWei4/DT_DialogueInfo_BigWorldAreaI_IL03XSG_Il03FanZhanWei4	DT_DialogueInfo_BigWorldAreaI_IL03XSG_Il03FanZhanWei4_InteractionDescribe_DialogueText	InteractionDescribe	占位描述游戏中不显示!
/Game/Data/ExportDialogues/BigWorldBl03/BigWorldBl03_WFXS/B2MoZiXuYingQian/DT_DialogueInfo_BigWorldBl03_WFXS_B2MoZiXuYingQian	DT_DialogueInfo_BigWorldBl03_WFXS_B2MoZiXuYingQian_InteractionDescribe_DialogueText	InteractionDescribe	占位描述游戏中不显示!
/Game/Data/ExportDialogues/BigWorldBl03/BigWorldBl03_WFXS/DiXiaYiCengYinDaoDuiHua/DT_DialogueInfo_BigWorldBl03_WFXS_DiXiaYiCengYinDaoDuiHua	DT_DialogueInfo_BigWorldBl03_WFXS_DiXiaYiCengYinDaoDuiHua_InteractionDescribe_DialogueText	InteractionDescribe	占位描述游戏中不显示!
/Game/Data/ExportDialogues/BigWorldBl03/BigWorldBl03_WFXS/ZhanDouJieShuJingTouDuiHua/DT_DialogueInfo_BigWorldBl03_WFXS_ZhanDouJieShuJingTouDuiHua	DT_DialogueInfo_BigWorldBl03_WFXS_ZhanDouJieShuJingTouDuiHua_InteractionDescribe_DialogueText	InteractionDescribe	占位描述游戏中不显示!
/Game/Data/ExportDialogues/BigWorldBr/BigWorldBr_BK67YLJ/TiaoZhanChengGong/DT_DialogueInfo_BigWorldBr_BK67YLJ_TiaoZhanChengGong	DT_DialogueInfo_BigWorldBr_BK67YLJ_TiaoZhanChengGong_InteractionDescribe_DialogueText	InteractionDescribe	占位描述游戏中不显示!
/Game/Data/ExportDialogues/BigWorldBr/BigWorldBr_BK81SWGR/TiaoZhanChengGong/DT_DialogueInfo_BigWorldBr_BK81SWGR_TiaoZhanChengGong	DT_DialogueInfo_BigWorldBr_BK81SWGR_TiaoZhanChengGong_InteractionDescribe_DialogueText	InteractionDescribe	占位描述游戏中不显示!
/Game/Data/ExportDialogues/BigWorldBr/BigWorldBr_BK86ZZFWJ/ZhuZhanQian/DT_DialogueInfo_BigWorldBr_BK86ZZFWJ_ZhuZhanQian	DT_DialogueInfo_BigWorldBr_BK86ZZFWJ_ZhuZhanQian_InteractionDescribe_DialogueText	InteractionDescribe	占位描述游戏中不显示!
/Game/Data/ExportDialogues/BigWorldCl09/BigWorldCl09_GDGZXS/EchoJingHua1/DT_DialogueInfo_BigWorldCl09_GDGZXS_EchoJingHua1	DT_DialogueInfo_BigWorldCl09_GDGZXS_EchoJingHua1_InteractionDescribe_DialogueText	InteractionDescribe	占位描述游戏中不显示!
/Game/Data/ExportDialogues/BigWorldCl09/BigWorldCl09_XZJTB/OuYeZiZhiYinXiShouDing/DT_DialogueInfo_BigWorldCl09_XZJTB_OuYeZiZhiYinXiShouDing	DT_DialogueInfo_BigWorldCl09_XZJTB_OuYeZiZhiYinXiShouDing_InteractionDescribe_DialogueText	InteractionDescribe	占位描述游戏中不显示!
/Game/Data/ExportDialogues/BigWorldCl17/BigWorldCl17_XZTB/MobaLianDong/DT_DialogueInfo_BigWorldCl17_XZTB_MobaLianDong	DT_DialogueInfo_BigWorldCl17_XZTB_MobaLianDong_InteractionDescribe_DialogueText	InteractionDescribe	占位描述游戏中不显示!
/Game/Data/ExportDialogues/BigWorldDk/BigWorldDk_DK02CDJJJD/ZiShenChuiDiaoJia/DT_DialogueInfo_BigWorldDk_DK02CDJJJD_ZiShenChuiDiaoJia	DT_DialogueInfo_BigWorldDk_DK02CDJJJD_ZiShenChuiDiaoJia_InteractionDescribe_DialogueText	InteractionDescribe	占位描述游戏中不显示!
/Game/Data/ExportDialogues/BigWorldDk/BigWorldDk_DK05NZC/JianShangZheJi02/DT_DialogueInfo_BigWorldDk_DK05NZC_JianShangZheJi02	DT_DialogueInfo_BigWorldDk_DK05NZC_JianShangZheJi02_InteractionDescribe_DialogueText	InteractionDescribe	占位描述游戏中不显示!
/Game/Data/ExportDialogues/BigWorldDk/BigWorldDk_DK18/YuanLiuShiZhanWei/DT_DialogueInfo_BigWorldDk_DK18_YuanLiuShiZhanWei	DT_DialogueInfo_BigWorldDk_DK18_YuanLiuShiZhanWei_InteractionDescribe_DialogueText	InteractionDescribe	占位描述游戏中不显示!
/Game/Data/ExportDialogues/BigWorldDk/BigWorldDk_DK19/KeYiDuiHua04/DT_DialogueInfo_BigWorldDk_DK19_KeYiDuiHua04	DT_DialogueInfo_BigWorldDk_DK19_KeYiDuiHua04_InteractionDescribe_DialogueText	InteractionDescribe	占位描述游戏中不显示!
/Game/Data/ExportDialogues/BigWorldDk/BigWorldDk_DK20/GongQiaoJiaDuiHua1/DT_DialogueInfo_BigWorldDk_DK20_GongQiaoJiaDuiHua1	DT_DialogueInfo_BigWorldDk_DK20_GongQiaoJiaDuiHua1_InteractionDescribe_DialogueText	InteractionDescribe	占位描述游戏中不显示!
/Game/Data/ExportDialogues/BigWorldDk/BigWorldDk_DK25/NiuDaDuiHua/DT_DialogueInfo_BigWorldDk_DK25_NiuDaDuiHua	DT_DialogueInfo_BigWorldDk_DK25_NiuDaDuiHua_InteractionDescribe_DialogueText	InteractionDescribe	占位描述游戏中不显示!
/Game/Data/ExportDialogues/BigWorldDk/BigWorldDk_DK26SWGR/TiaoZhanChengGong/DT_DialogueInfo_BigWorldDk_DK26SWGR_TiaoZhanChengGong	DT_DialogueInfo_BigWorldDk_DK26SWGR_TiaoZhanChengGong_InteractionDescribe_DialogueText	InteractionDescribe	占位描述游戏中不显示!
/Game/Data/ExportDialogues/BigWorldDk/BigWorldDk_DK40/MiNiPanYunTa02/DT_DialogueInfo_BigWorldDk_DK40_MiNiPanYunTa02	DT_DialogueInfo_BigWorldDk_DK40_MiNiPanYunTa02_InteractionDescribe_DialogueText	InteractionDescribe	占位描述游戏中不显示!
/Game/Data/ExportDialogues/BigWorldDk/BigWorldDk_DK40/MiNiPanYunTa03/DT_DialogueInfo_BigWorldDk_DK40_MiNiPanYunTa03	DT_DialogueInfo_BigWorldDk_DK40_MiNiPanYunTa03_InteractionDescribe_DialogueText	InteractionDescribe	占位描述游戏中不显示!
/Game/Data/ExportDialogues/BigWorldDk/BigWorldDk_DK40/MiNiPanYunTaHouJi1/DT_DialogueInfo_BigWorldDk_DK40_MiNiPanYunTaHouJi1	DT_DialogueInfo_BigWorldDk_DK40_MiNiPanYunTaHouJi1_InteractionDescribe_DialogueText	InteractionDescribe	占位描述游戏中不显示!
/Game/Data/ExportDialogues/BigWorldDk/BigWorldDk_DS49BB/BuBuWanChengHouQiPao/DT_DialogueInfo_BigWorldDk_DS49BB_BuBuWanChengHouQiPao	DT_DialogueInfo_BigWorldDk_DS49BB_BuBuWanChengHouQiPao_InteractionDescribe_DialogueText	InteractionDescribe	占位描述游戏中不显示!
/Game/Data/ExportDialogues/BigWorldDk/BigWorldDk_X113Y112/CaiFengGongYuJia/DT_DialogueInfo_BigWorldDk_X113Y112_CaiFengGongYuJia	DT_DialogueInfo_BigWorldDk_X113Y112_CaiFengGongYuJia_InteractionDescribe_DialogueText	InteractionDescribe	占位描述游戏中不显示!
/Game/Data/ExportDialogues/BigWorldDk/BigWorldDk_X114Y113/GongQiaoJiaXiuChe2/DT_DialogueInfo_BigWorldDk_X114Y113_GongQiaoJiaXiuChe2	DT_DialogueInfo_BigWorldDk_X114Y113_GongQiaoJiaXiuChe2_InteractionDescribe_DialogueText	InteractionDescribe	占位描述游戏中不显示!
/Game/Data/ExportDialogues/BigWorldDk/BigWorldDk_X115Y113/Dk12AnShi02/DT_DialogueInfo_BigWorldDk_X115Y113_Dk12AnShi02	DT_DialogueInfo_BigWorldDk_X115Y113_Dk12AnShi02_InteractionDescribe_DialogueText	InteractionDescribe	占位描述游戏中不显示!
/Game/Data/ExportDialogues/BigWorldDl02/BigWorldDl02_ZSXG/BianQueJingTouDuiHua/DT_DialogueInfo_BigWorldDl02_ZSXG_BianQueJingTouDuiHua	DT_DialogueInfo_BigWorldDl02_ZSXG_BianQueJingTouDuiHua_InteractionDescribe_DialogueText	InteractionDescribe	占位描述游戏中不显示!
/Game/Data/ExportDialogues/BigWorldDl02/BigWorldDl02_ZSXG/JieShuHouDuiHua1/DT_DialogueInfo_BigWorldDl02_ZSXG_JieShuHouDuiHua1	DT_DialogueInfo_BigWorldDl02_ZSXG_JieShuHouDuiHua1_InteractionDescribe_DialogueText	InteractionDescribe	占位描述游戏中不显示!
/Game/Data/ExportDialogues/BigWorldDl02/BigWorldDl02_ZSXG/JieShuHouDuiHua2/DT_DialogueInfo_BigWorldDl02_ZSXG_JieShuHouDuiHua2	DT_DialogueInfo_BigWorldDl02_ZSXG_JieShuHouDuiHua2_InteractionDescribe_DialogueText	InteractionDescribe	占位描述游戏中不显示!
/Game/Data/ExportDialogues/BigWorldDl02/BigWorldDl02_ZSXG/JieShuHouDuiHua3/DT_DialogueInfo_BigWorldDl02_ZSXG_JieShuHouDuiHua3	DT_DialogueInfo_BigWorldDl02_ZSXG_JieShuHouDuiHua3_InteractionDescribe_DialogueText	InteractionDescribe	占位描述游戏中不显示!
/Game/Data/ExportDialogues/BigWorldDl02/BigWorldDl02_ZSXG/JingTouDuiHuaZhanWei1/DT_DialogueInfo_BigWorldDl02_ZSXG_JingTouDuiHuaZhanWei1	DT_DialogueInfo_BigWorldDl02_ZSXG_JingTouDuiHuaZhanWei1_InteractionDescribe_DialogueText	InteractionDescribe	占位描述游戏中不显示!
/Game/Data/ExportDialogues/BigWorldDl02/BigWorldDl02_ZSXG/LuoBuWanFa01/DT_DialogueInfo_BigWorldDl02_ZSXG_LuoBuWanFa01	DT_DialogueInfo_BigWorldDl02_ZSXG_LuoBuWanFa01_InteractionDescribe_DialogueText	InteractionDescribe	占位描述游戏中不显示!
/Game/Data/ExportDialogues/BigWorldDl02/BigWorldDl02_ZSXG/PoMenShengQiPao1/DT_DialogueInfo_BigWorldDl02_ZSXG_PoMenShengQiPao1	DT_DialogueInfo_BigWorldDl02_ZSXG_PoMenShengQiPao1_InteractionDescribe_DialogueText	InteractionDescribe	占位描述游戏中不显示!
/Game/Data/ExportDialogues/BigWorldEl01/BigWorldEl01_LT/WanChengHouDuiHua/DT_DialogueInfo_BigWorldEl01_LT_WanChengHouDuiHua	DT_DialogueInfo_BigWorldEl01_LT_WanChengHouDuiHua_InteractionDescribe_DialogueText	InteractionDescribe	占位描述游戏中不显示!
/Game/Data/ExportDialogues/BigWorldEr/BigWorldEr_EK0405IBW/QinMiGuanXiKanKun01/DT_DialogueInfo_BigWorldEr_EK0405IBW_QinMiGuanXiKanKun01	DT_DialogueInfo_BigWorldEr_EK0405IBW_QinMiGuanXiKanKun01_InteractionDescribe_DialogueText	InteractionDescribe	占位描述游戏中不显示!
/Game/Data/ExportDialogues/BigWorldEr/BigWorldEr_EK09IBWXGXS/XianGuangXueZi/DT_DialogueInfo_BigWorldEr_EK09IBWXGXS_XianGuangXueZi	DT_DialogueInfo_BigWorldEr_EK09IBWXGXS_XianGuangXueZi_InteractionDescribe_DialogueText	InteractionDescribe	占位描述游戏中不显示!
/Game/Data/ExportDialogues/BigWorldEr/BigWorldEr_EK16IBWHHDH/HuaHaiDuiHua/DT_DialogueInfo_BigWorldEr_EK16IBWHHDH_HuaHaiDuiHua	DT_DialogueInfo_BigWorldEr_EK16IBWHHDH_HuaHaiDuiHua_InteractionDescribe_DialogueText	InteractionDescribe	占位描述游戏中不显示!
/Game/Data/ExportDialogues/BigWorldEr/BigWorldEr_EK16IBWHHDH/TiaoZhanChengGong/DT_DialogueInfo_BigWorldEr_EK16IBWHHDH_TiaoZhanChengGong	DT_DialogueInfo_BigWorldEr_EK16IBWHHDH_TiaoZhanChengGong_InteractionDescribe_DialogueText	InteractionDescribe	占位描述游戏中不显示!
/Game/Data/ExportDialogues/BigWorldEr/BigWorldEr_IBWQSHPMZY/QiuShuiHePanZhiYin06/DT_DialogueInfo_BigWorldEr_IBWQSHPMZY_QiuShuiHePanZhiYin06	DT_DialogueInfo_BigWorldEr_IBWQSHPMZY_QiuShuiHePanZhiYin06_InteractionDescribe_DialogueText	InteractionDescribe	占位描述游戏中不显示!
/Game/Data/ExportDialogues/BigWorldEr/BigWorldEr_JZT/El01LingYunWei/DT_DialogueInfo_BigWorldEr_JZT_El01LingYunWei	DT_DialogueInfo_BigWorldEr_JZT_El01LingYunWei_InteractionDescribe_DialogueText	InteractionDescribe	占位描述游戏中不显示!
/Game/Data/ExportDialogues/BigWorldEr/BigWorldEr_YWNPC/JinZiTaJieShuJiaCha/DT_DialogueInfo_BigWorldEr_YWNPC_JinZiTaJieShuJiaCha	DT_DialogueInfo_BigWorldEr_YWNPC_JinZiTaJieShuJiaCha_InteractionDescribe_DialogueText	InteractionDescribe	占位描述游戏中不显示!
/Game/Data/ExportDialogues/BigWorldEr/BigWorldEr_YWNPC/ZhengChaoDeMoDaoXueSheng/DT_DialogueInfo_BigWorldEr_YWNPC_ZhengChaoDeMoDaoXueSheng	DT_DialogueInfo_BigWorldEr_YWNPC_ZhengChaoDeMoDaoXueSheng_InteractionDescribe_DialogueText	InteractionDescribe	占位描述游戏中不显示!
/Game/Data/ExportDialogues/BigWorldFk/BigWorldFk_FL01YMYD/LingDuiTiShiDuiHuaXinBan/DT_DialogueInfo_BigWorldFk_FL01YMYD_LingDuiTiShiDuiHuaXinBan	DT_DialogueInfo_BigWorldFk_FL01YMYD_LingDuiTiShiDuiHuaXinBan_InteractionDescribe_DialogueText	InteractionDescribe	占位描述游戏中不显示!
/Game/Data/ExportDialogues/BigWorldFk/BigWorldFk_IBW/Fs25DuiHua/DT_DialogueInfo_BigWorldFk_IBW_Fs25DuiHua	DT_DialogueInfo_BigWorldFk_IBW_Fs25DuiHua_InteractionDescribe_DialogueText	InteractionDescribe	占位描述游戏中不显示!
/Game/Data/ExportDialogues/BigWorldIl01/BigWorldIl01_KY/11MoDaoLuZiMu/DT_DialogueInfo_BigWorldIl01_KY_11MoDaoLuZiMu	DT_DialogueInfo_BigWorldIl01_KY_11MoDaoLuZiMu_InteractionDescribe_DialogueText	InteractionDescribe	占位描述游戏中不显示!
/Game/Data/ExportDialogues/BigWorldIl01/BigWorldIl01_KY/12ZhiYinWuDaoLu/DT_DialogueInfo_BigWorldIl01_KY_12ZhiYinWuDaoLu	DT_DialogueInfo_BigWorldIl01_KY_12ZhiYinWuDaoLu_InteractionDescribe_DialogueText	InteractionDescribe	占位描述游戏中不显示!
/Game/Data/ExportDialogues/BigWorldIl01/BigWorldIl01_KY/13WanChengHouDuiHua/DT_DialogueInfo_BigWorldIl01_KY_13WanChengHouDuiHua	DT_DialogueInfo_BigWorldIl01_KY_13WanChengHouDuiHua_InteractionDescribe_DialogueText	InteractionDescribe	占位描述游戏中不显示!
/Game/Data/ExportDialogues/BigWorldIl01/BigWorldIl01_KY/5ZhiYinJiGuanTa/DT_DialogueInfo_BigWorldIl01_KY_5ZhiYinJiGuanTa	DT_DialogueInfo_BigWorldIl01_KY_5ZhiYinJiGuanTa_InteractionDescribe_DialogueText	InteractionDescribe	占位描述游戏中不显示!
/Game/Data/ExportDialogues/BigWorldIl01/BigWorldIl01_KYLSTB/FuZiJiGuanTa/DT_DialogueInfo_BigWorldIl01_KYLSTB_FuZiJiGuanTa	DT_DialogueInfo_BigWorldIl01_KYLSTB_FuZiJiGuanTa_InteractionDescribe_DialogueText	InteractionDescribe	占位描述游戏中不显示!
/Game/Data/ExportDialogues/BigWorldIl01/BigWorldIl01_KYLSTB/FuZiTouYingGai/DT_DialogueInfo_BigWorldIl01_KYLSTB_FuZiTouYingGai	DT_DialogueInfo_BigWorldIl01_KYLSTB_FuZiTouYingGai_InteractionDescribe_DialogueText	InteractionDescribe	占位描述游戏中不显示!
/Game/Data/ExportDialogues/BigWorldIl01/BigWorldIl01_KYLSTB/FuZiWuDaoTa/DT_DialogueInfo_BigWorldIl01_KYLSTB_FuZiWuDaoTa	DT_DialogueInfo_BigWorldIl01_KYLSTB_FuZiWuDaoTa_InteractionDescribe_DialogueText	InteractionDescribe	占位描述游戏中不显示!
/Game/Data/ExportDialogues/BigWorldIl01/BigWorldIl01_KYLSTB/JinChangFenWeiLiu/DT_DialogueInfo_BigWorldIl01_KYLSTB_JinChangFenWeiLiu	DT_DialogueInfo_BigWorldIl01_KYLSTB_JinChangFenWeiLiu_InteractionDescribe_DialogueText	InteractionDescribe	占位描述游戏中不显示!
/Game/Data/ExportDialogues/BigWorldIl01/BigWorldIl01_KYLSTB/JinChangFenWeiQi/DT_DialogueInfo_BigWorldIl01_KYLSTB_JinChangFenWeiQi	DT_DialogueInfo_BigWorldIl01_KYLSTB_JinChangFenWeiQi_InteractionDescribe_DialogueText	InteractionDescribe	占位描述游戏中不显示!
/Game/Data/ExportDialogues/BigWorldIl01/BigWorldIl01_KYLSTB/JinChangFenWeiWu/DT_DialogueInfo_BigWorldIl01_KYLSTB_JinChangFenWeiWu	DT_DialogueInfo_BigWorldIl01_KYLSTB_JinChangFenWeiWu_InteractionDescribe_DialogueText	InteractionDescribe	占位描述游戏中不显示!
/Game/Data/ExportDialogues/BigWorldIl01/BigWorldIl01_KYLSTB/LingYunWeiDaZhaoHu/DT_DialogueInfo_BigWorldIl01_KYLSTB_LingYunWeiDaZhaoHu	DT_DialogueInfo_BigWorldIl01_KYLSTB_LingYunWeiDaZhaoHu_InteractionDescribe_DialogueText	InteractionDescribe	占位描述游戏中不显示!
/Game/Data/ExportDialogues/BigWorldIl01/BigWorldIl01_KYLSTB/XueJiGouSongTongGuanJiangLi/DT_DialogueInfo_BigWorldIl01_KYLSTB_XueJiGouSongTongGuanJiangLi	DT_DialogueInfo_BigWorldIl01_KYLSTB_XueJiGouSongTongGuanJiangLi_InteractionDescribe_DialogueText	InteractionDescribe	占位描述游戏中不显示!
/Game/Data/ExportDialogues/BigWorldIl01/BigWorldIl01_KYZXB/ChangDiZhongYangDuiHua/DT_DialogueInfo_BigWorldIl01_KYZXB_ChangDiZhongYangDuiHua	DT_DialogueInfo_BigWorldIl01_KYZXB_ChangDiZhongYangDuiHua_InteractionDescribe_DialogueText	InteractionDescribe	占位描述游戏中不显示!
/Game/Data/ExportDialogues/BigWorldIl01/BigWorldIl01_KYZXB/JiGuanQiJianChangZhuDuiHua/DT_DialogueInfo_BigWorldIl01_KYZXB_JiGuanQiJianChangZhuDuiHua	DT_DialogueInfo_BigWorldIl01_KYZXB_JiGuanQiJianChangZhuDuiHua_InteractionDescribe_DialogueText	InteractionDescribe	占位描述游戏中不显示!
/Game/Data/ExportDialogues/BigWorldIl01/BigWorldIl01_KYZXB/JiGuanTaJieShu/DT_DialogueInfo_BigWorldIl01_KYZXB_JiGuanTaJieShu	DT_DialogueInfo_BigWorldIl01_KYZXB_JiGuanTaJieShu_InteractionDescribe_DialogueText	InteractionDescribe	占位描述游戏中不显示!
/Game/Data/ExportDialogues/BigWorldIl01/BigWorldIl01_KYZXB/WuDaoQiJianChangZhuDuiHua/DT_DialogueInfo_BigWorldIl01_KYZXB_WuDaoQiJianChangZhuDuiHua	DT_DialogueInfo_BigWorldIl01_KYZXB_WuDaoQiJianChangZhuDuiHua_InteractionDescribe_DialogueText	InteractionDescribe	占位描述游戏中不显示!
/Game/Data/ExportDialogues/BigWorldIl01/BigWorldIl01_KYZXB/XunWenXueJiGou1/DT_DialogueInfo_BigWorldIl01_KYZXB_XunWenXueJiGou1	DT_DialogueInfo_BigWorldIl01_KYZXB_XunWenXueJiGou1_InteractionDescribe_DialogueText	InteractionDescribe	占位描述游戏中不显示!
/Game/Data/ExportDialogues/Ck/Ck_CK08SD/ZhiJiDanRenDuiHua3/DT_DialogueInfo_CK_CK08SD_ZhiJiDanRenDuiHua3	Ck_CK08SD_ZhiJiDanRenDuiHua3_98_DialogueText	Ck_CK08SD_ZhiJiDanRenDuiHua3_98	再见。
/Game/Data/ExportDialogues/Ck/Ck_CK08SD/ZhiJiDanRenDuiHua3/DT_DialogueInfo_CK_CK08SD_ZhiJiDanRenDuiHua3	Ck_CK08SD_ZhiJiDanRenDuiHua3_99_CuiPeiNing_DialogueText	Ck_CK08SD_ZhiJiDanRenDuiHua3_99_CuiPeiNing	再见。
/Game/Data/ExportDialogues/Ck/Ck_CK101CMJS/YouCeNvCunMin/DT_DialogueInfo_CK_CK101CMJS_YouCeNvCunMin	DT_DialogueInfo_CK_CK101CMJS_YouCeNvCunMin_InteractionDescribe_DialogueText	InteractionDescribe	占位描述游戏中不显示!
/Game/Data/ExportDialogues/Ck/Ck_CK108_FWJYD/ShuoShuRenQiPao/DT_DialogueInfo_Ck_CK108_FWJYD_ShuoShuRenQiPao	Ck_CK108_FWJYD_ShuoShuRenQiPao_06_XiaYuHui_DialogueText	Ck_CK108_FWJYD_ShuoShuRenQiPao_06_XiaYuHui	真的假的？
/Game/Data/ExportDialogues/Ck/Ck_CK125XYSWZ/ShuiWenZhanPangZongHengJia/DT_DialogueInfo_CK_CK125XYSWZ_ShuiWenZhanPangZongHengJia	DT_DialogueInfo_CK_CK125XYSWZ_ShuiWenZhanPangZongHengJia_InteractionDescribe_DialogueText	InteractionDescribe	交谈。
/Game/Data/ExportDialogues/Ck/Ck_CK14GJT/YouKeDuiHua/DT_DialogueInfo_CK_CK14GJT_YouKeDuiHua	Ck_CK14GJT_YouKeDuiHua_05_PlayerF_DialogueText	Ck_CK14GJT_YouKeDuiHua_05_PlayerF	与其说是在观景，不如说是在观心境。
/Game/Data/ExportDialogues/Ck/Ck_CK14GJT/YouKeDuiHua/DT_DialogueInfo_CK_CK14GJT_YouKeDuiHua	Ck_CK14GJT_YouKeDuiHua_05_PlayerM_DialogueText	Ck_CK14GJT_YouKeDuiHua_05_PlayerM	与其说是在观景，不如说是在观心境。
/Game/Data/ExportDialogues/Ck/Ck_CK14GJT/ZhaoWanQiu/DT_DialogueInfo_Ck_CK14GJT_ZhaoWanQiu	Ck_CK14GJT_ZhaoWanQiu_00_PlayerF_DialogueText	Ck_CK14GJT_ZhaoWanQiu_00_PlayerF	终于找完了，回去找刚才那个人吧。
/Game/Data/ExportDialogues/Ck/Ck_CK14GJT/ZhaoWanQiu/DT_DialogueInfo_Ck_CK14GJT_ZhaoWanQiu	Ck_CK14GJT_ZhaoWanQiu_00_PlayerM_DialogueText	Ck_CK14GJT_ZhaoWanQiu_00_PlayerM	终于找完了，回去找刚才那个人吧。
/Game/Data/ExportDialogues/Ck/Ck_CK14GJT/ZhaoWanQiuZiMu/DT_DialogueInfo_Ck_CK14GJT_ZhaoWanQiuZiMu	Ck_CK14GJT_ZhaoWanQiuZiMu_00_PlayerF_DialogueText	Ck_CK14GJT_ZhaoWanQiuZiMu_00_PlayerF	终于找完了，回去找刚才那个人吧。
/Game/Data/ExportDialogues/Ck/Ck_CK14GJT/ZhaoWanQiuZiMu/DT_DialogueInfo_Ck_CK14GJT_ZhaoWanQiuZiMu	Ck_CK14GJT_ZhaoWanQiuZiMu_00_PlayerM_DialogueText	Ck_CK14GJT_ZhaoWanQiuZiMu_00_PlayerM	终于找完了，回去找刚才那个人吧。
/Game/Data/ExportDialogues/Ck/Ck_CK22SSXQ/AbZuiZhongDuiHua/DT_DialogueInfo_Ck_CK22SSXQ_AbZuiZhongDuiHua	DT_DialogueInfo_Ck_CK22SSXQ_AbZuiZhongDuiHua_InteractionDescribe_DialogueText	InteractionDescribe	占位描述游戏中不显示!
/Game/Data/ExportDialogues/Ck/Ck_CK22SSXQ/AChangZhuDuiHua/DT_DialogueInfo_Ck_CK22SSXQ_AChangZhuDuiHua	DT_DialogueInfo_Ck_CK22SSXQ_AChangZhuDuiHua_InteractionDescribe_DialogueText	InteractionDescribe	占位描述游戏中不显示!
/Game/Data/ExportDialogues/Ck/Ck_CK22SSXQ/AJiaoFuDuiHua/DT_DialogueInfo_Ck_CK22SSXQ_AJiaoFuDuiHua	DT_DialogueInfo_Ck_CK22SSXQ_AJiaoFuDuiHua_InteractionDescribe_DialogueText	InteractionDescribe	占位描述游戏中不显示!
/Game/Data/ExportDialogues/Ck/Ck_CK22SSXQ/AZaiCiDuiHua/DT_DialogueInfo_Ck_CK22SSXQ_AZaiCiDuiHua	DT_DialogueInfo_Ck_CK22SSXQ_AZaiCiDuiHua_InteractionDescribe_DialogueText	InteractionDescribe	占位描述游戏中不显示!
/Game/Data/ExportDialogues/Ck/Ck_CK22SSXQ/BChuShiDuiHua/DT_DialogueInfo_Ck_CK22SSXQ_BChuShiDuiHua	DT_DialogueInfo_Ck_CK22SSXQ_BChuShiDuiHua_InteractionDescribe_DialogueText	InteractionDescribe	占位描述游戏中不显示!
/Game/Data/ExportDialogues/Ck/Ck_CK22SSXQ/BJiaoCuoHouDuiHua/DT_DialogueInfo_Ck_CK22SSXQ_BJiaoCuoHouDuiHua	DT_DialogueInfo_Ck_CK22SSXQ_BJiaoCuoHouDuiHua_InteractionDescribe_DialogueText	InteractionDescribe	占位描述游戏中不显示!
/Game/Data/ExportDialogues/Ck/Ck_CK22SSXQ/BSanCiDuiHua/DT_DialogueInfo_Ck_CK22SSXQ_BSanCiDuiHua	DT_DialogueInfo_Ck_CK22SSXQ_BSanCiDuiHua_InteractionDescribe_DialogueText	InteractionDescribe	占位描述游戏中不显示!
/Game/Data/ExportDialogues/Ck/Ck_CK22SSXQ/ChangZhuDuiHua/DT_DialogueInfo_Ck_CK22SSXQ_ChangZhuDuiHua	DT_DialogueInfo_Ck_CK22SSXQ_ChangZhuDuiHua_InteractionDescribe_DialogueText	InteractionDescribe	占位描述游戏中不显示!
/Game/Data/ExportDialogues/Ck/Ck_CK22XBLKYD/YingDiGuanLiYuan/DT_DialogueInfo_CK_CK22XBLKYD_YingDiGuanLiYuan	Ck_CK22XBLKYD_YingDiGuanLiYuan_13_DialogueText	Ck_CK22XBLKYD_YingDiGuanLiYuan_13	再见。
/Game/Data/ExportDialogues/Ck/Ck_CK258DWZY/ChuCiDuiHua/DT_DialogueInfo_Ck_CK258DWZY_ChuCiDuiHua	DT_DialogueInfo_Ck_CK258DWZY_ChuCiDuiHua_InteractionDescribe_DialogueText	InteractionDescribe	占位描述游戏中不显示!
/Game/Data/ExportDialogues/Ck/Ck_CK258DWZY/ChuCiDuiHuaDongWuZhiYou/DT_DialogueInfo_Ck_CK258DWZY_ChuCiDuiHuaDongWuZhiYou	DT_DialogueInfo_Ck_CK258DWZY_ChuCiDuiHuaDongWuZhiYou_InteractionDescribe_DialogueText	InteractionDescribe	占位描述游戏中不显示!
/Game/Data/ExportDialogues/Ck/Ck_CK258DWZY/ChuCiGouTongGuGua/DT_DialogueInfo_Ck_CK258DWZY_ChuCiGouTongGuGua	DT_DialogueInfo_Ck_CK258DWZY_ChuCiGouTongGuGua_InteractionDescribe_DialogueText	InteractionDescribe	占位描述游戏中不显示!
/Game/Data/ExportDialogues/Ck/Ck_CK258DWZY/DuiHuaDongWuZhiYou1/DT_DialogueInfo_Ck_CK258DWZY_DuiHuaDongWuZhiYou1	DT_DialogueInfo_Ck_CK258DWZY_DuiHuaDongWuZhiYou1_InteractionDescribe_DialogueText	InteractionDescribe	占位描述游戏中不显示!
/Game/Data/ExportDialogues/Ck/Ck_CK258DWZY/FanZhaChangZhu/DT_DialogueInfo_Ck_CK258DWZY_FanZhaChangZhu	DT_DialogueInfo_Ck_CK258DWZY_FanZhaChangZhu_InteractionDescribe_DialogueText	InteractionDescribe	占位描述游戏中不显示!
/Game/Data/ExportDialogues/Ck/Ck_CK258DWZY/FanZhaChangZhu1/DT_DialogueInfo_Ck_CK258DWZY_FanZhaChangZhu1	DT_DialogueInfo_Ck_CK258DWZY_FanZhaChangZhu1_InteractionDescribe_DialogueText	InteractionDescribe	占位描述游戏中不显示!
/Game/Data/ExportDialogues/Ck/Ck_CK258DWZY/FanZhaDongWuZhiYou/DT_DialogueInfo_Ck_CK258DWZY_FanZhaDongWuZhiYou	DT_DialogueInfo_Ck_CK258DWZY_FanZhaDongWuZhiYou_InteractionDescribe_DialogueText	InteractionDescribe	占位描述游戏中不显示!
/Game/Data/ExportDialogues/Ck/Ck_CK258DWZY/FanZhaTaiNiSi/DT_DialogueInfo_Ck_CK258DWZY_FanZhaTaiNiSi	DT_DialogueInfo_Ck_CK258DWZY_FanZhaTaiNiSi_InteractionDescribe_DialogueText	InteractionDescribe	占位描述游戏中不显示!
/Game/Data/ExportDialogues/Ck/Ck_CK258DWZY/GuGuaHuiLaiHouDuiHua/DT_DialogueInfo_Ck_CK258DWZY_GuGuaHuiLaiHouDuiHua	DT_DialogueInfo_Ck_CK258DWZY_GuGuaHuiLaiHouDuiHua_InteractionDescribe_DialogueText	InteractionDescribe	占位描述游戏中不显示!
/Game/Data/ExportDialogues/Ck/Ck_CK258DWZY/HeGuGuaDuiHua/DT_DialogueInfo_Ck_CK258DWZY_HeGuGuaDuiHua	DT_DialogueInfo_Ck_CK258DWZY_HeGuGuaDuiHua_InteractionDescribe_DialogueText	InteractionDescribe	占位描述游戏中不显示!
/Game/Data/ExportDialogues/Ck/Ck_CK258DWZY/JuJueXueXi/DT_DialogueInfo_Ck_CK258DWZY_JuJueXueXi	DT_DialogueInfo_Ck_CK258DWZY_JuJueXueXi_InteractionDescribe_DialogueText	InteractionDescribe	占位描述游戏中不显示!
/Game/Data/ExportDialogues/Ck/Ck_CK258DWZY/ShangDangHouChangZhu/DT_DialogueInfo_Ck_CK258DWZY_ShangDangHouChangZhu	DT_DialogueInfo_Ck_CK258DWZY_ShangDangHouChangZhu_InteractionDescribe_DialogueText	InteractionDescribe	占位描述游戏中不显示!
/Game/Data/ExportDialogues/Ck/Ck_CK258DWZY/XueXiWanChengHou/DT_DialogueInfo_Ck_CK258DWZY_XueXiWanChengHou	DT_DialogueInfo_Ck_CK258DWZY_XueXiWanChengHou_InteractionDescribe_DialogueText	InteractionDescribe	占位描述游戏中不显示!
/Game/Data/ExportDialogues/Ck/Ck_CK258DWZY/ZhaoDongWuZhiYouChangZhu/DT_DialogueInfo_Ck_CK258DWZY_ZhaoDongWuZhiYouChangZhu	DT_DialogueInfo_Ck_CK258DWZY_ZhaoDongWuZhiYouChangZhu_InteractionDescribe_DialogueText	InteractionDescribe	占位描述游戏中不显示!
/Game/Data/ExportDialogues/Ck/Ck_CK258DWZY/ZhaoGuGuaChangZhu/DT_DialogueInfo_Ck_CK258DWZY_ZhaoGuGuaChangZhu	DT_DialogueInfo_Ck_CK258DWZY_ZhaoGuGuaChangZhu_InteractionDescribe_DialogueText	InteractionDescribe	占位描述游戏中不显示!
/Game/Data/ExportDialogues/Ck/Ck_CK258DWZY/ZhaoGuGuaShiBai/DT_DialogueInfo_Ck_CK258DWZY_ZhaoGuGuaShiBai	DT_DialogueInfo_Ck_CK258DWZY_ZhaoGuGuaShiBai_InteractionDescribe_DialogueText	InteractionDescribe	占位描述游戏中不显示!
/Game/Data/ExportDialogues/Ck/Ck_CK263XBNY/JiGuanBaoZhaDuiHua/DT_DialogueInfo_Ck_CK263XBNY_JiGuanBaoZhaDuiHua	DT_DialogueInfo_Ck_CK263XBNY_JiGuanBaoZhaDuiHua_InteractionDescribe_DialogueText	InteractionDescribe	占位描述游戏中不显示!
/Game/Data/ExportDialogues/Ck/Ck_CK26TGMJ/BuMai/DT_DialogueInfo_Ck_CK26TGMJ_BuMai	DT_DialogueInfo_Ck_CK26TGMJ_BuMai_InteractionDescribe_DialogueText	InteractionDescribe	占位描述游戏中不显示!
/Game/Data/ExportDialogues/Ck/Ck_CK26TGMJ/FanTaoLuYinDao1/DT_DialogueInfo_Ck_CK26TGMJ_FanTaoLuYinDao1	DT_DialogueInfo_Ck_CK26TGMJ_FanTaoLuYinDao1_InteractionDescribe_DialogueText	InteractionDescribe	占位描述游戏中不显示!
/Game/Data/ExportDialogues/Ck/Ck_CK26TGMJ/QuanJia/DT_DialogueInfo_Ck_CK26TGMJ_QuanJia	DT_DialogueInfo_Ck_CK26TGMJ_QuanJia_InteractionDescribe_DialogueText	InteractionDescribe	占位描述游戏中不显示!
/Game/Data/ExportDialogues/Ck/Ck_CK26TGMJ/XuanZeMaiJiaoYi/DT_DialogueInfo_Ck_CK26TGMJ_XuanZeMaiJiaoYi	DT_DialogueInfo_Ck_CK26TGMJ_XuanZeMaiJiaoYi_InteractionDescribe_DialogueText	InteractionDescribe	占位描述游戏中不显示!
/Game/Data/ExportDialogues/Ck/Ck_CK26TGMJ/XuanZeMaiJiaoYi2/DT_DialogueInfo_Ck_CK26TGMJ_XuanZeMaiJiaoYi2	DT_DialogueInfo_Ck_CK26TGMJ_XuanZeMaiJiaoYi2_InteractionDescribe_DialogueText	InteractionDescribe	占位描述游戏中不显示!
/Game/Data/ExportDialogues/Ck/Ck_CK29NBSM/CaiJiGuanDuiHua/DT_DialogueInfo_Ck_CK29NBSM_CaiJiGuanDuiHua	Ck_CK29NBSM_CaiJiGuanDuiHua_09_HeWei_DialogueText	Ck_CK29NBSM_CaiJiGuanDuiHua_09_HeWei	同学，你总得给我留点吧……
/Game/Data/ExportDialogues/Ck/Ck_CK29NBSM/CaiJiGuanDuiHua/DT_DialogueInfo_Ck_CK29NBSM_CaiJiGuanDuiHua	Ck_CK29NBSM_CaiJiGuanDuiHua_13_HeWei_DialogueText	Ck_CK29NBSM_CaiJiGuanDuiHua_13_HeWei	好。
/Game/Data/ExportDialogues/Ck/Ck_CK29NBSM/JieShuHouDuiHua/DT_DialogueInfo_Ck_CK29NBSM_JieShuHouDuiHua	Ck_CK29NBSM_JieShuHouDuiHua_12_DialogueText	Ck_CK29NBSM_JieShuHouDuiHua_12	没有。
/Game/Data/ExportDialogues/Ck/Ck_CK29NBSM/LouShangZaoYuDuiHua/DT_DialogueInfo_Ck_CK29NBSM_LouShangZaoYuDuiHua	Ck_CK29NBSM_LouShangZaoYuDuiHua_20_PlayerF_DialogueText	Ck_CK29NBSM_LouShangZaoYuDuiHua_20_PlayerF	我考虑一下。
/Game/Data/ExportDialogues/Ck/Ck_CK29NBSM/LouShangZaoYuDuiHua/DT_DialogueInfo_Ck_CK29NBSM_LouShangZaoYuDuiHua	Ck_CK29NBSM_LouShangZaoYuDuiHua_20_PlayerM_DialogueText	Ck_CK29NBSM_LouShangZaoYuDuiHua_20_PlayerM	我考虑一下。
/Game/Data/ExportDialogues/Ck/Ck_CK29NBSM/LouShangZaoYuDuiHua/DT_DialogueInfo_Ck_CK29NBSM_LouShangZaoYuDuiHua	Ck_CK29NBSM_LouShangZaoYuDuiHua_21_PlayerF_DialogueText	Ck_CK29NBSM_LouShangZaoYuDuiHua_21_PlayerF	给太少了，我全都要。
/Game/Data/ExportDialogues/Ck/Ck_CK29NBSM/LouShangZaoYuDuiHua/DT_DialogueInfo_Ck_CK29NBSM_LouShangZaoYuDuiHua	Ck_CK29NBSM_LouShangZaoYuDuiHua_21_PlayerM_DialogueText	Ck_CK29NBSM_LouShangZaoYuDuiHua_21_PlayerM	给太少了，我全都要。
/Game/Data/ExportDialogues/Ck/Ck_CK29NBSM/WeiCaiJiGuanDuiHua/DT_DialogueInfo_Ck_CK29NBSM_WeiCaiJiGuanDuiHua	Ck_CK29NBSM_WeiCaiJiGuanDuiHua_09_HeWei_DialogueText	Ck_CK29NBSM_WeiCaiJiGuanDuiHua_09_HeWei	同学，你总得给我留点吧……
/Game/Data/ExportDialogues/Ck/Ck_CK52JGY/DiaoYuRenLiaoLiaoDuiHua/DT_DialogueInfo_Ck_CK52JGY_DiaoYuRenLiaoLiaoDuiHua	DT_DialogueInfo_Ck_CK52JGY_DiaoYuRenLiaoLiaoDuiHua_InteractionDescribe_DialogueText	InteractionDescribe	占位描述游戏中不显示!
/Game/Data/ExportDialogues/Ck/Ck_CK52JGY/JiGuanShaoNvLiaoLiaoDuiHua/DT_DialogueInfo_Ck_CK52JGY_JiGuanShaoNvLiaoLiaoDuiHua	DT_DialogueInfo_Ck_CK52JGY_JiGuanShaoNvLiaoLiaoDuiHua_InteractionDescribe_DialogueText	InteractionDescribe	占位描述游戏中不显示!
/Game/Data/ExportDialogues/Ck/Ck_CK53/FengWuJiaDuiHua/DT_DialogueInfo_CK_CK53_FengWuJiaDuiHua	Ck_CK53_FengWuJiaDuiHua_02_DialogueText	Ck_CK53_FengWuJiaDuiHua_02	你是？
/Game/Data/ExportDialogues/Ck/Ck_CK53/FengWuJiaDuiHua/DT_DialogueInfo_CK_CK53_FengWuJiaDuiHua	Ck_CK53_FengWuJiaDuiHua_13_DialogueText	Ck_CK53_FengWuJiaDuiHua_13	再见。
/Game/Data/ExportDialogues/Ck/Ck_CK58/ShuangRenDuiHua/DT_DialogueInfo_CK_CK58_ShuangRenDuiHua	DT_DialogueInfo_CK_CK58_ShuangRenDuiHua_InteractionDescribe_DialogueText	InteractionDescribe	交谈。
/Game/Data/ExportDialogues/Ck/Ck_CK76YJDS/LiLiangShiYan/DT_DialogueInfo_CK_CK76YJDS_LiLiangShiYan	DT_DialogueInfo_CK_CK76YJDS_LiLiangShiYan_InteractionDescribe_DialogueText	InteractionDescribe	交谈!
/Game/Data/ExportDialogues/Ck/Ck_CK76YJDS/LingQiaoShiLian/DT_DialogueInfo_CK_CK76YJDS_LingQiaoShiLian	DT_DialogueInfo_CK_CK76YJDS_LingQiaoShiLian_InteractionDescribe_DialogueText	InteractionDescribe	交谈！
/Game/Data/ExportDialogues/Ck/Ck_CK76YJDS/LingQiaoShiLianChangZhu/DT_DialogueInfo_CK_CK76YJDS_LingQiaoShiLianChangZhu	DT_DialogueInfo_CK_CK76YJDS_LingQiaoShiLianChangZhu_InteractionDescribe_DialogueText	InteractionDescribe	交谈！
/Game/Data/ExportDialogues/Ck/Ck_CK76YJDS/TiaoZhanJieShuHouXueZi/DT_DialogueInfo_Ck_CK76YJDS_TiaoZhanJieShuHouXueZi	DT_DialogueInfo_Ck_CK76YJDS_TiaoZhanJieShuHouXueZi_InteractionDescribe_DialogueText	InteractionDescribe	交谈！
/Game/Data/ExportDialogues/Ck/Ck_CK76YJDS/WuDaoXueZiShangFangJinRu/DT_DialogueInfo_Ck_CK76YJDS_WuDaoXueZiShangFangJinRu	DT_DialogueInfo_Ck_CK76YJDS_WuDaoXueZiShangFangJinRu_InteractionDescribe_DialogueText	InteractionDescribe	交谈！
/Game/Data/ExportDialogues/Ck/Ck_CK76YJDS/ZhiHuiShiLian/DT_DialogueInfo_CK_CK76YJDS_ZhiHuiShiLian	DT_DialogueInfo_CK_CK76YJDS_ZhiHuiShiLian_InteractionDescribe_DialogueText	InteractionDescribe	交谈！
/Game/Data/ExportDialogues/Ck/Ck_CK76YJDS/ZhiHuiShiLianChangZhu/DT_DialogueInfo_CK_CK76YJDS_ZhiHuiShiLianChangZhu	DT_DialogueInfo_CK_CK76YJDS_ZhiHuiShiLianChangZhu_InteractionDescribe_DialogueText	InteractionDescribe	交谈！
/Game/Data/ExportDialogues/Ck/CK_CK84SLC/ShiLianChangWaiXueSheng/DT_DialogueInfo_CK_CK84SLC_ShiLianChangWaiXueSheng	DT_DialogueInfo_CK_CK84SLC_ShiLianChangWaiXueSheng_InteractionDescribe_DialogueText	InteractionDescribe	占位描述游戏中不显示!
/Game/Data/ExportDialogues/Ck/Ck_CK98/WuDaoDaoShiNv/DT_DialogueInfo_CK_CK98_WuDaoDaoShiNv	DT_DialogueInfo_CK_CK98_WuDaoDaoShiNv_InteractionDescribe_DialogueText	InteractionDescribe	占位描述游戏中不显示!
/Game/Data/ExportDialogues/Ck/Ck_CS141SB/DiaoYuNanNv/DT_DialogueInfo_CK_CS141SB_DiaoYuNanNv	DT_DialogueInfo_CK_CS141SB_DiaoYuNanNv_InteractionDescribe_DialogueText	InteractionDescribe	占位描述游戏中不显示!
/Game/Data/ExportDialogues/Ck/Ck_GP1009/ShangJingXueSheng/DT_DialogueInfo_CK_GP1009_ShangJingXueSheng	Ck_GP1009_ShangJingXueSheng_13_CengBuRan_DialogueText	Ck_GP1009_ShangJingXueSheng_13_CengBuRan	没错！
/Game/Data/ExportDialogues/Ck/Ck_GXTXTJM/Ck29YouCeShuangRen/DT_DialogueInfo_CK_GXTXTJM_Ck29YouCeShuangRen	DT_DialogueInfo_CK_GXTXTJM_Ck29YouCeShuangRen_InteractionDescribe_DialogueText	InteractionDescribe	占位描述游戏中不显示!
/Game/Data/ExportDialogues/Ck/Ck_GXTXTJM/Ck59XunZhao/DT_DialogueInfo_CK_GXTXTJM_Ck59XunZhao	DT_DialogueInfo_CK_GXTXTJM_Ck59XunZhao_InteractionDescribe_DialogueText	InteractionDescribe	占位描述游戏中不显示!
/Game/Data/ExportDialogues/Ck/Ck_IBWYWLR/Ck105YinDaoNv/DT_DialogueInfo_CK_IBWYWLR_Ck105YinDaoNv	DT_DialogueInfo_CK_IBWYWLR_Ck105YinDaoNv_InteractionDescribe_DialogueText	InteractionDescribe	占位描述游戏中不显示!
/Game/Data/ExportDialogues/Ck/Ck_IBWYWLR/Ck124XiaHuBian/DT_DialogueInfo_CK_IBWYWLR_Ck124XiaHuBian	DT_DialogueInfo_CK_IBWYWLR_Ck124XiaHuBian_InteractionDescribe_DialogueText	InteractionDescribe	占位描述游戏中不显示!
/Game/Data/ExportDialogues/Ck/Ck_IBWYWLR/Ck29WaiXueSheng/DT_DialogueInfo_CK_IBWYWLR_Ck29WaiXueSheng	Ck_IBWYWLR_Ck29WaiXueSheng_07_YuNing_DialogueText	Ck_IBWYWLR_Ck29WaiXueSheng_07_YuNing	我……我……
/Game/Data/ExportDialogues/Ck/Ck_IBWYWLR/Ck40GuanHuXueSheng/DT_DialogueInfo_CK_IBWYWLR_Ck40GuanHuXueSheng	DT_DialogueInfo_CK_IBWYWLR_Ck40GuanHuXueSheng_InteractionDescribe_DialogueText	InteractionDescribe	占位描述游戏中不显示!
/Game/Data/ExportDialogues/Ck/Ck_IBWYWLR/Ck40XiuXiNv/DT_DialogueInfo_CK_IBWYWLR_Ck40XiuXiNv	DT_DialogueInfo_CK_IBWYWLR_Ck40XiuXiNv_InteractionDescribe_DialogueText	InteractionDescribe	占位描述游戏中不显示!
/Game/Data/ExportDialogues/Ck/Ck_IBWYWLR/Ck58XueSheng/DT_DialogueInfo_CK_IBWYWLR_Ck58XueSheng	DT_DialogueInfo_CK_IBWYWLR_Ck58XueSheng_InteractionDescribe_DialogueText	InteractionDescribe	占位描述游戏中不显示!
/Game/Data/ExportDialogues/Ck/Ck_IBWYWLR/Cl16WaiShuXia/DT_DialogueInfo_CK_IBWYWLR_Cl16WaiShuXia	DT_DialogueInfo_CK_IBWYWLR_Cl16WaiShuXia_InteractionDescribe_DialogueText	InteractionDescribe	占位描述游戏中不显示!
/Game/Data/ExportDialogues/Ck/Ck_IBWYWLR/Cs166BeiMianNan/DT_DialogueInfo_CK_IBWYWLR_Cs166BeiMianNan	DT_DialogueInfo_CK_IBWYWLR_Cs166BeiMianNan_InteractionDescribe_DialogueText	InteractionDescribe	占位描述游戏中不显示!
/Game/Data/ExportDialogues/Ck/Ck_IBWYWLR/Gp0812XueSheng/DT_DialogueInfo_CK_IBWYWLR_Gp0812XueSheng	DT_DialogueInfo_CK_IBWYWLR_Gp0812XueSheng_InteractionDescribe_DialogueText	InteractionDescribe	占位描述游戏中不显示!
/Game/Data/ExportDialogues/Ck/Ck_IBWYWLR/Gp1214NvSheng/DT_DialogueInfo_CK_IBWYWLR_Gp1214NvSheng	DT_DialogueInfo_CK_IBWYWLR_Gp1214NvSheng_InteractionDescribe_DialogueText	InteractionDescribe	占位描述游戏中不显示!
/Game/Data/ExportDialogues/Ck/Ck_IBWYWLR/Gp1415ShanDing/DT_DialogueInfo_CK_IBWYWLR_Gp1415ShanDing	DT_DialogueInfo_CK_IBWYWLR_Gp1415ShanDing_InteractionDescribe_DialogueText	InteractionDescribe	占位描述游戏中不显示!
/Game/Data/ExportDialogues/Ck/Ck_IBWYWLR/Gp1415ShanYa/DT_DialogueInfo_CK_IBWYWLR_Gp1415ShanYa	DT_DialogueInfo_CK_IBWYWLR_Gp1415ShanYa_InteractionDescribe_DialogueText	InteractionDescribe	占位描述游戏中不显示!
/Game/Data/ExportDialogues/Ck/Ck_IBWYWLR/Gp1416QiPao/DT_DialogueInfo_CK_IBWYWLR_Gp1416QiPao	DT_DialogueInfo_CK_IBWYWLR_Gp1416QiPao_InteractionDescribe_DialogueText	InteractionDescribe	占位描述游戏中不显示!
/Game/Data/ExportDialogues/Ck/Ck_LHXLHL/Ck122/DT_DialogueInfo_Ck_LHXLHL_Ck122	DT_DialogueInfo_Ck_LHXLHL_Ck122_InteractionDescribe_DialogueText	InteractionDescribe	占位描述游戏中不显示!
/Game/Data/ExportDialogues/Ck/Ck_LHXLHL/Ck122Er/DT_DialogueInfo_Ck_LHXLHL_Ck122Er	DT_DialogueInfo_Ck_LHXLHL_Ck122Er_InteractionDescribe_DialogueText	InteractionDescribe	占位描述游戏中不显示!
/Game/Data/ExportDialogues/Ck/Ck_LHXLHL/Ck122San/DT_DialogueInfo_Ck_LHXLHL_Ck122San	DT_DialogueInfo_Ck_LHXLHL_Ck122San_InteractionDescribe_DialogueText	InteractionDescribe	占位描述游戏中不显示!
/Game/Data/ExportDialogues/Ck/Ck_LHXLHL/Ck131Pang/DT_DialogueInfo_Ck_LHXLHL_Ck131Pang	DT_DialogueInfo_Ck_LHXLHL_Ck131Pang_InteractionDescribe_DialogueText	InteractionDescribe	占位描述游戏中不显示!
/Game/Data/ExportDialogues/Ck/Ck_LHXLHL/Ck131XiNan/DT_DialogueInfo_Ck_LHXLHL_Ck131XiNan	DT_DialogueInfo_Ck_LHXLHL_Ck131XiNan_InteractionDescribe_DialogueText	InteractionDescribe	占位描述游戏中不显示!
/Game/Data/ExportDialogues/Ck/Ck_LHXLHL/Ck132Nan/DT_DialogueInfo_Ck_LHXLHL_Ck132Nan	DT_DialogueInfo_Ck_LHXLHL_Ck132Nan_InteractionDescribe_DialogueText	InteractionDescribe	占位描述游戏中不显示!
/Game/Data/ExportDialogues/Ck/Ck_LHXLHL/Ck132NanEr/DT_DialogueInfo_Ck_LHXLHL_Ck132NanEr	DT_DialogueInfo_Ck_LHXLHL_Ck132NanEr_InteractionDescribe_DialogueText	InteractionDescribe	占位描述游戏中不显示!
/Game/Data/ExportDialogues/Ck/Ck_LHXLHL/Ck132XiNanEr/DT_DialogueInfo_Ck_LHXLHL_Ck132XiNanEr	DT_DialogueInfo_Ck_LHXLHL_Ck132XiNanEr_InteractionDescribe_DialogueText	InteractionDescribe	占位描述游戏中不显示!
/Game/Data/ExportDialogues/Ck/Ck_LHXLHL/Ck132XiNanSan/DT_DialogueInfo_Ck_LHXLHL_Ck132XiNanSan	DT_DialogueInfo_Ck_LHXLHL_Ck132XiNanSan_InteractionDescribe_DialogueText	InteractionDescribe	占位描述游戏中不显示!
/Game/Data/ExportDialogues/Ck/Ck_LHXLHL/Ck32Dong/DT_DialogueInfo_Ck_LHXLHL_Ck32Dong	DT_DialogueInfo_Ck_LHXLHL_Ck32Dong_InteractionDescribe_DialogueText	InteractionDescribe	占位描述游戏中不显示!
/Game/Data/ExportDialogues/Ck/Ck_LHXLHL/Ck32DongEr/DT_DialogueInfo_Ck_LHXLHL_Ck32DongEr	DT_DialogueInfo_Ck_LHXLHL_Ck32DongEr_InteractionDescribe_DialogueText	InteractionDescribe	占位描述游戏中不显示!
/Game/Data/ExportDialogues/Ck/Ck_LHXLHL/Ck32Nan/DT_DialogueInfo_Ck_LHXLHL_Ck32Nan	DT_DialogueInfo_Ck_LHXLHL_Ck32Nan_InteractionDescribe_DialogueText	InteractionDescribe	占位描述游戏中不显示!
/Game/Data/ExportDialogues/Ck/Ck_LHXLHL/Ck32XiNanShanYa/DT_DialogueInfo_Ck_LHXLHL_Ck32XiNanShanYa	DT_DialogueInfo_Ck_LHXLHL_Ck32XiNanShanYa_InteractionDescribe_DialogueText	InteractionDescribe	占位描述游戏中不显示!
/Game/Data/ExportDialogues/Ck/Ck_LQXYC/Ck203Er/DT_DialogueInfo_Ck_LQXYC_Ck203Er	DT_DialogueInfo_Ck_LQXYC_Ck203Er_InteractionDescribe_DialogueText	InteractionDescribe	占位描述游戏中不显示!
/Game/Data/ExportDialogues/Ck/Ck_LQXYC/Ck203PangSan/DT_DialogueInfo_Ck_LQXYC_Ck203PangSan	DT_DialogueInfo_Ck_LQXYC_Ck203PangSan_InteractionDescribe_DialogueText	InteractionDescribe	占位描述游戏中不显示!
/Game/Data/ExportDialogues/Ck/Ck_NBFWKG/Ck135Si/DT_DialogueInfo_Ck_NBFWKG_Ck135Si	DT_DialogueInfo_Ck_NBFWKG_Ck135Si_InteractionDescribe_DialogueText	InteractionDescribe	占位描述游戏中不显示!
/Game/Data/ExportDialogues/Ck/Ck_NBFWKG/Ck64Er/DT_DialogueInfo_Ck_NBFWKG_Ck64Er	DT_DialogueInfo_Ck_NBFWKG_Ck64Er_InteractionDescribe_DialogueText	InteractionDescribe	占位描述游戏中不显示!
/Game/Data/ExportDialogues/Ck/Ck_SJPK/Ck200/DT_DialogueInfo_Ck_SJPK_Ck200	DT_DialogueInfo_Ck_SJPK_Ck200_InteractionDescribe_DialogueText	InteractionDescribe	占位描述游戏中不显示!
/Game/Data/ExportDialogues/Ck/Ck_SJPK/Ck200Er/DT_DialogueInfo_Ck_SJPK_Ck200Er	DT_DialogueInfo_Ck_SJPK_Ck200Er_InteractionDescribe_DialogueText	InteractionDescribe	占位描述游戏中不显示!
/Game/Data/ExportDialogues/Ck/Ck_SJPK/Ck200San/DT_DialogueInfo_Ck_SJPK_Ck200San	DT_DialogueInfo_Ck_SJPK_Ck200San_InteractionDescribe_DialogueText	InteractionDescribe	占位描述游戏中不显示!
/Game/Data/ExportDialogues/Ck/Ck_SJPK/Ck200Si/DT_DialogueInfo_Ck_SJPK_Ck200Si	DT_DialogueInfo_Ck_SJPK_Ck200Si_InteractionDescribe_DialogueText	InteractionDescribe	占位描述游戏中不显示!
/Game/Data/ExportDialogues/Ck/Ck_SQIBWXZ/Ck133DuoRen/DT_DialogueInfo_CK_SQIBWXZ_Ck133DuoRen	DT_DialogueInfo_CK_SQIBWXZ_Ck133DuoRen_InteractionDescribe_DialogueText	InteractionDescribe	占位描述游戏中不显示!
/Game/Data/ExportDialogues/Ck/Ck_SQIBWXZ/Ck31ShuangRen/DT_DialogueInfo_CK_SQIBWXZ_Ck31ShuangRen	DT_DialogueInfo_CK_SQIBWXZ_Ck31ShuangRen_InteractionDescribe_DialogueText	InteractionDescribe	占位描述游戏中不显示!
/Game/Data/ExportDialogues/Ck/Ck_SQIBWXZ/Ck31WuBiShuangRen/DT_DialogueInfo_CK_SQIBWXZ_Ck31WuBiShuangRen	DT_DialogueInfo_CK_SQIBWXZ_Ck31WuBiShuangRen_InteractionDescribe_DialogueText	InteractionDescribe	占位描述游戏中不显示!
/Game/Data/ExportDialogues/Ck/Ck_SQIBWXZ/Ck59ShuangRen/DT_DialogueInfo_CK_SQIBWXZ_Ck59ShuangRen	DT_DialogueInfo_CK_SQIBWXZ_Ck59ShuangRen_InteractionDescribe_DialogueText	InteractionDescribe	占位描述游戏中不显示!
/Game/Data/ExportDialogues/Ck/Ck_SQWDSFJLH/Ck177Dan/DT_DialogueInfo_Ck_SQWDSFJLH_Ck177Dan	DT_DialogueInfo_Ck_SQWDSFJLH_Ck177Dan_InteractionDescribe_DialogueText	InteractionDescribe	占位描述游戏中不显示!
/Game/Data/ExportDialogues/Ck/Ck_SQXZGDDH/Ck13DongNanEr/DT_DialogueInfo_Ck_SQXZGDDH_Ck13DongNanEr	DT_DialogueInfo_Ck_SQXZGDDH_Ck13DongNanEr_InteractionDescribe_DialogueText	InteractionDescribe	占位描述游戏中不显示!
/Game/Data/ExportDialogues/Ck/Ck_SQXZGDDH/Ck74Pang/DT_DialogueInfo_Ck_SQXZGDDH_Ck74Pang	DT_DialogueInfo_Ck_SQXZGDDH_Ck74Pang_InteractionDescribe_DialogueText	InteractionDescribe	占位描述游戏中不显示!
/Game/Data/ExportDialogues/Ck/Ck_SQXZSQDW/Ck108Er/DT_DialogueInfo_Ck_SQXZSQDW_Ck108Er	DT_DialogueInfo_Ck_SQXZSQDW_Ck108Er_InteractionDescribe_DialogueText	InteractionDescribe	占位描述游戏中不显示!
/Game/Data/ExportDialogues/Ck/Ck_SQXZWDKH/Ck121/DT_DialogueInfo_Ck_SQXZWDKH_Ck121	DT_DialogueInfo_Ck_SQXZWDKH_Ck121_InteractionDescribe_DialogueText	InteractionDescribe	占位描述游戏中不显示!
/Game/Data/ExportDialogues/Ck/Ck_SQXZWDKH/Ck121Er/DT_DialogueInfo_Ck_SQXZWDKH_Ck121Er	DT_DialogueInfo_Ck_SQXZWDKH_Ck121Er_InteractionDescribe_DialogueText	InteractionDescribe	占位描述游戏中不显示!
/Game/Data/ExportDialogues/Ck/Ck_SQXZWDKH/Ck121Shi/DT_DialogueInfo_Ck_SQXZWDKH_Ck121Shi	DT_DialogueInfo_Ck_SQXZWDKH_Ck121Shi_InteractionDescribe_DialogueText	InteractionDescribe	占位描述游戏中不显示!
/Game/Data/ExportDialogues/Ck/Ck_SQXZWDKH/Ck121Yi/DT_DialogueInfo_Ck_SQXZWDKH_Ck121Yi	DT_DialogueInfo_Ck_SQXZWDKH_Ck121Yi_InteractionDescribe_DialogueText	InteractionDescribe	占位描述游戏中不显示!
/Game/Data/ExportDialogues/Ck/Ck_SQXZWDKH/Ck121Zhuang/DT_DialogueInfo_Ck_SQXZWDKH_Ck121Zhuang	DT_DialogueInfo_Ck_SQXZWDKH_Ck121Zhuang_InteractionDescribe_DialogueText	InteractionDescribe	占位描述游戏中不显示!
/Game/Data/ExportDialogues/Ck/Ck_SWGR/XieLiangBaiFenZhiBaShi/DT_DialogueInfo_CK_SWGR_XieLiangBaiFenZhiBaShi	DT_DialogueInfo_CK_SWGR_XieLiangBaiFenZhiBaShi_InteractionDescribe_DialogueText	InteractionDescribe	交谈。
/Game/Data/ExportDialogues/Ck/Ck_SWGR/XieLiangBaiFenZhiLiuShi/DT_DialogueInfo_CK_SWGR_XieLiangBaiFenZhiLiuShi	DT_DialogueInfo_CK_SWGR_XieLiangBaiFenZhiLiuShi_InteractionDescribe_DialogueText	InteractionDescribe	交谈。
/Game/Data/ExportDialogues/Ck/Ck_SWGR/XieLiangBaiFenZhiSanShi/DT_DialogueInfo_CK_SWGR_XieLiangBaiFenZhiSanShi	DT_DialogueInfo_CK_SWGR_XieLiangBaiFenZhiSanShi_InteractionDescribe_DialogueText	InteractionDescribe	交谈。
/Game/Data/ExportDialogues/Ck/Ck_SWJCDSYL/Ck125PangSan/DT_DialogueInfo_Ck_SWJCDSYL_Ck125PangSan	DT_DialogueInfo_Ck_SWJCDSYL_Ck125PangSan_InteractionDescribe_DialogueText	InteractionDescribe	占位描述游戏中不显示!
/Game/Data/ExportDialogues/Ck/Ck_SWJCDSYL/Ck125PangSi/DT_DialogueInfo_Ck_SWJCDSYL_Ck125PangSi	DT_DialogueInfo_Ck_SWJCDSYL_Ck125PangSi_InteractionDescribe_DialogueText	InteractionDescribe	占位描述游戏中不显示!
/Game/Data/ExportDialogues/Ck/Ck_SWJCDSYL/Ck125Wai/DT_DialogueInfo_Ck_SWJCDSYL_Ck125Wai	DT_DialogueInfo_Ck_SWJCDSYL_Ck125Wai_InteractionDescribe_DialogueText	InteractionDescribe	占位描述游戏中不显示!
/Game/Data/ExportDialogues/Ck/Ck_SWJCDSYL/Ck129Pang/DT_DialogueInfo_Ck_SWJCDSYL_Ck129Pang	DT_DialogueInfo_Ck_SWJCDSYL_Ck129Pang_InteractionDescribe_DialogueText	InteractionDescribe	占位描述游戏中不显示!
/Game/Data/ExportDialogues/Ck/Ck_SWJCDSYL/Ck43Nan/DT_DialogueInfo_Ck_SWJCDSYL_Ck43Nan	DT_DialogueInfo_Ck_SWJCDSYL_Ck43Nan_InteractionDescribe_DialogueText	InteractionDescribe	占位描述游戏中不显示!
/Game/Data/ExportDialogues/Ck/Ck_SWJCDSYL/Ck43NanEr/DT_DialogueInfo_Ck_SWJCDSYL_Ck43NanEr	DT_DialogueInfo_Ck_SWJCDSYL_Ck43NanEr_InteractionDescribe_DialogueText	InteractionDescribe	占位描述游戏中不显示!
/Game/Data/ExportDialogues/Ck/Ck_TBDS/Ck126Dong/DT_DialogueInfo_Ck_TBDS_Ck126Dong	DT_DialogueInfo_Ck_TBDS_Ck126Dong_InteractionDescribe_DialogueText	InteractionDescribe	占位描述游戏中不显示!
/Game/Data/ExportDialogues/Ck/Ck_TBDS/Ck126DongEr/DT_DialogueInfo_Ck_TBDS_Ck126DongEr	DT_DialogueInfo_Ck_TBDS_Ck126DongEr_InteractionDescribe_DialogueText	InteractionDescribe	占位描述游戏中不显示!
/Game/Data/ExportDialogues/Ck/Ck_TBDS/Ck126XiBei/DT_DialogueInfo_Ck_TBDS_Ck126XiBei	DT_DialogueInfo_Ck_TBDS_Ck126XiBei_InteractionDescribe_DialogueText	InteractionDescribe	占位描述游戏中不显示!
/Game/Data/ExportDialogues/Ck/Ck_TBDS/Ck165Pang/DT_DialogueInfo_Ck_TBDS_Ck165Pang	DT_DialogueInfo_Ck_TBDS_Ck165Pang_InteractionDescribe_DialogueText	InteractionDescribe	占位描述游戏中不显示!
/Game/Data/ExportDialogues/Ck/Ck_TBDS/Ck35Bei/DT_DialogueInfo_Ck_TBDS_Ck35Bei	DT_DialogueInfo_Ck_TBDS_Ck35Bei_InteractionDescribe_DialogueText	InteractionDescribe	占位描述游戏中不显示!
/Game/Data/ExportDialogues/Ck/Ck_TBDS/Ck40Xi/DT_DialogueInfo_Ck_TBDS_Ck40Xi	DT_DialogueInfo_Ck_TBDS_Ck40Xi_InteractionDescribe_DialogueText	InteractionDescribe	占位描述游戏中不显示!
/Game/Data/ExportDialogues/Ck/Ck_TBDS/Ck40XiBei/DT_DialogueInfo_Ck_TBDS_Ck40XiBei	DT_DialogueInfo_Ck_TBDS_Ck40XiBei_InteractionDescribe_DialogueText	InteractionDescribe	占位描述游戏中不显示!
/Game/Data/ExportDialogues/Ck/Ck_TBDS/Ck41Dong/DT_DialogueInfo_Ck_TBDS_Ck41Dong	DT_DialogueInfo_Ck_TBDS_Ck41Dong_InteractionDescribe_DialogueText	InteractionDescribe	占位描述游戏中不显示!
/Game/Data/ExportDialogues/Ck/Ck_TBDS/Ck41Pang/DT_DialogueInfo_Ck_TBDS_Ck41Pang	DT_DialogueInfo_Ck_TBDS_Ck41Pang_InteractionDescribe_DialogueText	InteractionDescribe	占位描述游戏中不显示!
/Game/Data/ExportDialogues/Ck/Ck_TBDS/Ck42BeiEr/DT_DialogueInfo_Ck_TBDS_Ck42BeiEr	DT_DialogueInfo_Ck_TBDS_Ck42BeiEr_InteractionDescribe_DialogueText	InteractionDescribe	占位描述游戏中不显示!
/Game/Data/ExportDialogues/Ck/Ck_TBDS/Ck42Dong/DT_DialogueInfo_Ck_TBDS_Ck42Dong	DT_DialogueInfo_Ck_TBDS_Ck42Dong_InteractionDescribe_DialogueText	InteractionDescribe	占位描述游戏中不显示!
/Game/Data/ExportDialogues/Ck/Ck_TBDS/Cs259Bei/DT_DialogueInfo_Ck_TBDS_Cs259Bei	DT_DialogueInfo_Ck_TBDS_Cs259Bei_InteractionDescribe_DialogueText	InteractionDescribe	占位描述游戏中不显示!
/Game/Data/ExportDialogues/Ck/Ck_TBDS/Cs259BeiEr/DT_DialogueInfo_Ck_TBDS_Cs259BeiEr	DT_DialogueInfo_Ck_TBDS_Cs259BeiEr_InteractionDescribe_DialogueText	InteractionDescribe	占位描述游戏中不显示!
/Game/Data/ExportDialogues/Ck/Ck_TBDS/Cs276Nan/DT_DialogueInfo_Ck_TBDS_Cs276Nan	DT_DialogueInfo_Ck_TBDS_Cs276Nan_InteractionDescribe_DialogueText	InteractionDescribe	占位描述游戏中不显示!
/Game/Data/ExportDialogues/Ck/Ck_TBDS/Cs276NanEr/DT_DialogueInfo_Ck_TBDS_Cs276NanEr	DT_DialogueInfo_Ck_TBDS_Cs276NanEr_InteractionDescribe_DialogueText	InteractionDescribe	占位描述游戏中不显示!
/Game/Data/ExportDialogues/Ck/Ck_TBDS/Cs276NanSan/DT_DialogueInfo_Ck_TBDS_Cs276NanSan	DT_DialogueInfo_Ck_TBDS_Cs276NanSan_InteractionDescribe_DialogueText	InteractionDescribe	占位描述游戏中不显示!
/Game/Data/ExportDialogues/Ck/Ck_TBDS/Cs276Pang/DT_DialogueInfo_Ck_TBDS_Cs276Pang	DT_DialogueInfo_Ck_TBDS_Cs276Pang_InteractionDescribe_DialogueText	InteractionDescribe	占位描述游戏中不显示!
/Game/Data/ExportDialogues/Ck/Ck_XSP/Cs40Pang/DT_DialogueInfo_Ck_XSP_Cs40Pang	DT_DialogueInfo_Ck_XSP_Cs40Pang_InteractionDescribe_DialogueText	InteractionDescribe	占位描述游戏中不显示!
/Game/Data/ExportDialogues/Ck/Ck_YLXXQ/Ck40/DT_DialogueInfo_Ck_YLXXQ_Ck40	DT_DialogueInfo_Ck_YLXXQ_Ck40_InteractionDescribe_DialogueText	InteractionDescribe	占位描述游戏中不显示!
/Game/Data/ExportDialogues/Ck/Ck_YLXXQ/Ck40Er/DT_DialogueInfo_Ck_YLXXQ_Ck40Er	DT_DialogueInfo_Ck_YLXXQ_Ck40Er_InteractionDescribe_DialogueText	InteractionDescribe	占位描述游戏中不显示!
/Game/Data/ExportDialogues/Ck/Ck_YLXXQ/Ck40San/DT_DialogueInfo_Ck_YLXXQ_Ck40San	DT_DialogueInfo_Ck_YLXXQ_Ck40San_InteractionDescribe_DialogueText	InteractionDescribe	占位描述游戏中不显示!
/Game/Data/ExportDialogues/Ck/Ck_YLXXQ/Ck40ShangFang/DT_DialogueInfo_Ck_YLXXQ_Ck40ShangFang	DT_DialogueInfo_Ck_YLXXQ_Ck40ShangFang_InteractionDescribe_DialogueText	InteractionDescribe	占位描述游戏中不显示!
/Game/Data/ExportDialogues/Ck/Ck_YLXXQ/Cs245Pang/DT_DialogueInfo_Ck_YLXXQ_Cs245Pang	DT_DialogueInfo_Ck_YLXXQ_Cs245Pang_InteractionDescribe_DialogueText	InteractionDescribe	占位描述游戏中不显示!
/Game/Data/ExportDialogues/Ck/Ck_YLZZYWNPC/Ck109XinZeng/DT_DialogueInfo_Ck_YLZZYWNPC_Ck109XinZeng	DT_DialogueInfo_Ck_YLZZYWNPC_Ck109XinZeng_InteractionDescribe_DialogueText	InteractionDescribe	占位描述游戏中不显示!
/Game/Data/ExportDialogues/Ck/Ck_YLZZYWNPC/Ck13CeQiPao/DT_DialogueInfo_CK_YLZZYWNPC_Ck13CeQiPao	DT_DialogueInfo_CK_YLZZYWNPC_Ck13CeQiPao_InteractionDescribe_DialogueText	InteractionDescribe	占位描述游戏中不显示!
/Game/Data/ExportDialogues/Ck/Ck_YLZZYWNPC/Ck15ChongYunYiRen/DT_DialogueInfo_CK_YLZZYWNPC_Ck15ChongYunYiRen	DT_DialogueInfo_CK_YLZZYWNPC_Ck15ChongYunYiRen_InteractionDescribe_DialogueText	InteractionDescribe	占位描述游戏中不显示!
/Game/Data/ExportDialogues/Ck/Ck_YLZZYWNPC/Ck78CeQiPao/DT_DialogueInfo_CK_YLZZYWNPC_Ck78CeQiPao	DT_DialogueInfo_CK_YLZZYWNPC_Ck78CeQiPao_InteractionDescribe_DialogueText	InteractionDescribe	占位描述游戏中不显示!
/Game/Data/ExportDialogues/Ck/Ck_YLZZYWNPC/Ck84CeDuiHua/DT_DialogueInfo_CK_YLZZYWNPC_Ck84CeDuiHua	DT_DialogueInfo_Ck_YLZZYWNPC_Ck84CeDuiHua_InteractionDescribe_DialogueText	InteractionDescribe	占位描述游戏中不显示!
/Game/Data/ExportDialogues/Ck/Ck_YLZZYWNPC/Cl08QiaoDuiHua/DT_DialogueInfo_CK_YLZZYWNPC_Cl08QiaoDuiHua	DT_DialogueInfo_CK_YLZZYWNPC_Cl08QiaoDuiHua_InteractionDescribe_DialogueText	InteractionDescribe	占位描述游戏中不显示!
/Game/Data/ExportDialogues/Ck/Ck_YLZZYWNPC/Cs145CeQiPao/DT_DialogueInfo_CK_YLZZYWNPC_Cs145CeQiPao	DT_DialogueInfo_CK_YLZZYWNPC_Cs145CeQiPao_InteractionDescribe_DialogueText	InteractionDescribe	占位描述游戏中不显示!
/Game/Data/ExportDialogues/Ck/Ck_YLZZYWNPC/Cs24CeDuiHua/DT_DialogueInfo_CK_YLZZYWNPC_Cs24CeDuiHua	DT_DialogueInfo_CK_YLZZYWNPC_Cs24CeDuiHua_InteractionDescribe_DialogueText	InteractionDescribe	占位描述游戏中不显示!
/Game/Data/ExportDialogues/Ck/Ck_YLZZYWNPC/Cs90CeDuiHua/DT_DialogueInfo_CK_YLZZYWNPC_Cs90CeDuiHua	DT_DialogueInfo_CK_YLZZYWNPC_Cs90CeDuiHua_InteractionDescribe_DialogueText	InteractionDescribe	占位描述游戏中不显示!
/Game/Data/ExportDialogues/Ck/Ck_YXZLZB/Ck130NanCe/DT_DialogueInfo_Ck_YXZLZB_Ck130NanCe	DT_DialogueInfo_Ck_YXZLZB_Ck130NanCe_InteractionDescribe_DialogueText	InteractionDescribe	占位描述游戏中不显示!
/Game/Data/ExportDialogues/Ck/Ck_YXZLZB/Ck205DanRen/DT_DialogueInfo_Ck_YXZLZB_Ck205DanRen	DT_DialogueInfo_Ck_YXZLZB_Ck205DanRen_InteractionDescribe_DialogueText	InteractionDescribe	占位描述游戏中不显示!
/Game/Data/ExportDialogues/Ck/Ck_YXZLZB/Ck206KanShu/DT_DialogueInfo_Ck_YXZLZB_Ck206KanShu	DT_DialogueInfo_Ck_YXZLZB_Ck206KanShu_InteractionDescribe_DialogueText	InteractionDescribe	占位描述游戏中不显示!
/Game/Data/ExportDialogues/Ck/Ck_YXZLZB/Ck208KaoHe/DT_DialogueInfo_Ck_YXZLZB_Ck208KaoHe	DT_DialogueInfo_Ck_YXZLZB_Ck208KaoHe_InteractionDescribe_DialogueText	InteractionDescribe	占位描述游戏中不显示!
/Game/Data/ExportDialogues/CQu/CQu_C103WMDSXGG/WenDaHuanJie/DT_DialogueInfo_CQu_C103WMDSXGG_WenDaHuanJie	DT_DialogueInfo_CQu_C103WMDSXGG_WenDaHuanJie_InteractionDescribe_DialogueText	InteractionDescribe	占位描述游戏中不显示!
/Game/Data/ExportDialogues/CQu/CQu_C11/Di20Duan/DT_DialogueInfo_CQu_C11_Di20Duan	DT_DialogueInfo_CQu_C11_Di20Duan_InteractionDescribe_DialogueText	InteractionDescribe	占位描述游戏中不显示!
/Game/Data/ExportDialogues/CQu/CQu_C127GQJS/Di13DuanXianHua/DT_DialogueInfo_CQu_C127GQJS_Di13DuanXianHua	DT_DialogueInfo_CQu_C127GQJS_Di13DuanXianHua_InteractionDescribe_DialogueText	InteractionDescribe	占位描述游戏中不显示!
/Game/Data/ExportDialogues/CQu/CQu_C127GQJS/Di17DuanXianHua/DT_DialogueInfo_CQu_C127GQJS_Di17DuanXianHua	DT_DialogueInfo_CQu_C127GQJS_Di17DuanXianHua_InteractionDescribe_DialogueText	InteractionDescribe	占位描述游戏中不显示!
/Game/Data/ExportDialogues/CQu/CQu_C147/ShangLiangDuiCe/DT_DialogueInfo_CQu_C147_ShangLiangDuiCe	DT_DialogueInfo_CQu_C147_ShangLiangDuiCe_InteractionDescribe_DialogueText	InteractionDescribe	占位描述游戏中不显示!
/Game/Data/ExportDialogues/CQu/CQu_C148GQJZ/Di12DuanFuJia/DT_DialogueInfo_CQu_C148GQJZ_Di12DuanFuJia	DT_DialogueInfo_CQu_C148GQJZ_Di12DuanFuJia_InteractionDescribe_DialogueText	InteractionDescribe	占位描述游戏中不显示!
/Game/Data/ExportDialogues/CQu/CQu_C148GQJZ/ZiMu10/DT_DialogueInfo_CQu_C148GQJZ_ZiMu10	DT_DialogueInfo_CQu_C148GQJZ_ZiMu10_InteractionDescribe_DialogueText	InteractionDescribe	占位描述游戏中不显示!
/Game/Data/ExportDialogues/CQu/CQu_C17/JieJuDanXuan/DT_DialogueInfo_CQu_C17_JieJuDanXuan	DT_DialogueInfo_CQu_C17_JieJuDanXuan_InteractionDescribe_DialogueText	InteractionDescribe	占位描述游戏中不显示!
/Game/Data/ExportDialogues/CQu/CQu_C17/JieShuDuiHua/DT_DialogueInfo_CQu_C17_JieShuDuiHua	DT_DialogueInfo_CQu_C17_JieShuDuiHua_InteractionDescribe_DialogueText	InteractionDescribe	占位描述游戏中不显示!
/Game/Data/ExportDialogues/CQu/CQu_C19/Di1Duan/DT_DialogueInfo_CQu_C19_Di1Duan	DT_DialogueInfo_CQu_C19_Di1Duan_InteractionDescribe_DialogueText	InteractionDescribe	占位描述游戏中不显示!
/Game/Data/ExportDialogues/CQu/CQu_C19/Di33Duan/DT_DialogueInfo_CQu_C19_Di33Duan	DT_DialogueInfo_CQu_C19_Di33Duan_InteractionDescribe_DialogueText	InteractionDescribe	占位描述游戏中不显示!
/Game/Data/ExportDialogues/CQu/CQu_C19/Di38Duan/DT_DialogueInfo_CQu_C19_Di38Duan	DT_DialogueInfo_CQu_C19_Di38Duan_InteractionDescribe_DialogueText	InteractionDescribe	占位描述游戏中不显示!
/Game/Data/ExportDialogues/CQu/CQu_C19/QianZhi/DT_DialogueInfo_CQu_C19_QianZhi	DT_DialogueInfo_CQu_C19_QianZhi_InteractionDescribe_DialogueText	InteractionDescribe	占位描述游戏中不显示!
/Game/Data/ExportDialogues/CQu/CQu_C1/Di1Duan/DT_DialogueInfo_CQu_C1_Di1Duan	DT_DialogueInfo_CQu_C1_Di1Duan_InteractionDescribe_DialogueText	InteractionDescribe	占位描述游戏中不显示!
/Game/Data/ExportDialogues/CQu/CQu_C1/Di21DuanXianHua/DT_DialogueInfo_CQu_C1_Di21DuanXianHua	DT_DialogueInfo_CQu_C1_Di21DuanXianHua_InteractionDescribe_DialogueText	InteractionDescribe	占位描述游戏中不显示!
/Game/Data/ExportDialogues/CQu/CQu_C24/Di10Duan/DT_DialogueInfo_CQu_C24_Di10Duan	DT_DialogueInfo_CQu_C24_Di10Duan_InteractionDescribe_DialogueText	InteractionDescribe	占位描述游戏中不显示!
/Game/Data/ExportDialogues/CQu/CQu_C24/Di6Duan/DT_DialogueInfo_CQu_C24_Di6Duan	DT_DialogueInfo_CQu_C24_Di6Duan_InteractionDescribe_DialogueText	InteractionDescribe	占位描述游戏中不显示!
/Game/Data/ExportDialogues/CQu/CQu_C24/Di7Duan/DT_DialogueInfo_CQu_C24_Di7Duan	DT_DialogueInfo_CQu_C24_Di7Duan_InteractionDescribe_DialogueText	InteractionDescribe	占位描述游戏中不显示!
/Game/Data/ExportDialogues/CQu/CQu_C26/Di4Duan/DT_DialogueInfo_CQu_C26_Di4Duan	DT_DialogueInfo_CQu_C26_Di4Duan_InteractionDescribe_DialogueText	InteractionDescribe	占位描述游戏中不显示!
/Game/Data/ExportDialogues/CQu/CQu_C53ZZZWYZJZX3/Di11Duan/DT_DialogueInfo_CQu_C53ZZZWYZJZX3_Di11Duan	DT_DialogueInfo_CQu_C53ZZZWYZJZX3_Di11Duan_InteractionDescribe_DialogueText	InteractionDescribe	占位描述游戏中不显示!
/Game/Data/ExportDialogues/CQu/CQu_C53ZZZWYZJZX3/Di14Duan/DT_DialogueInfo_CQu_C53ZZZWYZJZX3_Di14Duan	DT_DialogueInfo_CQu_C53ZZZWYZJZX3_Di14Duan_InteractionDescribe_DialogueText	InteractionDescribe	占位描述游戏中不显示!
/Game/Data/ExportDialogues/CQu/CQu_C56MYDKZ/Di15Duan/DT_DialogueInfo_CQu_C56MYDKZ_Di15Duan	DT_DialogueInfo_CQu_C56MYDKZ_Di15Duan_InteractionDescribe_DialogueText	InteractionDescribe	占位描述游戏中不显示!
/Game/Data/ExportDialogues/CQu/CQu_C56MYDKZ/Di1Duan/DT_DialogueInfo_CQu_C56MYDKZ_Di1Duan	DT_DialogueInfo_CQu_C56MYDKZ_Di1Duan_InteractionDescribe_DialogueText	InteractionDescribe	占位描述游戏中不显示!
/Game/Data/ExportDialogues/CQu/CQu_C62/Di25Duan/DT_DialogueInfo_CQu_C62_Di25Duan	DT_DialogueInfo_CQu_C62_Di25Duan_InteractionDescribe_DialogueText	InteractionDescribe	占位描述游戏中不显示!
/Game/Data/ExportDialogues/CQu/CQu_C69/Di701DuanNew/DT_DialogueInfo_CQu_C69_Di701DuanNew	DT_DialogueInfo_CQu_C69_Di701DuanNew_InteractionDescribe_DialogueText	InteractionDescribe	占位描述游戏中不显示!
/Game/Data/ExportDialogues/CQu/CQu_C73/JingTouDuiHua1/DT_DialogueInfo_CQu_C73_JingTouDuiHua1	DT_DialogueInfo_CQu_C73_JingTouDuiHua1_InteractionDescribe_DialogueText	InteractionDescribe	占位描述游戏中不显示!
/Game/Data/ExportDialogues/CQu/CQu_C81JYYDRW1/DaJiaoHuWuZiYanZiYu/DT_DialogueInfo_CQu_C81JYYDRW1_DaJiaoHuWuZiYanZiYu	DT_DialogueInfo_CQu_C81JYYDRW1_DaJiaoHuWuZiYanZiYu_InteractionDescribe_DialogueText	InteractionDescribe	占位描述游戏中不显示!
/Game/Data/ExportDialogues/CQu/CQu_C81JYYDRW1/DongFangYao/DT_DialogueInfo_CQu_C81JYYDRW1_DongFangYao	DT_DialogueInfo_CQu_C81JYYDRW1_DongFangYao_InteractionDescribe_DialogueText	InteractionDescribe	占位描述游戏中不显示!
/Game/Data/ExportDialogues/CQu/CQu_C81JYYDRW1/JieShuQianZhanZhuang/DT_DialogueInfo_CQu_C81JYYDRW1_JieShuQianZhanZhuang	DT_DialogueInfo_CQu_C81JYYDRW1_JieShuQianZhanZhuang_InteractionDescribe_DialogueText	InteractionDescribe	占位描述游戏中不显示!
/Game/Data/ExportDialogues/CQu/CQu_C81JYYDRW1/JieShuXu/DT_DialogueInfo_CQu_C81JYYDRW1_JieShuXu	DT_DialogueInfo_CQu_C81JYYDRW1_JieShuXu_InteractionDescribe_DialogueText	InteractionDescribe	占位描述游戏中不显示!
/Game/Data/ExportDialogues/CQu/CQu_C81JYYDRW1/KaiMen/DT_DialogueInfo_CQu_C81JYYDRW1_KaiMen	DT_DialogueInfo_CQu_C81JYYDRW1_KaiMen_InteractionDescribe_DialogueText	InteractionDescribe	占位描述游戏中不显示!
/Game/Data/ExportDialogues/CQu/CQu_C81JYYDRW1/KongJingTou/DT_DialogueInfo_CQu_C81JYYDRW1_KongJingTou	DT_DialogueInfo_CQu_C81JYYDRW1_KongJingTou_InteractionDescribe_DialogueText	InteractionDescribe	占位描述游戏中不显示!
/Game/Data/ExportDialogues/CQu/CQu_C81JYYDRW1/YaoJinMenHou/DT_DialogueInfo_CQu_C81JYYDRW1_YaoJinMenHou	DT_DialogueInfo_CQu_C81JYYDRW1_YaoJinMenHou_InteractionDescribe_DialogueText	InteractionDescribe	占位描述游戏中不显示!
/Game/Data/ExportDialogues/CQu/CQu_C81JYYDRW1/ZhuJueJinMenXiaWei/DT_DialogueInfo_CQu_C81JYYDRW1_ZhuJueJinMenXiaWei	DT_DialogueInfo_CQu_C81JYYDRW1_ZhuJueJinMenXiaWei_InteractionDescribe_DialogueText	InteractionDescribe	占位描述游戏中不显示!
/Game/Data/ExportDialogues/CQu/CQu_GOHOMEJYBJ/801/DT_DialogueInfo_CQu_GOHOMEJYBJ_801	DT_DialogueInfo_CQu_GOHOMEJYBJ_801_InteractionDescribe_DialogueText	InteractionDescribe	占位描述游戏中不显示!
/Game/Data/ExportDialogues/CQu/CQu_GOHOMEJYBJ/801XianZhi/DT_DialogueInfo_CQu_GOHOMEJYBJ_801XianZhi	DT_DialogueInfo_CQu_GOHOMEJYBJ_801XianZhi_InteractionDescribe_DialogueText	InteractionDescribe	占位描述游戏中不显示!
/Game/Data/ExportDialogues/CQu/CQu_GOHOMEJYBJ/802/DT_DialogueInfo_CQu_GOHOMEJYBJ_802	DT_DialogueInfo_CQu_GOHOMEJYBJ_802_InteractionDescribe_DialogueText	InteractionDescribe	占位描述游戏中不显示!
/Game/Data/ExportDialogues/CQu/CQu_GOHOMEJYBJ/802C/DT_DialogueInfo_CQu_GOHOMEJYBJ_802C	DT_DialogueInfo_CQu_GOHOMEJYBJ_802C_InteractionDescribe_DialogueText	InteractionDescribe	占位描述游戏中不显示!
/Game/Data/ExportDialogues/CQu/CQu_GOHOMEJYBJ/804/DT_DialogueInfo_CQu_GOHOMEJYBJ_804	DT_DialogueInfo_CQu_GOHOMEJYBJ_804_InteractionDescribe_DialogueText	InteractionDescribe	占位描述游戏中不显示!
/Game/Data/ExportDialogues/CQu/CQu_GOHOMEJYBJ/804XianZhi/DT_DialogueInfo_CQu_GOHOMEJYBJ_804XianZhi	DT_DialogueInfo_CQu_GOHOMEJYBJ_804XianZhi_InteractionDescribe_DialogueText	InteractionDescribe	占位描述游戏中不显示!
/Game/Data/ExportDialogues/CQu/CQu_GOHOMEJYBJ/806/DT_DialogueInfo_CQu_GOHOMEJYBJ_806	DT_DialogueInfo_CQu_GOHOMEJYBJ_806_InteractionDescribe_DialogueText	InteractionDescribe	占位描述游戏中不显示!
/Game/Data/ExportDialogues/CQu/CQu_GOHOMEJYBJ/806XianZhi/DT_DialogueInfo_CQu_GOHOMEJYBJ_806XianZhi	DT_DialogueInfo_CQu_GOHOMEJYBJ_806XianZhi_InteractionDescribe_DialogueText	InteractionDescribe	占位描述游戏中不显示!
/Game/Data/ExportDialogues/CQu/CQu_GOHOMEJYBJ/807/DT_DialogueInfo_CQu_GOHOMEJYBJ_807	DT_DialogueInfo_CQu_GOHOMEJYBJ_807_InteractionDescribe_DialogueText	InteractionDescribe	占位描述游戏中不显示!
/Game/Data/ExportDialogues/CQu/CQu_GOHOMEJYESEJ/QiZaiJiaoNiZou/DT_DialogueInfo_CQu_GOHOMEJYESEJ_QiZaiJiaoNiZou	DT_DialogueInfo_CQu_GOHOMEJYESEJ_QiZaiJiaoNiZou_InteractionDescribe_DialogueText	InteractionDescribe	占位描述游戏中不显示!
/Game/Data/ExportDialogues/CQu/CQu_GOHOMEJYESEJ/XingZhiDuiJingTouDuiHua/DT_DialogueInfo_CQu_GOHOMEJYESEJ_XingZhiDuiJingTouDuiHua	DT_DialogueInfo_CQu_GOHOMEJYESEJ_XingZhiDuiJingTouDuiHua_InteractionDescribe_DialogueText	InteractionDescribe	占位描述游戏中不显示!
/Game/Data/ExportDialogues/CQu/CQu_GOHOMEJYESEJ/YuQiZaiDuiHua1/DT_DialogueInfo_CQu_GOHOMEJYESEJ_YuQiZaiDuiHua1	DT_DialogueInfo_CQu_GOHOMEJYESEJ_YuQiZaiDuiHua1_InteractionDescribe_DialogueText	InteractionDescribe	占位描述游戏中不显示!
/Game/Data/ExportDialogues/CQu/CQu_GOHOMEJYESEJ/YuQiZaiZaiJiaoTan/DT_DialogueInfo_CQu_GOHOMEJYESEJ_YuQiZaiZaiJiaoTan	DT_DialogueInfo_CQu_GOHOMEJYESEJ_YuQiZaiZaiJiaoTan_InteractionDescribe_DialogueText	InteractionDescribe	占位描述游戏中不显示!
/Game/Data/ExportDialogues/CQu/CQu_GOHOMEJYESJ/WeiZhongYuMiXianZhiDuiHua/DT_DialogueInfo_CQu_GOHOMEJYESJ_WeiZhongYuMiXianZhiDuiHua	DT_DialogueInfo_CQu_GOHOMEJYESJ_WeiZhongYuMiXianZhiDuiHua_InteractionDescribe_DialogueText	InteractionDescribe	占位描述游戏中不显示!
/Game/Data/ExportDialogues/CQu/CQu_GOHOMEJYESJ/WeiZhuanGouXianZhiDuiHua/DT_DialogueInfo_CQu_GOHOMEJYESJ_WeiZhuanGouXianZhiDuiHua	DT_DialogueInfo_CQu_GOHOMEJYESJ_WeiZhuanGouXianZhiDuiHua_InteractionDescribe_DialogueText	InteractionDescribe	占位描述游戏中不显示!
/Game/Data/ExportDialogues/CQu/CQu_GOHOMEJYESJ/YuQiZaiJiaoTan1/DT_DialogueInfo_CQu_GOHOMEJYESJ_YuQiZaiJiaoTan1	DT_DialogueInfo_CQu_GOHOMEJYESJ_YuQiZaiJiaoTan1_InteractionDescribe_DialogueText	InteractionDescribe	占位描述游戏中不显示!
/Game/Data/ExportDialogues/CQu/CQu_GOHOMEJYESJ/YuQiZaiJiaoTan2/DT_DialogueInfo_CQu_GOHOMEJYESJ_YuQiZaiJiaoTan2	DT_DialogueInfo_CQu_GOHOMEJYESJ_YuQiZaiJiaoTan2_InteractionDescribe_DialogueText	InteractionDescribe	占位描述游戏中不显示!
/Game/Data/ExportDialogues/CQu/CQu_GOHOMEJYESLJ/ChuShouXianZhiDuiHua/DT_DialogueInfo_CQu_GOHOMEJYESLJ_ChuShouXianZhiDuiHua	DT_DialogueInfo_CQu_GOHOMEJYESLJ_ChuShouXianZhiDuiHua_InteractionDescribe_DialogueText	InteractionDescribe	占位描述游戏中不显示!
/Game/Data/ExportDialogues/CQu/CQu_GOHOMEJYESLJ/DiErLanWeiDuiHua/DT_DialogueInfo_CQu_GOHOMEJYESLJ_DiErLanWeiDuiHua	DT_DialogueInfo_CQu_GOHOMEJYESLJ_DiErLanWeiDuiHua_InteractionDescribe_DialogueText	InteractionDescribe	占位描述游戏中不显示!
/Game/Data/ExportDialogues/CQu/CQu_GOHOMEJYESLJ/DiErLanWeiXianZhiDuiHua/DT_DialogueInfo_CQu_GOHOMEJYESLJ_DiErLanWeiXianZhiDuiHua	DT_DialogueInfo_CQu_GOHOMEJYESLJ_DiErLanWeiXianZhiDuiHua_InteractionDescribe_DialogueText	InteractionDescribe	占位描述游戏中不显示!
/Game/Data/ExportDialogues/CQu/CQu_GOHOMEJYESLJ/DongWuTanShengJiDuiHua/DT_DialogueInfo_CQu_GOHOMEJYESLJ_DongWuTanShengJiDuiHua	DT_DialogueInfo_CQu_GOHOMEJYESLJ_DongWuTanShengJiDuiHua_InteractionDescribe_DialogueText	InteractionDescribe	占位描述游戏中不显示!
/Game/Data/ExportDialogues/CQu/CQu_GOHOMEJYESLJ/JiaSiLiaoXianZhiDuiHua/DT_DialogueInfo_CQu_GOHOMEJYESLJ_JiaSiLiaoXianZhiDuiHua	DT_DialogueInfo_CQu_GOHOMEJYESLJ_JiaSiLiaoXianZhiDuiHua_InteractionDescribe_DialogueText	InteractionDescribe	占位描述游戏中不显示!
/Game/Data/ExportDialogues/CQu/CQu_GOHOMEJYESLJ/ShengJiXianZhiDuiHua/DT_DialogueInfo_CQu_GOHOMEJYESLJ_ShengJiXianZhiDuiHua	DT_DialogueInfo_CQu_GOHOMEJYESLJ_ShengJiXianZhiDuiHua_InteractionDescribe_DialogueText	InteractionDescribe	占位描述游戏中不显示!
/Game/Data/ExportDialogues/CQu/CQu_GOHOMEJYESLJ/YangZhiDongWuXianZhiDuiHua/DT_DialogueInfo_CQu_GOHOMEJYESLJ_YangZhiDongWuXianZhiDuiHua	DT_DialogueInfo_CQu_GOHOMEJYESLJ_YangZhiDongWuXianZhiDuiHua_InteractionDescribe_DialogueText	InteractionDescribe	占位描述游戏中不显示!
/Game/Data/ExportDialogues/CQu/CQu_GOHOMEJYESLJ/ZuiHouDuiHua/DT_DialogueInfo_CQu_GOHOMEJYESLJ_ZuiHouDuiHua	DT_DialogueInfo_CQu_GOHOMEJYESLJ_ZuiHouDuiHua_InteractionDescribe_DialogueText	InteractionDescribe	占位描述游戏中不显示!
/Game/Data/ExportDialogues/CQu/CQu_GOHOMEJYESWJ/DongWuPuChuShouDuiHua/DT_DialogueInfo_CQu_GOHOMEJYESWJ_DongWuPuChuShouDuiHua	DT_DialogueInfo_CQu_GOHOMEJYESWJ_DongWuPuChuShouDuiHua_InteractionDescribe_DialogueText	InteractionDescribe	占位描述游戏中不显示!
/Game/Data/ExportDialogues/CQu/CQu_GOHOMEJYESWJ/DongWuPuXianZhiDuiHua/DT_DialogueInfo_CQu_GOHOMEJYESWJ_DongWuPuXianZhiDuiHua	DT_DialogueInfo_CQu_GOHOMEJYESWJ_DongWuPuXianZhiDuiHua_InteractionDescribe_DialogueText	InteractionDescribe	占位描述游戏中不显示!
/Game/Data/ExportDialogues/CQu/CQu_GOHOMEJYESWJ/DuiHuaMuChangXianZhiDuiHua/DT_DialogueInfo_CQu_GOHOMEJYESWJ_DuiHuaMuChangXianZhiDuiHua	DT_DialogueInfo_CQu_GOHOMEJYESWJ_DuiHuaMuChangXianZhiDuiHua_InteractionDescribe_DialogueText	InteractionDescribe	占位描述游戏中不显示!
/Game/Data/ExportDialogues/CQu/CQu_GOHOMEJYESWJ/FangSiLiaoXianZhiDuiHua/DT_DialogueInfo_CQu_GOHOMEJYESWJ_FangSiLiaoXianZhiDuiHua	DT_DialogueInfo_CQu_GOHOMEJYESWJ_FangSiLiaoXianZhiDuiHua_InteractionDescribe_DialogueText	InteractionDescribe	占位描述游戏中不显示!
/Game/Data/ExportDialogues/CQu/CQu_GOHOMEJYESWJ/MuChangPaiXianZhiDuiHua/DT_DialogueInfo_CQu_GOHOMEJYESWJ_MuChangPaiXianZhiDuiHua	DT_DialogueInfo_CQu_GOHOMEJYESWJ_MuChangPaiXianZhiDuiHua_InteractionDescribe_DialogueText	InteractionDescribe	占位描述游戏中不显示!
/Game/Data/ExportDialogues/CQu/CQu_GOHOMEJYESWJ/QiZaiDuiHuaMuChang/DT_DialogueInfo_CQu_GOHOMEJYESWJ_QiZaiDuiHuaMuChang	DT_DialogueInfo_CQu_GOHOMEJYESWJ_QiZaiDuiHuaMuChang_InteractionDescribe_DialogueText	InteractionDescribe	占位描述游戏中不显示!
/Game/Data/ExportDialogues/CQu/CQu_GOHOMEJYESWJ/QiZaiZhaoHu/DT_DialogueInfo_CQu_GOHOMEJYESWJ_QiZaiZhaoHu	DT_DialogueInfo_CQu_GOHOMEJYESWJ_QiZaiZhaoHu_InteractionDescribe_DialogueText	InteractionDescribe	占位描述游戏中不显示!
/Game/Data/ExportDialogues/CQu/CQu_GOHOMEJYESWJ/ShengJiQiZaiDuiHua/DT_DialogueInfo_CQu_GOHOMEJYESWJ_ShengJiQiZaiDuiHua	DT_DialogueInfo_CQu_GOHOMEJYESWJ_ShengJiQiZaiDuiHua_InteractionDescribe_DialogueText	InteractionDescribe	占位描述游戏中不显示!
/Game/Data/ExportDialogues/CQu/CQu_GOHOMEJYESWJ/YangDongWuXianZhiDuiHua/DT_DialogueInfo_CQu_GOHOMEJYESWJ_YangDongWuXianZhiDuiHua	DT_DialogueInfo_CQu_GOHOMEJYESWJ_YangDongWuXianZhiDuiHua_InteractionDescribe_DialogueText	InteractionDescribe	占位描述游戏中不显示!
/Game/Data/ExportDialogues/CQu/CQu_GOHOMEJYESYJ/WeiHuanCaiGaoXianZhiDuiHua/DT_DialogueInfo_CQu_GOHOMEJYESYJ_WeiHuanCaiGaoXianZhiDuiHua	DT_DialogueInfo_CQu_GOHOMEJYESYJ_WeiHuanCaiGaoXianZhiDuiHua_InteractionDescribe_DialogueText	InteractionDescribe	占位描述游戏中不显示!
/Game/Data/ExportDialogues/CQu/CQu_GOHOMEJYESYJ/WeiZhongHuaXianZhiDuiHua/DT_DialogueInfo_CQu_GOHOMEJYESYJ_WeiZhongHuaXianZhiDuiHua	DT_DialogueInfo_CQu_GOHOMEJYESYJ_WeiZhongHuaXianZhiDuiHua_InteractionDescribe_DialogueText	InteractionDescribe	占位描述游戏中不显示!
/Game/Data/ExportDialogues/CQu/CQu_GOHOMEJYESYJ/YuQiZaiJiaoTan1/DT_DialogueInfo_CQu_GOHOMEJYESYJ_YuQiZaiJiaoTan1	DT_DialogueInfo_CQu_GOHOMEJYESYJ_YuQiZaiJiaoTan1_InteractionDescribe_DialogueText	InteractionDescribe	占位描述游戏中不显示!
/Game/Data/ExportDialogues/CQu/CQu_GOHOMEJYESYJ/YuQiZaiJiaoTan2/DT_DialogueInfo_CQu_GOHOMEJYESYJ_YuQiZaiJiaoTan2	DT_DialogueInfo_CQu_GOHOMEJYESYJ_YuQiZaiJiaoTan2_InteractionDescribe_DialogueText	InteractionDescribe	占位描述游戏中不显示!
/Game/Data/ExportDialogues/CQu/CQu_GOHOMEJYJJ/902/DT_DialogueInfo_CQu_GOHOMEJYJJ_902	DT_DialogueInfo_CQu_GOHOMEJYJJ_902_InteractionDescribe_DialogueText	InteractionDescribe	占位描述游戏中不显示!
/Game/Data/ExportDialogues/CQu/CQu_GOHOMEJYJJ/903/DT_DialogueInfo_CQu_GOHOMEJYJJ_903	DT_DialogueInfo_CQu_GOHOMEJYJJ_903_InteractionDescribe_DialogueText	InteractionDescribe	占位描述游戏中不显示!
/Game/Data/ExportDialogues/CQu/CQu_GOHOMEJYJJ/904/DT_DialogueInfo_CQu_GOHOMEJYJJ_904	DT_DialogueInfo_CQu_GOHOMEJYJJ_904_InteractionDescribe_DialogueText	InteractionDescribe	占位描述游戏中不显示!
/Game/Data/ExportDialogues/CQu/CQu_GOHOMEJYJJ/906/DT_DialogueInfo_CQu_GOHOMEJYJJ_906	DT_DialogueInfo_CQu_GOHOMEJYJJ_906_InteractionDescribe_DialogueText	InteractionDescribe	占位描述游戏中不显示!
/Game/Data/ExportDialogues/CQu/CQu_GOHOMEJYJJ/906XianZhi/DT_DialogueInfo_CQu_GOHOMEJYJJ_906XianZhi	DT_DialogueInfo_CQu_GOHOMEJYJJ_906XianZhi_InteractionDescribe_DialogueText	InteractionDescribe	占位描述游戏中不显示!
/Game/Data/ExportDialogues/CQu/CQu_GOHOMEJYLJ/601/DT_DialogueInfo_CQu_GOHOMEJYLJ_601	DT_DialogueInfo_CQu_GOHOMEJYLJ_601_InteractionDescribe_DialogueText	InteractionDescribe	占位描述游戏中不显示!
/Game/Data/ExportDialogues/CQu/CQu_GOHOMEJYLJ/603/DT_DialogueInfo_CQu_GOHOMEJYLJ_603	DT_DialogueInfo_CQu_GOHOMEJYLJ_603_InteractionDescribe_DialogueText	InteractionDescribe	占位描述游戏中不显示!
/Game/Data/ExportDialogues/CQu/CQu_GOHOMEJYLJ/603C/DT_DialogueInfo_CQu_GOHOMEJYLJ_603C	DT_DialogueInfo_CQu_GOHOMEJYLJ_603C_InteractionDescribe_DialogueText	InteractionDescribe	占位描述游戏中不显示!
/Game/Data/ExportDialogues/CQu/CQu_GOHOMEJYLJ/605/DT_DialogueInfo_CQu_GOHOMEJYLJ_605	DT_DialogueInfo_CQu_GOHOMEJYLJ_605_InteractionDescribe_DialogueText	InteractionDescribe	占位描述游戏中不显示!
/Game/Data/ExportDialogues/CQu/CQu_GOHOMEJYLJ/605C/DT_DialogueInfo_CQu_GOHOMEJYLJ_605C	DT_DialogueInfo_CQu_GOHOMEJYLJ_605C_InteractionDescribe_DialogueText	InteractionDescribe	占位描述游戏中不显示!
/Game/Data/ExportDialogues/CQu/CQu_GOHOMEJYLJ/610/DT_DialogueInfo_CQu_GOHOMEJYLJ_610	DT_DialogueInfo_CQu_GOHOMEJYLJ_610_InteractionDescribe_DialogueText	InteractionDescribe	占位描述游戏中不显示!
/Game/Data/ExportDialogues/CQu/CQu_GOHOMEJYQJ/701/DT_DialogueInfo_CQu_GOHOMEJYQJ_701	DT_DialogueInfo_CQu_GOHOMEJYQJ_701_InteractionDescribe_DialogueText	InteractionDescribe	占位描述游戏中不显示!
/Game/Data/ExportDialogues/CQu/CQu_GOHOMEJYQJ/701XianZhi/DT_DialogueInfo_CQu_GOHOMEJYQJ_701XianZhi	DT_DialogueInfo_CQu_GOHOMEJYQJ_701XianZhi_InteractionDescribe_DialogueText	InteractionDescribe	占位描述游戏中不显示!
/Game/Data/ExportDialogues/CQu/CQu_GOHOMEJYQJ/702/DT_DialogueInfo_CQu_GOHOMEJYQJ_702	DT_DialogueInfo_CQu_GOHOMEJYQJ_702_InteractionDescribe_DialogueText	InteractionDescribe	占位描述游戏中不显示!
/Game/Data/ExportDialogues/CQu/CQu_GOHOMEJYQJ/702XianZhi/DT_DialogueInfo_CQu_GOHOMEJYQJ_702XianZhi	DT_DialogueInfo_CQu_GOHOMEJYQJ_702XianZhi_InteractionDescribe_DialogueText	InteractionDescribe	占位描述游戏中不显示!
/Game/Data/ExportDialogues/CQu/CQu_GOHOMEJYQJ/704/DT_DialogueInfo_CQu_GOHOMEJYQJ_704	DT_DialogueInfo_CQu_GOHOMEJYQJ_704_InteractionDescribe_DialogueText	InteractionDescribe	占位描述游戏中不显示!
/Game/Data/ExportDialogues/CQu/CQu_GOHOMEJYQJ/705/DT_DialogueInfo_CQu_GOHOMEJYQJ_705	DT_DialogueInfo_CQu_GOHOMEJYQJ_705_InteractionDescribe_DialogueText	InteractionDescribe	占位描述游戏中不显示!
/Game/Data/ExportDialogues/CQu/CQu_GOHOMEJYQJ/706/DT_DialogueInfo_CQu_GOHOMEJYQJ_706	DT_DialogueInfo_CQu_GOHOMEJYQJ_706_InteractionDescribe_DialogueText	InteractionDescribe	占位描述游戏中不显示!
/Game/Data/ExportDialogues/CQu/CQu_GOHOMEJYSBJ/YuQiZaiDuiHua1/DT_DialogueInfo_CQu_GOHOMEJYSBJ_YuQiZaiDuiHua1	DT_DialogueInfo_CQu_GOHOMEJYSBJ_YuQiZaiDuiHua1_InteractionDescribe_DialogueText	InteractionDescribe	占位描述游戏中不显示!
/Game/Data/ExportDialogues/CQu/CQu_GOHOMEJYSBJ/YuQiZaiDuiHua2/DT_DialogueInfo_CQu_GOHOMEJYSBJ_YuQiZaiDuiHua2	DT_DialogueInfo_CQu_GOHOMEJYSBJ_YuQiZaiDuiHua2_InteractionDescribe_DialogueText	InteractionDescribe	占位描述游戏中不显示!
/Game/Data/ExportDialogues/CQu/CQu_GOHOMEJYSEJ/1201/DT_DialogueInfo_CQu_GOHOMEJYSEJ_1201	DT_DialogueInfo_CQu_GOHOMEJYSEJ_1201_InteractionDescribe_DialogueText	InteractionDescribe	占位描述游戏中不显示!
/Game/Data/ExportDialogues/CQu/CQu_GOHOMEJYSEJ/1201XianZhi/DT_DialogueInfo_CQu_GOHOMEJYSEJ_1201XianZhi	DT_DialogueInfo_CQu_GOHOMEJYSEJ_1201XianZhi_InteractionDescribe_DialogueText	InteractionDescribe	占位描述游戏中不显示!
/Game/Data/ExportDialogues/CQu/CQu_GOHOMEJYSEJ/1202XianZhi/DT_DialogueInfo_CQu_GOHOMEJYSEJ_1202XianZhi	DT_DialogueInfo_CQu_GOHOMEJYSEJ_1202XianZhi_InteractionDescribe_DialogueText	InteractionDescribe	占位描述游戏中不显示!
/Game/Data/ExportDialogues/CQu/CQu_GOHOMEJYSEJ/1204/DT_DialogueInfo_CQu_GOHOMEJYSEJ_1204	DT_DialogueInfo_CQu_GOHOMEJYSEJ_1204_InteractionDescribe_DialogueText	InteractionDescribe	占位描述游戏中不显示!
/Game/Data/ExportDialogues/CQu/CQu_GOHOMEJYSJ/1001/DT_DialogueInfo_CQu_GOHOMEJYSJ_1001	DT_DialogueInfo_CQu_GOHOMEJYSJ_1001_InteractionDescribe_DialogueText	InteractionDescribe	占位描述游戏中不显示!
/Game/Data/ExportDialogues/CQu/CQu_GOHOMEJYSJ/1001XianZhi/DT_DialogueInfo_CQu_GOHOMEJYSJ_1001XianZhi	DT_DialogueInfo_CQu_GOHOMEJYSJ_1001XianZhi_InteractionDescribe_DialogueText	InteractionDescribe	占位描述游戏中不显示!
/Game/Data/ExportDialogues/CQu/CQu_GOHOMEJYSJ/1004/DT_DialogueInfo_CQu_GOHOMEJYSJ_1004	DT_DialogueInfo_CQu_GOHOMEJYSJ_1004_InteractionDescribe_DialogueText	InteractionDescribe	占位描述游戏中不显示!
/Game/Data/ExportDialogues/CQu/CQu_GOHOMEJYSJ/1004XianZhi/DT_DialogueInfo_CQu_GOHOMEJYSJ_1004XianZhi	DT_DialogueInfo_CQu_GOHOMEJYSJ_1004XianZhi_InteractionDescribe_DialogueText	InteractionDescribe	占位描述游戏中不显示!
/Game/Data/ExportDialogues/CQu/CQu_GOHOMEJYSJ/1005/DT_DialogueInfo_CQu_GOHOMEJYSJ_1005	DT_DialogueInfo_CQu_GOHOMEJYSJ_1005_InteractionDescribe_DialogueText	InteractionDescribe	占位描述游戏中不显示!
/Game/Data/ExportDialogues/CQu/CQu_GOHOMEJYSJJ/YuQiZaiJiaoTan1/DT_DialogueInfo_CQu_GOHOMEJYSJJ_YuQiZaiJiaoTan1	DT_DialogueInfo_CQu_GOHOMEJYSJJ_YuQiZaiJiaoTan1_InteractionDescribe_DialogueText	InteractionDescribe	占位描述游戏中不显示!
/Game/Data/ExportDialogues/CQu/CQu_GOHOMEJYSJJ/YuQiZaiJiaoTan2/DT_DialogueInfo_CQu_GOHOMEJYSJJ_YuQiZaiJiaoTan2	DT_DialogueInfo_CQu_GOHOMEJYSJJ_YuQiZaiJiaoTan2_InteractionDescribe_DialogueText	InteractionDescribe	占位描述游戏中不显示!
/Game/Data/ExportDialogues/CQu/CQu_GOHOMEJYSLJ/MeiGuiXianZhiDuiHua/DT_DialogueInfo_CQu_GOHOMEJYSLJ_MeiGuiXianZhiDuiHua	DT_DialogueInfo_CQu_GOHOMEJYSLJ_MeiGuiXianZhiDuiHua_InteractionDescribe_DialogueText	InteractionDescribe	占位描述游戏中不显示!
/Game/Data/ExportDialogues/CQu/CQu_GOHOMEJYSLJ/WeiSheng/DT_DialogueInfo_CQu_GOHOMEJYSLJ_WeiSheng	DT_DialogueInfo_CQu_GOHOMEJYSLJ_WeiSheng_InteractionDescribe_DialogueText	InteractionDescribe	占位描述游戏中不显示!
/Game/Data/ExportDialogues/CQu/CQu_GOHOMEJYSLJ/WeiSongMeiGuiXianZhiDuiHua/DT_DialogueInfo_CQu_GOHOMEJYSLJ_WeiSongMeiGuiXianZhiDuiHua	DT_DialogueInfo_CQu_GOHOMEJYSLJ_WeiSongMeiGuiXianZhiDuiHua_InteractionDescribe_DialogueText	InteractionDescribe	占位描述游戏中不显示!
/Game/Data/ExportDialogues/CQu/CQu_GOHOMEJYSLJ/YuQiZaiDuiHua/DT_DialogueInfo_CQu_GOHOMEJYSLJ_YuQiZaiDuiHua	DT_DialogueInfo_CQu_GOHOMEJYSLJ_YuQiZaiDuiHua_InteractionDescribe_DialogueText	InteractionDescribe	占位描述游戏中不显示!
/Game/Data/ExportDialogues/CQu/CQu_GOHOMEJYSLJ/ZuoMeiGuiXianZhiDuiHua/DT_DialogueInfo_CQu_GOHOMEJYSLJ_ZuoMeiGuiXianZhiDuiHua	DT_DialogueInfo_CQu_GOHOMEJYSLJ_ZuoMeiGuiXianZhiDuiHua_InteractionDescribe_DialogueText	InteractionDescribe	占位描述游戏中不显示!
/Game/Data/ExportDialogues/CQu/CQu_GOHOMEJYSQJ/WeiJiaoYiXianZhiDuiHua/DT_DialogueInfo_CQu_GOHOMEJYSQJ_WeiJiaoYiXianZhiDuiHua	DT_DialogueInfo_CQu_GOHOMEJYSQJ_WeiJiaoYiXianZhiDuiHua_InteractionDescribe_DialogueText	InteractionDescribe	占位描述游戏中不显示!
/Game/Data/ExportDialogues/CQu/CQu_GOHOMEJYSQJ/WeiManJiXianZhiDuiHua/DT_DialogueInfo_CQu_GOHOMEJYSQJ_WeiManJiXianZhiDuiHua	DT_DialogueInfo_CQu_GOHOMEJYSQJ_WeiManJiXianZhiDuiHua_InteractionDescribe_DialogueText	InteractionDescribe	占位描述游戏中不显示!
/Game/Data/ExportDialogues/CQu/CQu_GOHOMEJYSQJ/YuQiZaiDuiHua1/DT_DialogueInfo_CQu_GOHOMEJYSQJ_YuQiZaiDuiHua1	DT_DialogueInfo_CQu_GOHOMEJYSQJ_YuQiZaiDuiHua1_InteractionDescribe_DialogueText	InteractionDescribe	占位描述游戏中不显示!
/Game/Data/ExportDialogues/CQu/CQu_GOHOMEJYSQJ/YuQiZaiDuiHua2/DT_DialogueInfo_CQu_GOHOMEJYSQJ_YuQiZaiDuiHua2	DT_DialogueInfo_CQu_GOHOMEJYSQJ_YuQiZaiDuiHua2_InteractionDescribe_DialogueText	InteractionDescribe	占位描述游戏中不显示!
/Game/Data/ExportDialogues/CQu/CQu_GOHOMEJYSSJ/1301/DT_DialogueInfo_CQu_GOHOMEJYSSJ_1301	DT_DialogueInfo_CQu_GOHOMEJYSSJ_1301_InteractionDescribe_DialogueText	InteractionDescribe	占位描述游戏中不显示!
/Game/Data/ExportDialogues/CQu/CQu_GOHOMEJYSSJ/1301XianZhi/DT_DialogueInfo_CQu_GOHOMEJYSSJ_1301XianZhi	DT_DialogueInfo_CQu_GOHOMEJYSSJ_1301XianZhi_InteractionDescribe_DialogueText	InteractionDescribe	占位描述游戏中不显示!
/Game/Data/ExportDialogues/CQu/CQu_GOHOMEJYSSJ/1302XianZhi/DT_DialogueInfo_CQu_GOHOMEJYSSJ_1302XianZhi	DT_DialogueInfo_CQu_GOHOMEJYSSJ_1302XianZhi_InteractionDescribe_DialogueText	InteractionDescribe	占位描述游戏中不显示!
/Game/Data/ExportDialogues/CQu/CQu_GOHOMEJYSSJ/1303/DT_DialogueInfo_CQu_GOHOMEJYSSJ_1303	DT_DialogueInfo_CQu_GOHOMEJYSSJ_1303_InteractionDescribe_DialogueText	InteractionDescribe	占位描述游戏中不显示!
/Game/Data/ExportDialogues/CQu/CQu_GOHOMEJYSSJ/1401/DT_DialogueInfo_CQu_GOHOMEJYSSJ_1401	DT_DialogueInfo_CQu_GOHOMEJYSSJ_1401_InteractionDescribe_DialogueText	InteractionDescribe	占位描述游戏中不显示!
/Game/Data/ExportDialogues/CQu/CQu_GOHOMEJYSSJ/1401XianZhi/DT_DialogueInfo_CQu_GOHOMEJYSSJ_1401XianZhi	DT_DialogueInfo_CQu_GOHOMEJYSSJ_1401XianZhi_InteractionDescribe_DialogueText	InteractionDescribe	占位描述游戏中不显示!
/Game/Data/ExportDialogues/CQu/CQu_GOHOMEJYSSJ/1403/DT_DialogueInfo_CQu_GOHOMEJYSSJ_1403	DT_DialogueInfo_CQu_GOHOMEJYSSJ_1403_InteractionDescribe_DialogueText	InteractionDescribe	占位描述游戏中不显示!
/Game/Data/ExportDialogues/CQu/CQu_GOHOMEJYSSJ/1403XianZhi/DT_DialogueInfo_CQu_GOHOMEJYSSJ_1403XianZhi	DT_DialogueInfo_CQu_GOHOMEJYSSJ_1403XianZhi_InteractionDescribe_DialogueText	InteractionDescribe	占位描述游戏中不显示!
/Game/Data/ExportDialogues/CQu/CQu_GOHOMEJYSWJ/1502/DT_DialogueInfo_CQu_GOHOMEJYSWJ_1502	DT_DialogueInfo_CQu_GOHOMEJYSWJ_1502_InteractionDescribe_DialogueText	InteractionDescribe	占位描述游戏中不显示!
/Game/Data/ExportDialogues/CQu/CQu_GOHOMEJYSWJ/1503/DT_DialogueInfo_CQu_GOHOMEJYSWJ_1503	DT_DialogueInfo_CQu_GOHOMEJYSWJ_1503_InteractionDescribe_DialogueText	InteractionDescribe	占位描述游戏中不显示!
/Game/Data/ExportDialogues/CQu/CQu_GOHOMEJYSWJ/1504/DT_DialogueInfo_CQu_GOHOMEJYSWJ_1504	DT_DialogueInfo_CQu_GOHOMEJYSWJ_1504_InteractionDescribe_DialogueText	InteractionDescribe	占位描述游戏中不显示!
/Game/Data/ExportDialogues/CQu/CQu_GOHOMEJYSWJ/1504XianZhi/DT_DialogueInfo_CQu_GOHOMEJYSWJ_1504XianZhi	DT_DialogueInfo_CQu_GOHOMEJYSWJ_1504XianZhi_InteractionDescribe_DialogueText	InteractionDescribe	占位描述游戏中不显示!
/Game/Data/ExportDialogues/CQu/CQu_GOHOMEJYSWJ/1505XianZhi/DT_DialogueInfo_CQu_GOHOMEJYSWJ_1505XianZhi	DT_DialogueInfo_CQu_GOHOMEJYSWJ_1505XianZhi_InteractionDescribe_DialogueText	InteractionDescribe	占位描述游戏中不显示!
/Game/Data/ExportDialogues/CQu/CQu_GOHOMEJYSWJ/1506/DT_DialogueInfo_CQu_GOHOMEJYSWJ_1506	DT_DialogueInfo_CQu_GOHOMEJYSWJ_1506_InteractionDescribe_DialogueText	InteractionDescribe	占位描述游戏中不显示!
/Game/Data/ExportDialogues/CQu/CQu_GOHOMEJYSYJ/1101/DT_DialogueInfo_CQu_GOHOMEJYSYJ_1101	DT_DialogueInfo_CQu_GOHOMEJYSYJ_1101_InteractionDescribe_DialogueText	InteractionDescribe	占位描述游戏中不显示!
/Game/Data/ExportDialogues/CQu/CQu_GOHOMEJYSYJ/1101XianZhi/DT_DialogueInfo_CQu_GOHOMEJYSYJ_1101XianZhi	DT_DialogueInfo_CQu_GOHOMEJYSYJ_1101XianZhi_InteractionDescribe_DialogueText	InteractionDescribe	占位描述游戏中不显示!
/Game/Data/ExportDialogues/CQu/CQu_GOHOMEJYSYJ/1102/DT_DialogueInfo_CQu_GOHOMEJYSYJ_1102	DT_DialogueInfo_CQu_GOHOMEJYSYJ_1102_InteractionDescribe_DialogueText	InteractionDescribe	占位描述游戏中不显示!
/Game/Data/ExportDialogues/CQu/CQu_GOHOMEJYSYJ/1102XianZhi/DT_DialogueInfo_CQu_GOHOMEJYSYJ_1102XianZhi	DT_DialogueInfo_CQu_GOHOMEJYSYJ_1102XianZhi_InteractionDescribe_DialogueText	InteractionDescribe	占位描述游戏中不显示!
/Game/Data/ExportDialogues/CQu/CQu_GOHOMEJYSYJ/1104/DT_DialogueInfo_CQu_GOHOMEJYSYJ_1104	DT_DialogueInfo_CQu_GOHOMEJYSYJ_1104_InteractionDescribe_DialogueText	InteractionDescribe	占位描述游戏中不显示!
/Game/Data/ExportDialogues/CQu/CQu_GOHOMEJYSYJ/1104XianZhi/DT_DialogueInfo_CQu_GOHOMEJYSYJ_1104XianZhi	DT_DialogueInfo_CQu_GOHOMEJYSYJ_1104XianZhi_InteractionDescribe_DialogueText	InteractionDescribe	占位描述游戏中不显示!
/Game/Data/ExportDialogues/CQu/CQu_GOHOMEJYWJ/501/DT_DialogueInfo_CQu_GOHOMEJYWJ_501	DT_DialogueInfo_CQu_GOHOMEJYWJ_501_InteractionDescribe_DialogueText	InteractionDescribe	占位描述游戏中不显示!
/Game/Data/ExportDialogues/CQu/CQu_GOHOMEJYWJ/501XianZhi/DT_DialogueInfo_CQu_GOHOMEJYWJ_501XianZhi	DT_DialogueInfo_CQu_GOHOMEJYWJ_501XianZhi_InteractionDescribe_DialogueText	InteractionDescribe	占位描述游戏中不显示!
/Game/Data/ExportDialogues/CQu/CQu_GOHOMEJYWJ/503/DT_DialogueInfo_CQu_GOHOMEJYWJ_503	DT_DialogueInfo_CQu_GOHOMEJYWJ_503_InteractionDescribe_DialogueText	InteractionDescribe	占位描述游戏中不显示!
/Game/Data/ExportDialogues/CQu/CQu_GOHOMEJYWJ/503XianZhi/DT_DialogueInfo_CQu_GOHOMEJYWJ_503XianZhi	DT_DialogueInfo_CQu_GOHOMEJYWJ_503XianZhi_InteractionDescribe_DialogueText	InteractionDescribe	占位描述游戏中不显示!
/Game/Data/ExportDialogues/CQu/CQu_GOHOMEJYWJ/504XianZhi/DT_DialogueInfo_CQu_GOHOMEJYWJ_504XianZhi	DT_DialogueInfo_CQu_GOHOMEJYWJ_504XianZhi_InteractionDescribe_DialogueText	InteractionDescribe	占位描述游戏中不显示!
/Game/Data/ExportDialogues/CQu/CQu_GOHOMEJYWJ/507/DT_DialogueInfo_CQu_GOHOMEJYWJ_507	DT_DialogueInfo_CQu_GOHOMEJYWJ_507_InteractionDescribe_DialogueText	InteractionDescribe	占位描述游戏中不显示!
/Game/Data/ExportDialogues/CQu/CQu_GOHOMEJYWJ/507XianZhi/DT_DialogueInfo_CQu_GOHOMEJYWJ_507XianZhi	DT_DialogueInfo_CQu_GOHOMEJYWJ_507XianZhi_InteractionDescribe_DialogueText	InteractionDescribe	占位描述游戏中不显示!
/Game/Data/ExportDialogues/CQu/CQu_GOHOMEJYWJ/508/DT_DialogueInfo_CQu_GOHOMEJYWJ_508	DT_DialogueInfo_CQu_GOHOMEJYWJ_508_InteractionDescribe_DialogueText	InteractionDescribe	占位描述游戏中不显示!
/Game/Data/ExportDialogues/CQu/CQu_JYYDDK01/Di01Duan/DT_DialogueInfo_CQu_JYYDDK01_Di01Duan	DT_DialogueInfo_CQu_JYYDDK01_Di01Duan_InteractionDescribe_DialogueText	InteractionDescribe	占位描述游戏中不显示!
/Game/Data/ExportDialogues/CQu/CQu_JYYDDK01/Di03Duan/DT_DialogueInfo_CQu_JYYDDK01_Di03Duan	DT_DialogueInfo_CQu_JYYDDK01_Di03Duan_InteractionDescribe_DialogueText	InteractionDescribe	占位描述游戏中不显示!
/Game/Data/ExportDialogues/CQu/CQu_JYYDDK01/Di3BDuan/DT_DialogueInfo_CQu_JYYDDK01_Di3BDuan	DT_DialogueInfo_CQu_JYYDDK01_Di3BDuan_InteractionDescribe_DialogueText	InteractionDescribe	占位描述游戏中不显示!
/Game/Data/ExportDialogues/CQu/CQu_JYYDDK01/Di4Duan/DT_DialogueInfo_CQu_JYYDDK01_Di4Duan	DT_DialogueInfo_CQu_JYYDDK01_Di4Duan_InteractionDescribe_DialogueText	InteractionDescribe	占位描述游戏中不显示!
/Game/Data/ExportDialogues/CQu/CQu_JYYDDK01/Di4DuanXianZhi/DT_DialogueInfo_CQu_JYYDDK01_Di4DuanXianZhi	DT_DialogueInfo_CQu_JYYDDK01_Di4DuanXianZhi_InteractionDescribe_DialogueText	InteractionDescribe	占位描述游戏中不显示!
/Game/Data/ExportDialogues/CQu/CQu_JYYDDK01/Di5Duan/DT_DialogueInfo_CQu_JYYDDK01_Di5Duan	DT_DialogueInfo_CQu_JYYDDK01_Di5Duan_InteractionDescribe_DialogueText	InteractionDescribe	占位描述游戏中不显示!
/Game/Data/ExportDialogues/CQu/CQu_JYYDDK01/Di6BDuan/DT_DialogueInfo_CQu_JYYDDK01_Di6BDuan	DT_DialogueInfo_CQu_JYYDDK01_Di6BDuan_InteractionDescribe_DialogueText	InteractionDescribe	占位描述游戏中不显示!
/Game/Data/ExportDialogues/CQu/CQu_JYYDDK01/Di6CDuan/DT_DialogueInfo_CQu_JYYDDK01_Di6CDuan	DT_DialogueInfo_CQu_JYYDDK01_Di6CDuan_InteractionDescribe_DialogueText	InteractionDescribe	占位描述游戏中不显示!
/Game/Data/ExportDialogues/CQu/CQu_JYYDDK01/Di6Duan/DT_DialogueInfo_CQu_JYYDDK01_Di6Duan	DT_DialogueInfo_CQu_JYYDDK01_Di6Duan_InteractionDescribe_DialogueText	InteractionDescribe	占位描述游戏中不显示!
/Game/Data/ExportDialogues/CQu/CQu_JYYDDK01/Di6DuanXianZhi01/DT_DialogueInfo_CQu_JYYDDK01_Di6DuanXianZhi01	DT_DialogueInfo_CQu_JYYDDK01_Di6DuanXianZhi01_InteractionDescribe_DialogueText	InteractionDescribe	占位描述游戏中不显示!
/Game/Data/ExportDialogues/CQu/CQu_JYYDDK01/Di6DuanXianZhi02/DT_DialogueInfo_CQu_JYYDDK01_Di6DuanXianZhi02	DT_DialogueInfo_CQu_JYYDDK01_Di6DuanXianZhi02_InteractionDescribe_DialogueText	InteractionDescribe	占位描述游戏中不显示!
/Game/Data/ExportDialogues/CQu/CQu_JYYDDK01/Di7BDuan/DT_DialogueInfo_CQu_JYYDDK01_Di7BDuan	DT_DialogueInfo_CQu_JYYDDK01_Di7BDuan_InteractionDescribe_DialogueText	InteractionDescribe	占位描述游戏中不显示!
/Game/Data/ExportDialogues/CQu/CQu_JYYDDK01/Di7Duan/DT_DialogueInfo_CQu_JYYDDK01_Di7Duan	DT_DialogueInfo_CQu_JYYDDK01_Di7Duan_InteractionDescribe_DialogueText	InteractionDescribe	占位描述游戏中不显示!
/Game/Data/ExportDialogues/CQu/CQu_JYYDDK01/DiSiDuan/DT_DialogueInfo_CQu_JYYDDK01_DiSiDuan	DT_DialogueInfo_CQu_JYYDDK01_DiSiDuan_InteractionDescribe_DialogueText	InteractionDescribe	占位描述游戏中不显示!
/Game/Data/ExportDialogues/CQu/CQu_JYYDDK01/KaoJinJianCe/DT_DialogueInfo_CQu_JYYDDK01_KaoJinJianCe	DT_DialogueInfo_CQu_JYYDDK01_KaoJinJianCe_InteractionDescribe_DialogueText	InteractionDescribe	占位描述游戏中不显示!
/Game/Data/ExportDialogues/CQu/CQu_JYYDDK02/Di9Duan/DT_DialogueInfo_CQu_JYYDDK02_Di9Duan	DT_DialogueInfo_CQu_JYYDDK02_Di9Duan_InteractionDescribe_DialogueText	InteractionDescribe	占位描述游戏中不显示!
/Game/Data/ExportDialogues/Di1115038Zhang/Di1115038Zhang_BXWFQY/ZhuChiRenDuiHua/DT_DialogueInfo_Di1115038Zhang_BXWFQY_ZhuChiRenDuiHua	DT_DialogueInfo_Di1115038Zhang_BXWFQY_ZhuChiRenDuiHua_InteractionDescribe_DialogueText	InteractionDescribe	占位描述游戏中不显示!
/Game/Data/ExportDialogues/Di1115038Zhang/Di1115038Zhang_LLZGSLYS/NanRenWuKaiQiHeiPingHou/DT_DialogueInfo_Di1115038Zhang_LLZGSLYS_NanRenWuKaiQiHeiPingHou	DT_DialogueInfo_Di1115038Zhang_LLZGSLYS_NanRenWuKaiQiHeiPingHou_InteractionDescribe_DialogueText	InteractionDescribe	占位描述游戏中不显示!
/Game/Data/ExportDialogues/Di1115038Zhang/Di1115038Zhang_LLZGSLYS/NanRenWuKaiQiHeiPingQian/DT_DialogueInfo_Di1115038Zhang_LLZGSLYS_NanRenWuKaiQiHeiPingQian	DT_DialogueInfo_Di1115038Zhang_LLZGSLYS_NanRenWuKaiQiHeiPingQian_InteractionDescribe_DialogueText	InteractionDescribe	占位描述游戏中不显示!
/Game/Data/ExportDialogues/Di1115038Zhang/Di1115038Zhang_LLZGSLYS/NanWanChengTiaoZhanHou/DT_DialogueInfo_Di1115038Zhang_LLZGSLYS_NanWanChengTiaoZhanHou	DT_DialogueInfo_Di1115038Zhang_LLZGSLYS_NanWanChengTiaoZhanHou_InteractionDescribe_DialogueText	InteractionDescribe	占位描述游戏中不显示!
/Game/Data/ExportDialogues/Di1115038Zhang/Di1115038Zhang_LLZGSLYS/NvRenWuKaiQiHeiPingHou/DT_DialogueInfo_Di1115038Zhang_LLZGSLYS_NvRenWuKaiQiHeiPingHou	DT_DialogueInfo_Di1115038Zhang_LLZGSLYS_NvRenWuKaiQiHeiPingHou_InteractionDescribe_DialogueText	InteractionDescribe	占位描述游戏中不显示!
/Game/Data/ExportDialogues/Di1115038Zhang/Di1115038Zhang_LLZGSLYS/NvRenWuKaiQiHeiPingQian/DT_DialogueInfo_Di1115038Zhang_LLZGSLYS_NvRenWuKaiQiHeiPingQian	DT_DialogueInfo_Di1115038Zhang_LLZGSLYS_NvRenWuKaiQiHeiPingQian_InteractionDescribe_DialogueText	InteractionDescribe	占位描述游戏中不显示!
/Game/Data/ExportDialogues/Di1115038Zhang/Di1115038Zhang_LLZGSLYS/NvWanChengTiaoZhanHou/DT_DialogueInfo_Di1115038Zhang_LLZGSLYS_NvWanChengTiaoZhanHou	DT_DialogueInfo_Di1115038Zhang_LLZGSLYS_NvWanChengTiaoZhanHou_InteractionDescribe_DialogueText	InteractionDescribe	占位描述游戏中不显示!
/Game/Data/ExportDialogues/DQu/DQu_D10/Di702Duan/DT_DialogueInfo_DQu_D10_Di702Duan	DT_DialogueInfo_DQu_D10_Di702Duan_InteractionDescribe_DialogueText	InteractionDescribe	占位描述游戏中不显示!
/Game/Data/ExportDialogues/DQu/DQu_D13/Di6ADuan/DT_DialogueInfo_DQu_D13_Di6ADuan	DT_DialogueInfo_DQu_D13_Di6ADuan_InteractionDescribe_DialogueText	InteractionDescribe	占位描述游戏中不显示!
/Game/Data/ExportDialogues/DQu/DQu_D2/Di32CDuan/DT_DialogueInfo_DQu_D2_Di32CDuan	DT_DialogueInfo_DQu_D2_Di32CDuan_InteractionDescribe_DialogueText	InteractionDescribe	占位描述游戏中不显示!
/Game/Data/ExportDialogues/DQu/DQu_D2/Di33CDuan/DT_DialogueInfo_DQu_D2_Di33CDuan	DT_DialogueInfo_DQu_D2_Di33CDuan_InteractionDescribe_DialogueText	InteractionDescribe	占位描述游戏中不显示!
/Game/Data/ExportDialogues/DQu/DQu_D4/Di4Duan/DT_DialogueInfo_DQu_D4_Di4Duan	DT_DialogueInfo_DQu_D4_Di4Duan_InteractionDescribe_DialogueText	InteractionDescribe	占位描述游戏中不显示!
/Game/Data/ExportDialogues/E/E_E12/Di0BDuan/DT_DialogueInfo_E_E12_Di0BDuan	DT_DialogueInfo_E_E12_Di0BDuan_InteractionDescribe_DialogueText	InteractionDescribe	占位描述游戏中不显示!
/Game/Data/ExportDialogues/E/E_E12/LiangRenPlus/DT_DialogueInfo_E_E12_LiangRenPlus	DT_DialogueInfo_E_E12_LiangRenPlus_InteractionDescribe_DialogueText	InteractionDescribe	占位描述游戏中不显示!
/Game/Data/ExportDialogues/E/E_E2/Di4Duan/DT_DialogueInfo_E_E2_Di4Duan	DT_DialogueInfo_E_E2_Di4Duan_InteractionDescribe_DialogueText	InteractionDescribe	占位描述游戏中不显示!
/Game/Data/ExportDialogues/E/E_E2/Di9Duan/DT_DialogueInfo_E_E2_Di9Duan	DT_DialogueInfo_E_E2_Di9Duan_InteractionDescribe_DialogueText	InteractionDescribe	占位描述游戏中不显示!
/Game/Data/ExportDialogues/F/F_F8/Di4Duan/DT_DialogueInfo_F_F8_Di4Duan	DT_DialogueInfo_F_F8_Di4Duan_InteractionDescribe_DialogueText	InteractionDescribe	占位描述游戏中不显示!
/Game/Data/ExportDialogues/F/F_F8/Di5Duan/DT_DialogueInfo_F_F8_Di5Duan	DT_DialogueInfo_F_F8_Di5Duan_InteractionDescribe_DialogueText	InteractionDescribe	占位描述游戏中不显示!
/Game/Data/ExportDialogues/F/F_F8/JingTouDuiHua2/DT_DialogueInfo_F_F8_JingTouDuiHua2	DT_DialogueInfo_F_F8_JingTouDuiHua2_InteractionDescribe_DialogueText	InteractionDescribe	占位描述游戏中不显示!
/Game/Data/ExportDialogues/F/F_F8/JingTouDuiHua3/DT_DialogueInfo_F_F8_JingTouDuiHua3	DT_DialogueInfo_F_F8_JingTouDuiHua3_InteractionDescribe_DialogueText	InteractionDescribe	占位描述游戏中不显示!
/Game/Data/ExportDialogues/G/G_GK05FDWF/WuDaoDuiHua/DT_DialogueInfo_G_GK05FDWF_WuDaoDuiHua	DT_DialogueInfo_G_GK05FDWF_WuDaoDuiHua_InteractionDescribe_DialogueText	InteractionDescribe	占位描述游戏中不显示!
/Game/Data/ExportDialogues/G/G_IBW/Ibw39/DT_DialogueInfo_G_IBW_Ibw39	DT_DialogueInfo_G_IBW_Ibw39_InteractionDescribe_DialogueText	InteractionDescribe	占位描述游戏中不显示!
/Game/Data/ExportDialogues/G/G_IBW/Ibw39HouXu/DT_DialogueInfo_G_IBW_Ibw39HouXu	DT_DialogueInfo_G_IBW_Ibw39HouXu_InteractionDescribe_DialogueText	InteractionDescribe	占位描述游戏中不显示!
/Game/Data/ExportDialogues/G/G_JZT/SuWenZhuangZhouRiHouTan/DT_DialogueInfo_G_JZT_SuWenZhuangZhouRiHouTan	DT_DialogueInfo_G_JZT_SuWenZhuangZhouRiHouTan_InteractionDescribe_DialogueText	InteractionDescribe	占位描述游戏中不显示!
/Game/Data/ExportDialogues/G/G_JZT/WanQianTiShi/DT_DialogueInfo_G_JZT_WanQianTiShi	DT_DialogueInfo_G_JZT_WanQianTiShi_InteractionDescribe_DialogueText	InteractionDescribe	占位描述游戏中不显示!
/Game/Data/ExportDialogues/G/G_JZTGK29/BiaoCengTiShi/DT_DialogueInfo_G_JZTGK29_BiaoCengTiShi	DT_DialogueInfo_G_JZTGK29_BiaoCengTiShi_InteractionDescribe_DialogueText	InteractionDescribe	占位描述游戏中不显示!
/Game/Data/ExportDialogues/G/G_JZTGK29/BiaoCengXunWenYouSuiPianHou/DT_DialogueInfo_G_JZTGK29_BiaoCengXunWenYouSuiPianHou	DT_DialogueInfo_G_JZTGK29_BiaoCengXunWenYouSuiPianHou_InteractionDescribe_DialogueText	InteractionDescribe	占位描述游戏中不显示!
/Game/Data/ExportDialogues/G/G_JZTGK29/DeZhiZhenXiangHou/DT_DialogueInfo_G_JZTGK29_DeZhiZhenXiangHou	DT_DialogueInfo_G_JZTGK29_DeZhiZhenXiangHou_InteractionDescribe_DialogueText	InteractionDescribe	占位描述游戏中不显示!
/Game/Data/ExportDialogues/G/G_JZTGK29/DieShiTanHua/DT_DialogueInfo_G_JZTGK29_DieShiTanHua	DT_DialogueInfo_G_JZTGK29_DieShiTanHua_InteractionDescribe_DialogueText	InteractionDescribe	占位描述游戏中不显示!
/Game/Data/ExportDialogues/G/G_JZTGK29/GaoZhiZhenXiang/DT_DialogueInfo_G_JZTGK29_GaoZhiZhenXiang	DT_DialogueInfo_G_JZTGK29_GaoZhiZhenXiang_InteractionDescribe_DialogueText	InteractionDescribe	占位描述游戏中不显示!
/Game/Data/ExportDialogues/G/G_JZTGK29/LiCengXunWen/DT_DialogueInfo_G_JZTGK29_LiCengXunWen	DT_DialogueInfo_G_JZTGK29_LiCengXunWen_InteractionDescribe_DialogueText	InteractionDescribe	占位描述游戏中不显示!
/Game/Data/ExportDialogues/G/G_ZJMJY/MuLiJieJu/DT_DialogueInfo_G_ZJMJY_MuLiJieJu	DT_DialogueInfo_G_ZJMJY_MuLiJieJu_InteractionDescribe_DialogueText	InteractionDescribe	占位描述游戏中不显示!
/Game/Data/ExportDialogues/GQu/GQu_G10/Di3Duan/DT_DialogueInfo_GQu_G10_Di3Duan	DT_DialogueInfo_GQu_G10_Di3Duan_InteractionDescribe_DialogueText	InteractionDescribe	占位描述游戏中不显示!
/Game/Data/ExportDialogues/GQu/GQu_G10/Di5Duan/DT_DialogueInfo_GQu_G10_Di5Duan	DT_DialogueInfo_GQu_G10_Di5Duan_InteractionDescribe_DialogueText	InteractionDescribe	占位描述游戏中不显示!
/Game/Data/ExportDialogues/GQu/GQu_G10/Di5ZhongJianDuan/DT_DialogueInfo_GQu_G10_Di5ZhongJianDuan	DT_DialogueInfo_GQu_G10_Di5ZhongJianDuan_InteractionDescribe_DialogueText	InteractionDescribe	占位描述游戏中不显示!
/Game/Data/ExportDialogues/GQu/GQu_G10/Di6Duan/DT_DialogueInfo_GQu_G10_Di6Duan	DT_DialogueInfo_GQu_G10_Di6Duan_InteractionDescribe_DialogueText	InteractionDescribe	占位描述游戏中不显示!
/Game/Data/ExportDialogues/H1S1/H1S1_KP/FwJiGuanXueZi/DT_DialogueInfo_H1S1_KP_FwJiGuanXueZi	DT_DialogueInfo_H1S1_KP_FwJiGuanXueZi_InteractionDescribe_DialogueText	InteractionDescribe	占位描述游戏中不显示!
/Game/Data/ExportDialogues/Hs1/Hs1_ZHXC/BeiFaXianDuoCang2/DT_DialogueInfo_Hs1_ZHXC_BeiFaXianDuoCang2	DT_DialogueInfo_Hs1_ZHXC_BeiFaXianDuoCang2_InteractionDescribe_DialogueText	InteractionDescribe	占位描述游戏中不显示!
/Game/Data/ExportDialogues/Hs1/Hs1_ZHXC/Fei2DJieShu/DT_DialogueInfo_Hs1_ZHXC_Fei2DJieShu	DT_DialogueInfo_Hs1_ZHXC_Fei2DJieShu_InteractionDescribe_DialogueText	InteractionDescribe	占位描述游戏中不显示!
/Game/Data/ExportDialogues/I/I_I11PMZL/SongXinJingTou/DT_DialogueInfo_I_I11PMZL_SongXinJingTou	DT_DialogueInfo_I_I11PMZL_SongXinJingTou_InteractionDescribe_DialogueText	InteractionDescribe	占位描述游戏中不显示!
/Game/Data/ExportDialogues/I/I_I40XMS/HeXinBaoZha/DT_DialogueInfo_I_I40XMS_HeXinBaoZha	DT_DialogueInfo_I_I40XMS_HeXinBaoZha_InteractionDescribe_DialogueText	InteractionDescribe	占位描述游戏中不显示!
/Game/Data/ExportDialogues/I/I_I40XMS/JieQuXianHua/DT_DialogueInfo_I_I40XMS_JieQuXianHua	DT_DialogueInfo_I_I40XMS_JieQuXianHua_InteractionDescribe_DialogueText	InteractionDescribe	占位描述游戏中不显示!
/Game/Data/ExportDialogues/I/I_I42XMZ/DaWanJiGuanRen/DT_DialogueInfo_I_I42XMZ_DaWanJiGuanRen	DT_DialogueInfo_I_I42XMZ_DaWanJiGuanRen_InteractionDescribe_DialogueText	InteractionDescribe	占位描述游戏中不显示!
/Game/Data/ExportDialogues/I/I_I46QCYS/CaoChangZhouXiaoYu1/DT_DialogueInfo_I_I46QCYS_CaoChangZhouXiaoYu1	DT_DialogueInfo_I_I46QCYS_CaoChangZhouXiaoYu1_InteractionDescribe_DialogueText	InteractionDescribe	占位描述游戏中不显示!
/Game/Data/ExportDialogues/I/I_I46QCYS/DaTing1ZiMu21/DT_DialogueInfo_I_I46QCYS_DaTing1ZiMu21	DT_DialogueInfo_I_I46QCYS_DaTing1ZiMu21_InteractionDescribe_DialogueText	InteractionDescribe	占位描述游戏中不显示!
/Game/Data/ExportDialogues/I/I_I46QCYS/DaTing1ZiMu213/DT_DialogueInfo_I_I46QCYS_DaTing1ZiMu213	DT_DialogueInfo_I_I46QCYS_DaTing1ZiMu213_InteractionDescribe_DialogueText	InteractionDescribe	占位描述游戏中不显示!
/Game/Data/ExportDialogues/I/I_I46QCYS/DaTing1ZiMu31/DT_DialogueInfo_I_I46QCYS_DaTing1ZiMu31	DT_DialogueInfo_I_I46QCYS_DaTing1ZiMu31_InteractionDescribe_DialogueText	InteractionDescribe	占位描述游戏中不显示!
/Game/Data/ExportDialogues/I/I_I46QCYS/DaTing1ZiMu312/DT_DialogueInfo_I_I46QCYS_DaTing1ZiMu312	DT_DialogueInfo_I_I46QCYS_DaTing1ZiMu312_InteractionDescribe_DialogueText	InteractionDescribe	占位描述游戏中不显示!
/Game/Data/ExportDialogues/I/I_I46QCYS/DaTing2ZiMu32/DT_DialogueInfo_I_I46QCYS_DaTing2ZiMu32	DT_DialogueInfo_I_I46QCYS_DaTing2ZiMu32_InteractionDescribe_DialogueText	InteractionDescribe	占位描述游戏中不显示!
/Game/Data/ExportDialogues/I/I_I46QCYS/DaTing2ZiMu321/DT_DialogueInfo_I_I46QCYS_DaTing2ZiMu321	DT_DialogueInfo_I_I46QCYS_DaTing2ZiMu321_InteractionDescribe_DialogueText	InteractionDescribe	占位描述游戏中不显示!
/Game/Data/ExportDialogues/I/I_I46QCYS/DaTing3ZiMu13/DT_DialogueInfo_I_I46QCYS_DaTing3ZiMu13	DT_DialogueInfo_I_I46QCYS_DaTing3ZiMu13_InteractionDescribe_DialogueText	InteractionDescribe	占位描述游戏中不显示!
/Game/Data/ExportDialogues/I/I_I46QCYS/DaWanShouTan/DT_DialogueInfo_I_I46QCYS_DaWanShouTan	DT_DialogueInfo_I_I46QCYS_DaWanShouTan_InteractionDescribe_DialogueText	InteractionDescribe	占位描述游戏中不显示!
/Game/Data/ExportDialogues/I/I_I46QCYS/JiGuanYiTa/DT_DialogueInfo_I_I46QCYS_JiGuanYiTa	DT_DialogueInfo_I_I46QCYS_JiGuanYiTa_InteractionDescribe_DialogueText	InteractionDescribe	占位描述游戏中不显示!
/Game/Data/ExportDialogues/I/I_I46QCYS/RiZhiJingTou/DT_DialogueInfo_I_I46QCYS_RiZhiJingTou	DT_DialogueInfo_I_I46QCYS_RiZhiJingTou_InteractionDescribe_DialogueText	InteractionDescribe	占位描述游戏中不显示!
/Game/Data/ExportDialogues/I/I_I46QCYS/SanRenKaiChang/DT_DialogueInfo_I_I46QCYS_SanRenKaiChang	DT_DialogueInfo_I_I46QCYS_SanRenKaiChang_InteractionDescribe_DialogueText	InteractionDescribe	占位描述游戏中不显示!
/Game/Data/ExportDialogues/I/I_I46QCYS/SaoKanTai/DT_DialogueInfo_I_I46QCYS_SaoKanTai	DT_DialogueInfo_I_I46QCYS_SaoKanTai_InteractionDescribe_DialogueText	InteractionDescribe	占位描述游戏中不显示!
/Game/Data/ExportDialogues/I/I_I46QCYS/ZhongRenGanDao/DT_DialogueInfo_I_I46QCYS_ZhongRenGanDao	DT_DialogueInfo_I_I46QCYS_ZhongRenGanDao_InteractionDescribe_DialogueText	InteractionDescribe	占位描述游戏中不显示!
/Game/Data/ExportDialogues/I/I_I51ZHYM/ChongFuTanCha/DT_DialogueInfo_I_I51ZHYM_ChongFuTanCha	DT_DialogueInfo_I_I51ZHYM_ChongFuTanCha_InteractionDescribe_DialogueText	InteractionDescribe	占位描述游戏中不显示!
/Game/Data/ExportDialogues/I/I_I51ZHYM/JieQu/DT_DialogueInfo_I_I51ZHYM_JieQu	DT_DialogueInfo_I_I51ZHYM_JieQu_InteractionDescribe_DialogueText	InteractionDescribe	占位描述游戏中不显示!
/Game/Data/ExportDialogues/I/I_I51ZHYM/JieQuXianZhi/DT_DialogueInfo_I_I51ZHYM_JieQuXianZhi	DT_DialogueInfo_I_I51ZHYM_JieQuXianZhi_InteractionDescribe_DialogueText	InteractionDescribe	占位描述游戏中不显示!
/Game/Data/ExportDialogues/I/I_I51ZHYM/MoDaoShuHenJi/DT_DialogueInfo_I_I51ZHYM_MoDaoShuHenJi	DT_DialogueInfo_I_I51ZHYM_MoDaoShuHenJi_InteractionDescribe_DialogueText	InteractionDescribe	占位描述游戏中不显示!
/Game/Data/ExportDialogues/I/I_I51ZHYM/WeiSheng/DT_DialogueInfo_I_I51ZHYM_WeiSheng	DT_DialogueInfo_I_I51ZHYM_WeiSheng_InteractionDescribe_DialogueText	InteractionDescribe	占位描述游戏中不显示!
/Game/Data/ExportDialogues/I/I_I51ZHYM/WeiShengXianZhi/DT_DialogueInfo_I_I51ZHYM_WeiShengXianZhi	DT_DialogueInfo_I_I51ZHYM_WeiShengXianZhi_InteractionDescribe_DialogueText	InteractionDescribe	占位描述游戏中不显示!
/Game/Data/ExportDialogues/I/I_I60SJRW6/AnZhongGuanCha/DT_DialogueInfo_I_I60SJRW6_AnZhongGuanCha	DT_DialogueInfo_I_I60SJRW6_AnZhongGuanCha_InteractionDescribe_DialogueText	InteractionDescribe	占位描述游戏中不显示!
/Game/Data/ExportDialogues/I/I_I60SJRW6/DaiLingDuiHua4/DT_DialogueInfo_I_I60SJRW6_DaiLingDuiHua4	DT_DialogueInfo_I_I60SJRW6_DaiLingDuiHua4_InteractionDescribe_DialogueText	InteractionDescribe	占位描述游戏中不显示!
/Game/Data/ExportDialogues/I/I_I60SJRW6/GuiDieZhongTuGanLai/DT_DialogueInfo_I_I60SJRW6_GuiDieZhongTuGanLai	DT_DialogueInfo_I_I60SJRW6_GuiDieZhongTuGanLai_InteractionDescribe_DialogueText	InteractionDescribe	占位描述游戏中不显示!
/Game/Data/ExportDialogues/I/I_I60SJRW6/HeiYingJiangShu/DT_DialogueInfo_I_I60SJRW6_HeiYingJiangShu	DT_DialogueInfo_I_I60SJRW6_HeiYingJiangShu_InteractionDescribe_DialogueText	InteractionDescribe	占位描述游戏中不显示!
/Game/Data/ExportDialogues/I/I_I60SJRW6/XianJieDuiHua/DT_DialogueInfo_I_I60SJRW6_XianJieDuiHua	DT_DialogueInfo_I_I60SJRW6_XianJieDuiHua_InteractionDescribe_DialogueText	InteractionDescribe	占位描述游戏中不显示!
/Game/Data/ExportDialogues/I/I_I66/ChuanSongMenQian/DT_DialogueInfo_I_I66_ChuanSongMenQian	DT_DialogueInfo_I_I66_ChuanSongMenQian_InteractionDescribe_DialogueText	InteractionDescribe	占位描述游戏中不显示!
/Game/Data/ExportDialogues/I/I_I66/ChuanSongXiaQu/DT_DialogueInfo_I_I66_ChuanSongXiaQu	DT_DialogueInfo_I_I66_ChuanSongXiaQu_InteractionDescribe_DialogueText	InteractionDescribe	占位描述游戏中不显示!
/Game/Data/ExportDialogues/I/I_I66/ChuDongKu/DT_DialogueInfo_I_I66_ChuDongKu	DT_DialogueInfo_I_I66_ChuDongKu_InteractionDescribe_DialogueText	InteractionDescribe	占位描述游戏中不显示!
/Game/Data/ExportDialogues/I/I_I66/ChuFuBen/DT_DialogueInfo_I_I66_ChuFuBen	DT_DialogueInfo_I_I66_ChuFuBen_InteractionDescribe_DialogueText	InteractionDescribe	占位描述游戏中不显示!
/Game/Data/ExportDialogues/I/I_I66/HuiBanGongZhuo/DT_DialogueInfo_I_I66_HuiBanGongZhuo	DT_DialogueInfo_I_I66_HuiBanGongZhuo_InteractionDescribe_DialogueText	InteractionDescribe	占位描述游戏中不显示!
/Game/Data/ExportDialogues/I/I_I66/JieMiHou/DT_DialogueInfo_I_I66_JieMiHou	DT_DialogueInfo_I_I66_JieMiHou_InteractionDescribe_DialogueText	InteractionDescribe	占位描述游戏中不显示!
/Game/Data/ExportDialogues/I/I_I66/MoHuEchoHuiYi/DT_DialogueInfo_I_I66_MoHuEchoHuiYi	DT_DialogueInfo_I_I66_MoHuEchoHuiYi_InteractionDescribe_DialogueText	InteractionDescribe	占位描述游戏中不显示!
/Game/Data/ExportDialogues/I/I_I66/SiMaYiXianShen/DT_DialogueInfo_I_I66_SiMaYiXianShen	DT_DialogueInfo_I_I66_SiMaYiXianShen_InteractionDescribe_DialogueText	InteractionDescribe	占位描述游戏中不显示!
/Game/Data/ExportDialogues/I/I_I66/WeiSheng/DT_DialogueInfo_I_I66_WeiSheng	DT_DialogueInfo_I_I66_WeiSheng_InteractionDescribe_DialogueText	InteractionDescribe	占位描述游戏中不显示!
/Game/Data/ExportDialogues/I/I_I69SJRW2/ChuFuBen/DT_DialogueInfo_I_I69SJRW2_ChuFuBen	DT_DialogueInfo_I_I69SJRW2_ChuFuBen_InteractionDescribe_DialogueText	InteractionDescribe	占位描述游戏中不显示!
/Game/Data/ExportDialogues/I/I_I69SJRW2/ChuFuBen0/DT_DialogueInfo_I_I69SJRW2_ChuFuBen0	DT_DialogueInfo_I_I69SJRW2_ChuFuBen0_InteractionDescribe_DialogueText	InteractionDescribe	占位描述游戏中不显示!
/Game/Data/ExportDialogues/I/I_I73SJRW3/BaoGao2/DT_DialogueInfo_I_I73SJRW3_BaoGao2	DT_DialogueInfo_I_I73SJRW3_BaoGao2_InteractionDescribe_DialogueText	InteractionDescribe	占位描述游戏中不显示!
/Game/Data/ExportDialogues/I/I_I73SJRW3/FengYinJieChu/DT_DialogueInfo_I_I73SJRW3_FengYinJieChu	DT_DialogueInfo_I_I73SJRW3_FengYinJieChu_InteractionDescribe_DialogueText	InteractionDescribe	占位描述游戏中不显示!
/Game/Data/ExportDialogues/I/I_I73SJRW3/HuDieHuiYi/DT_DialogueInfo_I_I73SJRW3_HuDieHuiYi	DT_DialogueInfo_I_I73SJRW3_HuDieHuiYi_InteractionDescribe_DialogueText	InteractionDescribe	占位描述游戏中不显示!
/Game/Data/ExportDialogues/I/I_I73SJRW3/JieRenWu2/DT_DialogueInfo_I_I73SJRW3_JieRenWu2	DT_DialogueInfo_I_I73SJRW3_JieRenWu2_InteractionDescribe_DialogueText	InteractionDescribe	占位描述游戏中不显示!
/Game/Data/ExportDialogues/I/I_I73SJRW3/JinRuHeiWu/DT_DialogueInfo_I_I73SJRW3_JinRuHeiWu	DT_DialogueInfo_I_I73SJRW3_JinRuHeiWu_InteractionDescribe_DialogueText	InteractionDescribe	占位描述游戏中不显示!
/Game/Data/ExportDialogues/I/I_I73SJRW3/SiMaChuXian/DT_DialogueInfo_I_I73SJRW3_SiMaChuXian	DT_DialogueInfo_I_I73SJRW3_SiMaChuXian_InteractionDescribe_DialogueText	InteractionDescribe	占位描述游戏中不显示!
/Game/Data/ExportDialogues/I/I_I73SJRW3/XianSuo1/DT_DialogueInfo_I_I73SJRW3_XianSuo1	DT_DialogueInfo_I_I73SJRW3_XianSuo1_InteractionDescribe_DialogueText	InteractionDescribe	占位描述游戏中不显示!
/Game/Data/ExportDialogues/I/I_I80ZWTX/HuiDaoTanWei/DT_DialogueInfo_I_I80ZWTX_HuiDaoTanWei	DT_DialogueInfo_I_I80ZWTX_HuiDaoTanWei_InteractionDescribe_DialogueText	InteractionDescribe	占位描述游戏中不显示!
/Game/Data/ExportDialogues/I/I_I80ZWTX/JiongMoHeJie/DT_DialogueInfo_I_I80ZWTX_JiongMoHeJie	DT_DialogueInfo_I_I80ZWTX_JiongMoHeJie_InteractionDescribe_DialogueText	InteractionDescribe	占位描述游戏中不显示!
/Game/Data/ExportDialogues/I/I_I80ZWTX/KanTuZhiJiGuanXueSheng/DT_DialogueInfo_I_I80ZWTX_KanTuZhiJiGuanXueSheng	DT_DialogueInfo_I_I80ZWTX_KanTuZhiJiGuanXueSheng_InteractionDescribe_DialogueText	InteractionDescribe	占位描述游戏中不显示!
/Game/Data/ExportDialogues/I/I_I80ZWTX/KuiLeiYiWaiSunHuai/DT_DialogueInfo_I_I80ZWTX_KuiLeiYiWaiSunHuai	DT_DialogueInfo_I_I80ZWTX_KuiLeiYiWaiSunHuai_InteractionDescribe_DialogueText	InteractionDescribe	占位描述游戏中不显示!
/Game/Data/ExportDialogues/I/I_I80ZWTX/MoBaiJianQiCanHe/DT_DialogueInfo_I_I80ZWTX_MoBaiJianQiCanHe	DT_DialogueInfo_I_I80ZWTX_MoBaiJianQiCanHe_InteractionDescribe_DialogueText	InteractionDescribe	占位描述游戏中不显示!
/Game/Data/ExportDialogues/I/I_I80ZWTX/MoYuGongQiaoJia/DT_DialogueInfo_I_I80ZWTX_MoYuGongQiaoJia	DT_DialogueInfo_I_I80ZWTX_MoYuGongQiaoJia_InteractionDescribe_DialogueText	InteractionDescribe	占位描述游戏中不显示!
/Game/Data/ExportDialogues/I/I_I80ZWTX/TiXingTouTingMoBai/DT_DialogueInfo_I_I80ZWTX_TiXingTouTingMoBai	DT_DialogueInfo_I_I80ZWTX_TiXingTouTingMoBai_InteractionDescribe_DialogueText	InteractionDescribe	占位描述游戏中不显示!
/Game/Data/ExportDialogues/I/I_I80ZWTX/TiXingZhaoDuiZhang/DT_DialogueInfo_I_I80ZWTX_TiXingZhaoDuiZhang	DT_DialogueInfo_I_I80ZWTX_TiXingZhaoDuiZhang_InteractionDescribe_DialogueText	InteractionDescribe	占位描述游戏中不显示!
/Game/Data/ExportDialogues/I/I_I80ZWTX/ZhaoDuiZhangBeiLanXia/DT_DialogueInfo_I_I80ZWTX_ZhaoDuiZhangBeiLanXia	DT_DialogueInfo_I_I80ZWTX_ZhaoDuiZhangBeiLanXia_InteractionDescribe_DialogueText	InteractionDescribe	占位描述游戏中不显示!
/Game/Data/ExportDialogues/I/I_IK24YYDX/BuShuWuEcho/DT_DialogueInfo_I_IK24YYDX_BuShuWuEcho	DT_DialogueInfo_I_IK24YYDX_BuShuWuEcho_InteractionDescribe_DialogueText	InteractionDescribe	占位描述游戏中不显示!
/Game/Data/ExportDialogues/I/I_IK24YYDX/Di2DuanJieQu/DT_DialogueInfo_I_IK24YYDX_Di2DuanJieQu	DT_DialogueInfo_I_IK24YYDX_Di2DuanJieQu_InteractionDescribe_DialogueText	InteractionDescribe	占位描述游戏中不显示!
/Game/Data/ExportDialogues/I/I_IK24YYDX/Di3DuanEcho2/DT_DialogueInfo_I_IK24YYDX_Di3DuanEcho2	DT_DialogueInfo_I_IK24YYDX_Di3DuanEcho2_InteractionDescribe_DialogueText	InteractionDescribe	占位描述游戏中不显示!
/Game/Data/ExportDialogues/I/I_IK24YYDX/Di8DuanShangAn/DT_DialogueInfo_I_IK24YYDX_Di8DuanShangAn	DT_DialogueInfo_I_IK24YYDX_Di8DuanShangAn_InteractionDescribe_DialogueText	InteractionDescribe	占位描述游戏中不显示!
/Game/Data/ExportDialogues/I/I_IK24YYDX/Di8DuanShangAnHuiShu/DT_DialogueInfo_I_IK24YYDX_Di8DuanShangAnHuiShu	DT_DialogueInfo_I_IK24YYDX_Di8DuanShangAnHuiShu_InteractionDescribe_DialogueText	InteractionDescribe	占位描述游戏中不显示!
/Game/Data/ExportDialogues/I/I_IK24YYDX/Di9DuanZhengLi/DT_DialogueInfo_I_IK24YYDX_Di9DuanZhengLi	DT_DialogueInfo_I_IK24YYDX_Di9DuanZhengLi_InteractionDescribe_DialogueText	InteractionDescribe	占位描述游戏中不显示!
/Game/Data/ExportDialogues/I/I_IK24YYDX/Echo3JingTou/DT_DialogueInfo_I_IK24YYDX_Echo3JingTou	DT_DialogueInfo_I_IK24YYDX_Echo3JingTou_InteractionDescribe_DialogueText	InteractionDescribe	占位描述游戏中不显示!
/Game/Data/ExportDialogues/I/I_IK24YYDX/ShangAnZhaoShu/DT_DialogueInfo_I_IK24YYDX_ShangAnZhaoShu	DT_DialogueInfo_I_IK24YYDX_ShangAnZhaoShu_InteractionDescribe_DialogueText	InteractionDescribe	占位描述游戏中不显示!
/Game/Data/ExportDialogues/I/I_IK24YYDX/XianShuWuEcho/DT_DialogueInfo_I_IK24YYDX_XianShuWuEcho	DT_DialogueInfo_I_IK24YYDX_XianShuWuEcho_InteractionDescribe_DialogueText	InteractionDescribe	占位描述游戏中不显示!
/Game/Data/ExportDialogues/M/M_M16ZJPL/JingTouDuiHua1/DT_DialogueInfo_M_M16ZJPL_JingTouDuiHua1	DT_DialogueInfo_M_M16ZJPL_JingTouDuiHua1_InteractionDescribe_DialogueText	InteractionDescribe	占位描述游戏中不显示!
/Game/Data/ExportDialogues/M/M_M16ZJPL/JingTouDuiHua3/DT_DialogueInfo_M_M16ZJPL_JingTouDuiHua3	DT_DialogueInfo_M_M16ZJPL_JingTouDuiHua3_InteractionDescribe_DialogueText	InteractionDescribe	占位描述游戏中不显示!
/Game/Data/ExportDialogues/M/M_M16ZJPL/JingTouDuiHua4/DT_DialogueInfo_M_M16ZJPL_JingTouDuiHua4	DT_DialogueInfo_M_M16ZJPL_JingTouDuiHua4_InteractionDescribe_DialogueText	InteractionDescribe	占位描述游戏中不显示!
/Game/Data/ExportDialogues/M/M_M16ZJPL/JingTouDuiHua5/DT_DialogueInfo_M_M16ZJPL_JingTouDuiHua5	DT_DialogueInfo_M_M16ZJPL_JingTouDuiHua5_InteractionDescribe_DialogueText	InteractionDescribe	占位描述游戏中不显示!
/Game/Data/ExportDialogues/M/M_M16ZJPL/ZhanZhuang/DT_DialogueInfo_M_M16ZJPL_ZhanZhuang	DT_DialogueInfo_M_M16ZJPL_ZhanZhuang_InteractionDescribe_DialogueText	InteractionDescribe	占位描述游戏中不显示!
/Game/Data/ExportDialogues/S10/S10_ZJ/SuLieXianShen/DT_DialogueInfo_S10_ZJ_SuLieXianShen	DT_DialogueInfo_S10_ZJ_SuLieXianShen_InteractionDescribe_DialogueText	InteractionDescribe	占位描述游戏中不显示!
/Game/Data/ExportDialogues/S10/S10_ZJ/YueXiaDuZhuo/DT_DialogueInfo_S10_ZJ_YueXiaDuZhuo	DT_DialogueInfo_S10_ZJ_YueXiaDuZhuo_InteractionDescribe_DialogueText	InteractionDescribe	占位描述游戏中不显示!
/Game/Data/ExportDialogues/S4/S4_MJGF/WanErGaoCi/DT_DialogueInfo_S4_MJGF_WanErGaoCi	DT_DialogueInfo_S4_MJGF_WanErGaoCi_InteractionDescribe_DialogueText	InteractionDescribe	占位描述游戏中不显示!
/Game/Data/ExportDialogues/S9/S9_GYR/DiXiaHuiHe11Yue/DT_DialogueInfo_S9_GYR_DiXiaHuiHe11Yue	DT_DialogueInfo_S9_GYR_DiXiaHuiHe11Yue_InteractionDescribe_DialogueText	InteractionDescribe	占位描述游戏中不显示!
/Game/Data/ExportDialogues/S9/S9_GYR/ShiTing/DT_DialogueInfo_S9_GYR_ShiTing	DT_DialogueInfo_S9_GYR_ShiTing_InteractionDescribe_DialogueText	InteractionDescribe	占位描述游戏中不显示!
/Game/Data/ExportDialogues/S9/S9_TTT/YunCanJianDuiTan/DT_DialogueInfo_S9_TTT_YunCanJianDuiTan	DT_DialogueInfo_S9_TTT_YunCanJianDuiTan_InteractionDescribe_DialogueText	InteractionDescribe	占位描述游戏中不显示!
/Game/Data/ExportDialogues/S9/S9_YYTX/KanFuZiDiaoXiang/DT_DialogueInfo_S9_YYTX_KanFuZiDiaoXiang	DT_DialogueInfo_S9_YYTX_KanFuZiDiaoXiang_InteractionDescribe_DialogueText	InteractionDescribe	占位描述游戏中不显示!
/Game/Data/ExportDialogues/S9/S9_YYTX/LuBanDaShiJiaoTan/DT_DialogueInfo_S9_YYTX_LuBanDaShiJiaoTan	DT_DialogueInfo_S9_YYTX_LuBanDaShiJiaoTan_InteractionDescribe_DialogueText	InteractionDescribe	占位描述游戏中不显示!
/Game/Data/ExportDialogues/S9/S9_ZS/WanHui11Yue/DT_DialogueInfo_S9_ZS_WanHui11Yue	DT_DialogueInfo_S9_ZS_WanHui11Yue_InteractionDescribe_DialogueText	InteractionDescribe	占位描述游戏中不显示!
/Game/Data/ExportDialogues/S9/S9_ZS/XinDunCao/DT_DialogueInfo_S9_ZS_XinDunCao	DT_DialogueInfo_S9_ZS_XinDunCao_InteractionDescribe_DialogueText	InteractionDescribe	占位描述游戏中不显示!
/Game/Data/ExportDialogues/S9/S9_ZS/XinDunCao11Yue/DT_DialogueInfo_S9_ZS_XinDunCao11Yue	DT_DialogueInfo_S9_ZS_XinDunCao11Yue_InteractionDescribe_DialogueText	InteractionDescribe	占位描述游戏中不显示!
/Game/Data/ExportDialogues/S9/S9_ZS/XinGaoDiDuiZhi/DT_DialogueInfo_S9_ZS_XinGaoDiDuiZhi	DT_DialogueInfo_S9_ZS_XinGaoDiDuiZhi_InteractionDescribe_DialogueText	InteractionDescribe	占位描述游戏中不显示!
/Game/Data/ExportDialogues/S9/S9_ZS/XinJieShuoXi2/DT_DialogueInfo_S9_ZS_XinJieShuoXi2	DT_DialogueInfo_S9_ZS_XinJieShuoXi2_InteractionDescribe_DialogueText	InteractionDescribe	占位描述游戏中不显示!
/Game/Data/ExportDialogues/S9/S9_ZS/XinLanShuaXin/DT_DialogueInfo_S9_ZS_XinLanShuaXin	DT_DialogueInfo_S9_ZS_XinLanShuaXin_InteractionDescribe_DialogueText	InteractionDescribe	占位描述游戏中不显示!
/Game/Data/ExportDialogues/S9/S9_ZS/XinYiTaJiHe/DT_DialogueInfo_S9_ZS_XinYiTaJiHe	DT_DialogueInfo_S9_ZS_XinYiTaJiHe_InteractionDescribe_DialogueText	InteractionDescribe	占位描述游戏中不显示!
/Game/Data/ExportDialogues/S9/S9_ZS/XinZhaoHuanHuoPao/DT_DialogueInfo_S9_ZS_XinZhaoHuanHuoPao	DT_DialogueInfo_S9_ZS_XinZhaoHuanHuoPao_InteractionDescribe_DialogueText	InteractionDescribe	占位描述游戏中不显示!
/Game/Data/ExportDialogues/S9/S9_ZS/YiTaJiHe11Yue/DT_DialogueInfo_S9_ZS_YiTaJiHe11Yue	DT_DialogueInfo_S9_ZS_YiTaJiHe11Yue_InteractionDescribe_DialogueText	InteractionDescribe	占位描述游戏中不显示!
/Game/Data/ExportDialogues/U03/U03_DGQD09/AnYingDengChang/DT_DialogueInfo_U03_DGQD09_AnYingDengChang	DT_DialogueInfo_U03_DGQD09_AnYingDengChang_InteractionDescribe_DialogueText	InteractionDescribe	占位描述游戏中不显示!
/Game/Data/ExportDialogues/U03/U03_DGQD09/DeHengShouDaoJu/DT_DialogueInfo_U03_DGQD09_DeHengShouDaoJu	DT_DialogueInfo_U03_DGQD09_DeHengShouDaoJu_InteractionDescribe_DialogueText	InteractionDescribe	占位描述游戏中不显示!
/Game/Data/ExportDialogues/U03/U03_DGQD09/Di19Duan/DT_DialogueInfo_U03_DGQD09_Di19Duan	DT_DialogueInfo_U03_DGQD09_Di19Duan_InteractionDescribe_DialogueText	InteractionDescribe	占位描述游戏中不显示!
/Game/Data/ExportDialogues/U03/U03_DGQD09/Di1Duan/DT_DialogueInfo_U03_DGQD09_Di1Duan	DT_DialogueInfo_U03_DGQD09_Di1Duan_InteractionDescribe_DialogueText	InteractionDescribe	占位描述游戏中不显示!
/Game/Data/ExportDialogues/U03/U03_DGQD09/Di1DuanA/DT_DialogueInfo_U03_DGQD09_Di1DuanA	DT_DialogueInfo_U03_DGQD09_Di1DuanA_InteractionDescribe_DialogueText	InteractionDescribe	占位描述游戏中不显示!
/Game/Data/ExportDialogues/U03/U03_DGQD09/Di36Duan/DT_DialogueInfo_U03_DGQD09_Di36Duan	DT_DialogueInfo_U03_DGQD09_Di36Duan_InteractionDescribe_DialogueText	InteractionDescribe	占位描述游戏中不显示!
/Game/Data/ExportDialogues/U03/U03_DGQD09/Di37Duan/DT_DialogueInfo_U03_DGQD09_Di37Duan	DT_DialogueInfo_U03_DGQD09_Di37Duan_InteractionDescribe_DialogueText	InteractionDescribe	占位描述游戏中不显示!
/Game/Data/ExportDialogues/U03/U03_DGQD09/Di38Duan/DT_DialogueInfo_U03_DGQD09_Di38Duan	DT_DialogueInfo_U03_DGQD09_Di38Duan_InteractionDescribe_DialogueText	InteractionDescribe	占位描述游戏中不显示!
/Game/Data/ExportDialogues/U03/U03_DGQD09/Di39Duan/DT_DialogueInfo_U03_DGQD09_Di39Duan	DT_DialogueInfo_U03_DGQD09_Di39Duan_InteractionDescribe_DialogueText	InteractionDescribe	占位描述游戏中不显示!
/Game/Data/ExportDialogues/U03/U03_DGQD09/JiaoDaoJuWan/DT_DialogueInfo_U03_DGQD09_JiaoDaoJuWan	DT_DialogueInfo_U03_DGQD09_JiaoDaoJuWan_InteractionDescribe_DialogueText	InteractionDescribe	占位描述游戏中不显示!
/Game/Data/ExportDialogues/U03/U03_DGQD09/RuKouDuiHua/DT_DialogueInfo_U03_DGQD09_RuKouDuiHua	DT_DialogueInfo_U03_DGQD09_RuKouDuiHua_InteractionDescribe_DialogueText	InteractionDescribe	占位描述游戏中不显示!
/Game/Data/ExportDialogues/U03/U03_DGQD09/XinZengDeHengXianJie/DT_DialogueInfo_U03_DGQD09_XinZengDeHengXianJie	DT_DialogueInfo_U03_DGQD09_XinZengDeHengXianJie_InteractionDescribe_DialogueText	InteractionDescribe	占位描述游戏中不显示!
/Game/Data/ExportDialogues/U03/U03_DGQD09/YuQunBiaoYan/DT_DialogueInfo_U03_DGQD09_YuQunBiaoYan	DT_DialogueInfo_U03_DGQD09_YuQunBiaoYan_InteractionDescribe_DialogueText	InteractionDescribe	占位描述游戏中不显示!
/Game/Data/ExportDialogues/U03/U03_DGQD09/YuQunBiaoYan2/DT_DialogueInfo_U03_DGQD09_YuQunBiaoYan2	DT_DialogueInfo_U03_DGQD09_YuQunBiaoYan2_InteractionDescribe_DialogueText	InteractionDescribe	占位描述游戏中不显示!
/Game/Data/ExportDialogues/U03/U03_DGQD11/BossQianDuiHua/DT_DialogueInfo_U03_DGQD11_BossQianDuiHua	DT_DialogueInfo_U03_DGQD11_BossQianDuiHua_InteractionDescribe_DialogueText	InteractionDescribe	占位描述游戏中不显示!
/Game/Data/ExportDialogues/U03/U03_DGQD11/DeHengXianLiao0/DT_DialogueInfo_U03_DGQD11_DeHengXianLiao0	DT_DialogueInfo_U03_DGQD11_DeHengXianLiao0_InteractionDescribe_DialogueText	InteractionDescribe	占位描述游戏中不显示!
/Game/Data/ExportDialogues/U03/U03_DGQD11/HeiYingFenShen/DT_DialogueInfo_U03_DGQD11_HeiYingFenShen	DT_DialogueInfo_U03_DGQD11_HeiYingFenShen_InteractionDescribe_DialogueText	InteractionDescribe	占位描述游戏中不显示!
/Game/Data/ExportDialogues/U03/U03_DGQD11/JieWeiZhongRenDuiHua/DT_DialogueInfo_U03_DGQD11_JieWeiZhongRenDuiHua	DT_DialogueInfo_U03_DGQD11_JieWeiZhongRenDuiHua_InteractionDescribe_DialogueText	InteractionDescribe	占位描述游戏中不显示!
/Game/Data/ExportDialogues/U03/U03_DGQD11/JinRuBossDi/DT_DialogueInfo_U03_DGQD11_JinRuBossDi	DT_DialogueInfo_U03_DGQD11_JinRuBossDi_InteractionDescribe_DialogueText	InteractionDescribe	占位描述游戏中不显示!
/Game/Data/ExportDialogues/U03/U03_DGQD11/YuDeHengDuiHua/DT_DialogueInfo_U03_DGQD11_YuDeHengDuiHua	DT_DialogueInfo_U03_DGQD11_YuDeHengDuiHua_InteractionDescribe_DialogueText	InteractionDescribe	占位描述游戏中不显示!
/Game/Data/ExportDialogues/U03/U03_DGQD11/YuGuiDieDuiHua/DT_DialogueInfo_U03_DGQD11_YuGuiDieDuiHua	DT_DialogueInfo_U03_DGQD11_YuGuiDieDuiHua_InteractionDescribe_DialogueText	InteractionDescribe	占位描述游戏中不显示!
/Game/Data/ExportDialogues/U03/U03_DGQD11/ZhuJueJiaoHuWanA/DT_DialogueInfo_U03_DGQD11_ZhuJueJiaoHuWanA	DT_DialogueInfo_U03_DGQD11_ZhuJueJiaoHuWanA_InteractionDescribe_DialogueText	InteractionDescribe	占位描述游戏中不显示!
/Game/Data/ExportDialogues/U03/U03_U03_QD_01/Di26DuanXianHua/DT_DialogueInfo_U03_U03_QD_01_Di26DuanXianHua	DT_DialogueInfo_U03_U03_QD_01_Di26DuanXianHua_InteractionDescribe_DialogueText	InteractionDescribe	占位描述游戏中不显示!
/Game/Data/ExportDialogues/U03/U03_U03QD03YHSG/Di2Duan/DT_DialogueInfo_U03_U03QD03YHSG_Di2Duan	DT_DialogueInfo_U03_U03QD03YHSG_Di2Duan_InteractionDescribe_DialogueText	InteractionDescribe	占位描述游戏中不显示!
/Game/Data/ExportDialogues/U03/U03_U03QD03YHSG/Di4Duan/DT_DialogueInfo_U03_U03QD03YHSG_Di4Duan	DT_DialogueInfo_U03_U03QD03YHSG_Di4Duan_InteractionDescribe_DialogueText	InteractionDescribe	占位描述游戏中不显示!
/Game/Data/ExportDialogues/U03/U03_U03QD03YHSG/Di6Duan/DT_DialogueInfo_U03_U03QD03YHSG_Di6Duan	DT_DialogueInfo_U03_U03QD03YHSG_Di6Duan_InteractionDescribe_DialogueText	InteractionDescribe	占位描述游戏中不显示!
/Game/Data/ExportDialogues/U03/U03_U03QD03YHSG/Di6DuanAJiaoTan/DT_DialogueInfo_U03_U03QD03YHSG_Di6DuanAJiaoTan	DT_DialogueInfo_U03_U03QD03YHSG_Di6DuanAJiaoTan_InteractionDescribe_DialogueText	InteractionDescribe	占位描述游戏中不显示!
/Game/Data/ExportDialogues/U03/U03_U03QD03YHSG/Di7Duan/DT_DialogueInfo_U03_U03QD03YHSG_Di7Duan	DT_DialogueInfo_U03_U03QD03YHSG_Di7Duan_InteractionDescribe_DialogueText	InteractionDescribe	占位描述游戏中不显示!
/Game/Data/ExportDialogues/U03/U03_U03QD03YHSG/Di9DuanSeq/DT_DialogueInfo_U03_U03QD03YHSG_Di9DuanSeq	DT_DialogueInfo_U03_U03QD03YHSG_Di9DuanSeq_InteractionDescribe_DialogueText	InteractionDescribe	占位描述游戏中不显示!
/Game/Data/ExportDialogues/U03/U03_U03QD03YHSG/ShenGongYi/DT_DialogueInfo_U03_U03QD03YHSG_ShenGongYi	DT_DialogueInfo_U03_U03QD03YHSG_ShenGongYi_InteractionDescribe_DialogueText	InteractionDescribe	占位描述游戏中不显示!
/Game/Data/ExportDialogues/U03/U03_U03QD07/Di13DuanChaiFen/DT_DialogueInfo_U03_U03QD07_Di13DuanChaiFen	DT_DialogueInfo_U03_U03QD07_Di13DuanChaiFen_InteractionDescribe_DialogueText	InteractionDescribe	占位描述游戏中不显示!
/Game/Data/ExportDialogues/U03/U03_U03QD07/Di28BDuan/DT_DialogueInfo_U03_U03QD07_Di28BDuan	DT_DialogueInfo_U03_U03QD07_Di28BDuan_InteractionDescribe_DialogueText	InteractionDescribe	占位描述游戏中不显示!
/Game/Data/ExportDialogues/Vytest/Vytest_DSZRGSS/ChaXuHuWanLiHuiLai/DT_DialogueInfo_Vytest_DSZRGSS_ChaXuHuWanLiHuiLai	DT_DialogueInfo_Vytest_DSZRGSS_ChaXuHuWanLiHuiLai_InteractionDescribe_DialogueText	InteractionDescribe	占位描述游戏中不显示!
/Game/Data/ExportDialogues/Vytest/Vytest_DSZRGSS/DaShuXiaEr/DT_DialogueInfo_Vytest_DSZRGSS_DaShuXiaEr	DT_DialogueInfo_Vytest_DSZRGSS_DaShuXiaEr_InteractionDescribe_DialogueText	InteractionDescribe	占位描述游戏中不显示!
/Game/Data/ExportDialogues/Vytest/Vytest_DSZRGSS/HuiYiJieShuDuiHua/DT_DialogueInfo_Vytest_DSZRGSS_HuiYiJieShuDuiHua	DT_DialogueInfo_Vytest_DSZRGSS_HuiYiJieShuDuiHua_InteractionDescribe_DialogueText	InteractionDescribe	占位描述游戏中不显示!
/Game/Data/ExportDialogues/Vytest/Vytest_DSZRGSS/KanDaoHuWanLi/DT_DialogueInfo_Vytest_DSZRGSS_KanDaoHuWanLi	DT_DialogueInfo_Vytest_DSZRGSS_KanDaoHuWanLi_InteractionDescribe_DialogueText	InteractionDescribe	占位描述游戏中不显示!
/Game/Data/ExportDialogues/Vytest/Vytest_DSZRGSS/KanDaoKanShuFanYing/DT_DialogueInfo_Vytest_DSZRGSS_KanDaoKanShuFanYing	DT_DialogueInfo_Vytest_DSZRGSS_KanDaoKanShuFanYing_InteractionDescribe_DialogueText	InteractionDescribe	占位描述游戏中不显示!
/Game/Data/ExportDialogues/Vytest/Vytest_XYQC/ChangShiHuanXingMengYa/DT_DialogueInfo_Vytest_XYQC_ChangShiHuanXingMengYa	DT_DialogueInfo_Vytest_XYQC_ChangShiHuanXingMengYa_InteractionDescribe_DialogueText	InteractionDescribe	占位描述游戏中不显示!
/Game/Data/ExportDialogues/Vytest/Vytest_XYQC/ChangShiHuanXingSunBin/DT_DialogueInfo_Vytest_XYQC_ChangShiHuanXingSunBin	DT_DialogueInfo_Vytest_XYQC_ChangShiHuanXingSunBin_InteractionDescribe_DialogueText	InteractionDescribe	占位描述游戏中不显示!
/Game/Data/ExportDialogues/Vytest/Vytest_XYQC/ChangShiHuanXingXiShi/DT_DialogueInfo_Vytest_XYQC_ChangShiHuanXingXiShi	DT_DialogueInfo_Vytest_XYQC_ChangShiHuanXingXiShi_InteractionDescribe_DialogueText	InteractionDescribe	占位描述游戏中不显示!
/Game/Data/ExportDialogues/Vytest/Vytest_XYQC/DuShu2DuiHua/DT_DialogueInfo_Vytest_XYQC_DuShu2DuiHua	DT_DialogueInfo_Vytest_XYQC_DuShu2DuiHua_InteractionDescribe_DialogueText	InteractionDescribe	占位描述游戏中不显示!
/Game/Data/ExportDialogues/Vytest/Vytest_XYQC/ErCengDaMenB/DT_DialogueInfo_Vytest_XYQC_ErCengDaMenB	DT_DialogueInfo_Vytest_XYQC_ErCengDaMenB_InteractionDescribe_DialogueText	InteractionDescribe	占位描述游戏中不显示!
/Game/Data/ExportDialogues/Vytest/Vytest_XYQC/GuiDieJieWei/DT_DialogueInfo_Vytest_XYQC_GuiDieJieWei	DT_DialogueInfo_Vytest_XYQC_GuiDieJieWei_InteractionDescribe_DialogueText	InteractionDescribe	占位描述游戏中不显示!
/Game/Data/ExportDialogues/Vytest/Vytest_XYQC/GuiDieLiYuanFenZhaoShu/DT_DialogueInfo_Vytest_XYQC_GuiDieLiYuanFenZhaoShu	DT_DialogueInfo_Vytest_XYQC_GuiDieLiYuanFenZhaoShu_InteractionDescribe_DialogueText	InteractionDescribe	占位描述游戏中不显示!
/Game/Data/ExportDialogues/Vytest/Vytest_XYQC/JinRuYunCan/DT_DialogueInfo_Vytest_XYQC_JinRuYunCan	DT_DialogueInfo_Vytest_XYQC_JinRuYunCan_InteractionDescribe_DialogueText	InteractionDescribe	占位描述游戏中不显示!
/Game/Data/ExportDialogues/Vytest/Vytest_XYQC/KanDaoYunCan/DT_DialogueInfo_Vytest_XYQC_KanDaoYunCan	DT_DialogueInfo_Vytest_XYQC_KanDaoYunCan_InteractionDescribe_DialogueText	InteractionDescribe	占位描述游戏中不显示!
/Game/Data/ExportDialogues/Vytest/Vytest_XYQC/KeXuanXingMangDuiHua/DT_DialogueInfo_Vytest_XYQC_KeXuanXingMangDuiHua	DT_DialogueInfo_Vytest_XYQC_KeXuanXingMangDuiHua_InteractionDescribe_DialogueText	InteractionDescribe	占位描述游戏中不显示!
/Game/Data/ExportDialogues/Vytest/Vytest_XYQC/KeXuanXingMangZiSuDuiHua/DT_DialogueInfo_Vytest_XYQC_KeXuanXingMangZiSuDuiHua	DT_DialogueInfo_Vytest_XYQC_KeXuanXingMangZiSuDuiHua_InteractionDescribe_DialogueText	InteractionDescribe	占位描述游戏中不显示!
/Game/Data/ExportDialogues/Vytest/Vytest_XYQC/LengChunFanFuDuiHua/DT_DialogueInfo_Vytest_XYQC_LengChunFanFuDuiHua	DT_DialogueInfo_Vytest_XYQC_LengChunFanFuDuiHua_InteractionDescribe_DialogueText	InteractionDescribe	占位描述游戏中不显示!
/Game/Data/ExportDialogues/Vytest/Vytest_XYQC/LengChunQuanGuiDie/DT_DialogueInfo_Vytest_XYQC_LengChunQuanGuiDie	DT_DialogueInfo_Vytest_XYQC_LengChunQuanGuiDie_InteractionDescribe_DialogueText	InteractionDescribe	占位描述游戏中不显示!
/Game/Data/ExportDialogues/Vytest/Vytest_XYQC/LengChunXianZhiDuiHua/DT_DialogueInfo_Vytest_XYQC_LengChunXianZhiDuiHua	DT_DialogueInfo_Vytest_XYQC_LengChunXianZhiDuiHua_InteractionDescribe_DialogueText	InteractionDescribe	占位描述游戏中不显示!
/Game/Data/ExportDialogues/Vytest/Vytest_XYQC/LinShiZhanWei1/DT_DialogueInfo_Vytest_XYQC_LinShiZhanWei1	DT_DialogueInfo_Vytest_XYQC_LinShiZhanWei1_InteractionDescribe_DialogueText	InteractionDescribe	占位描述游戏中不显示!
/Game/Data/ExportDialogues/Vytest/Vytest_XYQC/LinShiZhanWei2/DT_DialogueInfo_Vytest_XYQC_LinShiZhanWei2	DT_DialogueInfo_Vytest_XYQC_LinShiZhanWei2_InteractionDescribe_DialogueText	InteractionDescribe	占位描述游戏中不显示!
/Game/Data/ExportDialogues/Vytest/Vytest_XYQC/LinShiZhanWei3/DT_DialogueInfo_Vytest_XYQC_LinShiZhanWei3	DT_DialogueInfo_Vytest_XYQC_LinShiZhanWei3_InteractionDescribe_DialogueText	InteractionDescribe	占位描述游戏中不显示!
/Game/Data/ExportDialogues/Vytest/Vytest_XYQC/LinShiZhanWei4/DT_DialogueInfo_Vytest_XYQC_LinShiZhanWei4	DT_DialogueInfo_Vytest_XYQC_LinShiZhanWei4_InteractionDescribe_DialogueText	InteractionDescribe	占位描述游戏中不显示!
/Game/Data/ExportDialogues/Vytest/Vytest_XYQC/LinShiZhanWei5/DT_DialogueInfo_Vytest_XYQC_LinShiZhanWei5	DT_DialogueInfo_Vytest_XYQC_LinShiZhanWei5_InteractionDescribe_DialogueText	InteractionDescribe	占位描述游戏中不显示!
/Game/Data/ExportDialogues/Vytest/Vytest_XYQC/LuBanDaShiZiYanZiYu/DT_DialogueInfo_Vytest_XYQC_LuBanDaShiZiYanZiYu	DT_DialogueInfo_Vytest_XYQC_LuBanDaShiZiYanZiYu_InteractionDescribe_DialogueText	InteractionDescribe	占位描述游戏中不显示!
/Game/Data/ExportDialogues/Vytest/Vytest_XYQC/LuBanXianZhiDuiHua/DT_DialogueInfo_Vytest_XYQC_LuBanXianZhiDuiHua	DT_DialogueInfo_Vytest_XYQC_LuBanXianZhiDuiHua_InteractionDescribe_DialogueText	InteractionDescribe	占位描述游戏中不显示!
/Game/Data/ExportDialogues/Vytest/Vytest_XYQC/QiHaoXianZhiDuiHua/DT_DialogueInfo_Vytest_XYQC_QiHaoXianZhiDuiHua	DT_DialogueInfo_Vytest_XYQC_QiHaoXianZhiDuiHua_InteractionDescribe_DialogueText	InteractionDescribe	占位描述游戏中不显示!
/Game/Data/ExportDialogues/Vytest/Vytest_XYQC/XingMangJiaoLiu/DT_DialogueInfo_Vytest_XYQC_XingMangJiaoLiu	DT_DialogueInfo_Vytest_XYQC_XingMangJiaoLiu_InteractionDescribe_DialogueText	InteractionDescribe	占位描述游戏中不显示!
/Game/Data/ExportDialogues/Vytest/Vytest_XYQC/XueYuanFenWeiYi/DT_DialogueInfo_Vytest_XYQC_XueYuanFenWeiYi	DT_DialogueInfo_Vytest_XYQC_XueYuanFenWeiYi_InteractionDescribe_DialogueText	InteractionDescribe	占位描述游戏中不显示!
/Game/Data/ExportDialogues/Vytest/Vytest_XYQC/YiCengMenWeiB/DT_DialogueInfo_Vytest_XYQC_YiCengMenWeiB	DT_DialogueInfo_Vytest_XYQC_YiCengMenWeiB_InteractionDescribe_DialogueText	InteractionDescribe	占位描述游戏中不显示!
/Game/Data/ExportDialogues/Vytest/Vytest_XYQC/YuBanShuJiaoLiu/DT_DialogueInfo_Vytest_XYQC_YuBanShuJiaoLiu	DT_DialogueInfo_Vytest_XYQC_YuBanShuJiaoLiu_InteractionDescribe_DialogueText	InteractionDescribe	占位描述游戏中不显示!
/Game/Data/ExportDialogues/Vytest/Vytest_XYQC/YuGuiDieDuiHuaKeXuan/DT_DialogueInfo_Vytest_XYQC_YuGuiDieDuiHuaKeXuan	DT_DialogueInfo_Vytest_XYQC_YuGuiDieDuiHuaKeXuan_InteractionDescribe_DialogueText	InteractionDescribe	占位描述游戏中不显示!
/Game/Data/ExportDialogues/Vytest/Vytest_XYQC/YuLengChunDuiHua/DT_DialogueInfo_Vytest_XYQC_YuLengChunDuiHua	DT_DialogueInfo_Vytest_XYQC_YuLengChunDuiHua_InteractionDescribe_DialogueText	InteractionDescribe	占位描述游戏中不显示!
/Game/Data/ExportDialogues/Vytest/Vytest_XYQC/YunCanKongJianNei/DT_DialogueInfo_Vytest_XYQC_YunCanKongJianNei	DT_DialogueInfo_Vytest_XYQC_YunCanKongJianNei_InteractionDescribe_DialogueText	InteractionDescribe	占位描述游戏中不显示!
/Game/Data/ExportDialogues/Vytest/Vytest_XYQC/YuShuBingHangJiaoLiu/DT_DialogueInfo_Vytest_XYQC_YuShuBingHangJiaoLiu	DT_DialogueInfo_Vytest_XYQC_YuShuBingHangJiaoLiu_InteractionDescribe_DialogueText	InteractionDescribe	占位描述游戏中不显示!
/Game/Data/ExportDialogues/Vytest/Vytest_XYQC/YuYuanFenJiaoLiu/DT_DialogueInfo_Vytest_XYQC_YuYuanFenJiaoLiu	DT_DialogueInfo_Vytest_XYQC_YuYuanFenJiaoLiu_InteractionDescribe_DialogueText	InteractionDescribe	占位描述游戏中不显示!
/Game/Data/ExportDialogues/Vytest/Vytest_XYQC/YuYunCanTingZhaoLengChun/DT_DialogueInfo_Vytest_XYQC_YuYunCanTingZhaoLengChun	DT_DialogueInfo_Vytest_XYQC_YuYunCanTingZhaoLengChun_InteractionDescribe_DialogueText	InteractionDescribe	占位描述游戏中不显示!
/Game/Data/ExportDialogues/Vytest/Vytest_XYQC/ZhaoGuiDie/DT_DialogueInfo_Vytest_XYQC_ZhaoGuiDie	DT_DialogueInfo_Vytest_XYQC_ZhaoGuiDie_InteractionDescribe_DialogueText	InteractionDescribe	占位描述游戏中不显示!
/Game/Data/ExportDialogues/Vytest/Vytest_XYQC/ZhaoLengChun/DT_DialogueInfo_Vytest_XYQC_ZhaoLengChun	DT_DialogueInfo_Vytest_XYQC_ZhaoLengChun_InteractionDescribe_DialogueText	InteractionDescribe	占位描述游戏中不显示!
/Game/Data/ExportDialogues/Vytest/Vytest_XYQC/ZhuGeLiangDianBing/DT_DialogueInfo_Vytest_XYQC_ZhuGeLiangDianBing	DT_DialogueInfo_Vytest_XYQC_ZhuGeLiangDianBing_InteractionDescribe_DialogueText	InteractionDescribe	占位描述游戏中不显示!
/Game/Data/ExportDialogues/Vytest/Vytest_XYQC/ZhuGeLiangSongXing/DT_DialogueInfo_Vytest_XYQC_ZhuGeLiangSongXing	DT_DialogueInfo_Vytest_XYQC_ZhuGeLiangSongXing_InteractionDescribe_DialogueText	InteractionDescribe	占位描述游戏中不显示!
/Game/Data/ExportDialogues/Vytest/Vytest_XYQC/ZhuGeLiangSongXing2/DT_DialogueInfo_Vytest_XYQC_ZhuGeLiangSongXing2	DT_DialogueInfo_Vytest_XYQC_ZhuGeLiangSongXing2_InteractionDescribe_DialogueText	InteractionDescribe	占位描述游戏中不显示!
/Game/Data/ExportDialogues/Vytest/Vytest_XYQC/ZhuGeLiangSongXing3/DT_DialogueInfo_Vytest_XYQC_ZhuGeLiangSongXing3	DT_DialogueInfo_Vytest_XYQC_ZhuGeLiangSongXing3_InteractionDescribe_DialogueText	InteractionDescribe	占位描述游戏中不显示!
/Game/Data/ExportDialogues/Vytest/Vytest_XYQC/ZhuGeLiangTiGongQingBao/DT_DialogueInfo_Vytest_XYQC_ZhuGeLiangTiGongQingBao	DT_DialogueInfo_Vytest_XYQC_ZhuGeLiangTiGongQingBao_InteractionDescribe_DialogueText	InteractionDescribe	占位描述游戏中不显示!
/Game/Data/ExportDialogues/Vytest/Vytest_XYQC/ZhuJueHeLaoShiMenDuiHua/DT_DialogueInfo_Vytest_XYQC_ZhuJueHeLaoShiMenDuiHua	DT_DialogueInfo_Vytest_XYQC_ZhuJueHeLaoShiMenDuiHua_InteractionDescribe_DialogueText	InteractionDescribe	占位描述游戏中不显示!
/Game/Data/ExportDialogues/Vytest/Vytest_XYQC/ZiSuJiaoLiu/DT_DialogueInfo_Vytest_XYQC_ZiSuJiaoLiu	DT_DialogueInfo_Vytest_XYQC_ZiSuJiaoLiu_InteractionDescribe_DialogueText	InteractionDescribe	占位描述游戏中不显示!
/Game/Data/ExportDialogues/Vytest/Vytest_XYYZQY/XiJi2/DT_DialogueInfo_Vytest_XYYZQY_XiJi2	DT_DialogueInfo_Vytest_XYYZQY_XiJi2_InteractionDescribe_DialogueText	InteractionDescribe	占位描述游戏中不显示!
/Game/Data/ExportDialogues/Wakeup/Wakeup_AIGC2B/GuanFeng1/DT_DialogueInfo_Wakeup_AIGC2B_GuanFeng1	DT_DialogueInfo_Wakeup_AIGC2B_GuanFeng1_InteractionDescribe_DialogueText	InteractionDescribe	占位描述游戏中不显示!
/Game/Data/ExportDialogues/Wakeup/Wakeup_AIGC2B/TangYingLiu1/DT_DialogueInfo_Wakeup_AIGC2B_TangYingLiu1	DT_DialogueInfo_Wakeup_AIGC2B_TangYingLiu1_InteractionDescribe_DialogueText	InteractionDescribe	占位描述游戏中不显示!
/Game/Data/ExportDialogues/Wakeup/Wakeup_AIGC2B/ZhiLu1/DT_DialogueInfo_Wakeup_AIGC2B_ZhiLu1	DT_DialogueInfo_Wakeup_AIGC2B_ZhiLu1_InteractionDescribe_DialogueText	InteractionDescribe	占位描述游戏中不显示!
/Game/Data/ExportDialogues/Wakeup/Wakeup_AIGC2P/DongFangYaoShiJu/DT_DialogueInfo_Wakeup_AIGC2P_DongFangYaoShiJu	DT_DialogueInfo_Wakeup_AIGC2P_DongFangYaoShiJu_InteractionDescribe_DialogueText	InteractionDescribe	占位描述游戏中不显示!
/Game/Data/ExportDialogues/Wakeup/Wakeup_AIGC2P/DuoZuJingTouZuHe/DT_DialogueInfo_Wakeup_AIGC2P_DuoZuJingTouZuHe	DT_DialogueInfo_Wakeup_AIGC2P_DuoZuJingTouZuHe_InteractionDescribe_DialogueText	InteractionDescribe	占位描述游戏中不显示!
/Game/Data/ExportDialogues/Wakeup/Wakeup_AIGC2P/SanDuiHuaJingTouZu/DT_DialogueInfo_Wakeup_AIGC2P_SanDuiHuaJingTouZu	DT_DialogueInfo_Wakeup_AIGC2P_SanDuiHuaJingTouZu_InteractionDescribe_DialogueText	InteractionDescribe	占位描述游戏中不显示!
/Game/Data/ExportDialogues/Wakeup/Wakeup_AIGC2P/ShenGaoCha1/DT_DialogueInfo_Wakeup_AIGC2P_ShenGaoCha1	DT_DialogueInfo_Wakeup_AIGC2P_ShenGaoCha1_InteractionDescribe_DialogueText	InteractionDescribe	占位描述游戏中不显示!
/Game/Data/ExportDialogues/Wakeup/Wakeup_AIGC2P/SiDuiHuaJingTouZu/DT_DialogueInfo_Wakeup_AIGC2P_SiDuiHuaJingTouZu	DT_DialogueInfo_Wakeup_AIGC2P_SiDuiHuaJingTouZu_InteractionDescribe_DialogueText	InteractionDescribe	占位描述游戏中不显示!
/Game/Data/ExportDialogues/Wakeup/Wakeup_AIGC2P/WuLiuDuiHuaJingTouZu/DT_DialogueInfo_Wakeup_AIGC2P_WuLiuDuiHuaJingTouZu	DT_DialogueInfo_Wakeup_AIGC2P_WuLiuDuiHuaJingTouZu_InteractionDescribe_DialogueText	InteractionDescribe	占位描述游戏中不显示!
/Game/Data/ExportDialogues/Wakeup/Wakeup_AIGC2P/XiShiShiJu/DT_DialogueInfo_Wakeup_AIGC2P_XiShiShiJu	DT_DialogueInfo_Wakeup_AIGC2P_XiShiShiJu_InteractionDescribe_DialogueText	InteractionDescribe	占位描述游戏中不显示!
/Game/Data/ExportDialogues/Wakeup/Wakeup_AIGC2P/ZuoYouKanTiaoJianPanDuan/DT_DialogueInfo_Wakeup_AIGC2P_ZuoYouKanTiaoJianPanDuan	DT_DialogueInfo_Wakeup_AIGC2P_ZuoYouKanTiaoJianPanDuan_InteractionDescribe_DialogueText	InteractionDescribe	占位描述游戏中不显示!
/Game/Data/ExportDialogues/Wb/Wb_S09GYR/KuaiPao/DT_DialogueInfo_Wb_S09GYR_KuaiPao	DT_DialogueInfo_Wb_S09GYR_KuaiPao_InteractionDescribe_DialogueText	InteractionDescribe	占位描述游戏中不显示!
/Game/Data/ExportDialogues/Wb/Wb_S09GYR/YiWuShiShouWei/DT_DialogueInfo_Wb_S09GYR_YiWuShiShouWei	DT_DialogueInfo_Wb_S09GYR_YiWuShiShouWei_InteractionDescribe_DialogueText	InteractionDescribe	占位描述游戏中不显示!
/Game/Data/ExportDialogues/WbSatoshi/WbSatoshi_GNCS/BugChaXun/DT_DialogueInfo_WbSatoshi_GNCS_BugChaXun	DT_DialogueInfo_WbSatoshi_GNCS_BugChaXun_InteractionDescribe_DialogueText	InteractionDescribe	占位描述游戏中不显示!
/Game/Data/ExportDialogues/WbSatoshi/WbSatoshi_S9M1BH/ZhuChiRen2/DT_DialogueInfo_WbSatoshi_S9M1BH_ZhuChiRen2	DT_DialogueInfo_WbSatoshi_S9M1BH_ZhuChiRen2_InteractionDescribe_DialogueText	InteractionDescribe	占位描述游戏中不显示!
/Game/Data/ExportDialogues/WbSatoshi/WbSatoshi_S9M4BH/ZhenDongPingXi/DT_DialogueInfo_WbSatoshi_S9M4BH_ZhenDongPingXi	DT_DialogueInfo_WbSatoshi_S9M4BH_ZhenDongPingXi_InteractionDescribe_DialogueText	InteractionDescribe	占位描述游戏中不显示!
/Game/Data/ExportDialogues/Yongqi/Yongqi_BHBJTC/ChuHuiYiDuiHua/DT_DialogueInfo_Yongqi_BHBJTC_ChuHuiYiDuiHua	DT_DialogueInfo_Yongqi_BHBJTC_ChuHuiYiDuiHua_InteractionDescribe_DialogueText	InteractionDescribe	占位描述游戏中不显示!
/Game/Data/ExportDialogues/Yongqi/Yongqi_BHBJTC/DaTanXianSuo1/DT_DialogueInfo_Yongqi_BHBJTC_DaTanXianSuo1	DT_DialogueInfo_Yongqi_BHBJTC_DaTanXianSuo1_InteractionDescribe_DialogueText	InteractionDescribe	占位描述游戏中不显示!
/Game/Data/ExportDialogues/Yongqi/Yongqi_BHBJTC/DaTanXianSuo2/DT_DialogueInfo_Yongqi_BHBJTC_DaTanXianSuo2	DT_DialogueInfo_Yongqi_BHBJTC_DaTanXianSuo2_InteractionDescribe_DialogueText	InteractionDescribe	占位描述游戏中不显示!
/Game/Data/ExportDialogues/Yongqi/Yongqi_BHBJTC/DaTanXianSuo3/DT_DialogueInfo_Yongqi_BHBJTC_DaTanXianSuo3	DT_DialogueInfo_Yongqi_BHBJTC_DaTanXianSuo3_InteractionDescribe_DialogueText	InteractionDescribe	占位描述游戏中不显示!
/Game/Data/ExportDialogues/Yongqi/Yongqi_BHBJTC/DongKouLongYaZheJi/DT_DialogueInfo_Yongqi_BHBJTC_DongKouLongYaZheJi	DT_DialogueInfo_Yongqi_BHBJTC_DongKouLongYaZheJi_InteractionDescribe_DialogueText	InteractionDescribe	占位描述游戏中不显示!
/Game/Data/ExportDialogues/Yongqi/Yongqi_BHBJTC/EchoHouDuiHua/DT_DialogueInfo_Yongqi_BHBJTC_EchoHouDuiHua	DT_DialogueInfo_Yongqi_BHBJTC_EchoHouDuiHua_InteractionDescribe_DialogueText	InteractionDescribe	占位描述游戏中不显示!
/Game/Data/ExportDialogues/Yongqi/Yongqi_BHBJTC/HouRiTanLeiTai1/DT_DialogueInfo_Yongqi_BHBJTC_HouRiTanLeiTai1	DT_DialogueInfo_Yongqi_BHBJTC_HouRiTanLeiTai1_InteractionDescribe_DialogueText	InteractionDescribe	占位描述游戏中不显示!
/Game/Data/ExportDialogues/Yongqi/Yongqi_BHBJTC/HouRiTanLeiTai2/DT_DialogueInfo_Yongqi_BHBJTC_HouRiTanLeiTai2	DT_DialogueInfo_Yongqi_BHBJTC_HouRiTanLeiTai2_InteractionDescribe_DialogueText	InteractionDescribe	占位描述游戏中不显示!
/Game/Data/ExportDialogues/Yongqi/Yongqi_BHBJTC/HuiDaoXianZai1/DT_DialogueInfo_Yongqi_BHBJTC_HuiDaoXianZai1	DT_DialogueInfo_Yongqi_BHBJTC_HuiDaoXianZai1_InteractionDescribe_DialogueText	InteractionDescribe	占位描述游戏中不显示!
/Game/Data/ExportDialogues/Yongqi/Yongqi_BHBJTC/HuiDaoXianZai2/DT_DialogueInfo_Yongqi_BHBJTC_HuiDaoXianZai2	DT_DialogueInfo_Yongqi_BHBJTC_HuiDaoXianZai2_InteractionDescribe_DialogueText	InteractionDescribe	占位描述游戏中不显示!
/Game/Data/ExportDialogues/Yongqi/Yongqi_BHBJTC/JianDaoNiaoYu/DT_DialogueInfo_Yongqi_BHBJTC_JianDaoNiaoYu	DT_DialogueInfo_Yongqi_BHBJTC_JianDaoNiaoYu_InteractionDescribe_DialogueText	InteractionDescribe	占位描述游戏中不显示!
/Game/Data/ExportDialogues/Yongqi/Yongqi_BHBJTC/JinShanLuShangXin/DT_DialogueInfo_Yongqi_BHBJTC_JinShanLuShangXin	DT_DialogueInfo_Yongqi_BHBJTC_JinShanLuShangXin_InteractionDescribe_DialogueText	InteractionDescribe	占位描述游戏中不显示!
/Game/Data/ExportDialogues/Yongqi/Yongqi_BHBJTC/JiuGuanLiBai/DT_DialogueInfo_Yongqi_BHBJTC_JiuGuanLiBai	DT_DialogueInfo_Yongqi_BHBJTC_JiuGuanLiBai_InteractionDescribe_DialogueText	InteractionDescribe	占位描述游戏中不显示!
/Game/Data/ExportDialogues/Yongqi/Yongqi_BHBJTC/JiuGuanLiBaiZhuJue/DT_DialogueInfo_Yongqi_BHBJTC_JiuGuanLiBaiZhuJue	DT_DialogueInfo_Yongqi_BHBJTC_JiuGuanLiBaiZhuJue_InteractionDescribe_DialogueText	InteractionDescribe	占位描述游戏中不显示!
/Game/Data/ExportDialogues/Yongqi/Yongqi_BHBJTC/KanDaoHuWanLi1/DT_DialogueInfo_Yongqi_BHBJTC_KanDaoHuWanLi1	DT_DialogueInfo_Yongqi_BHBJTC_KanDaoHuWanLi1_InteractionDescribe_DialogueText	InteractionDescribe	占位描述游戏中不显示!
/Game/Data/ExportDialogues/Yongqi/Yongqi_BHBJTC/KanDaoHuWanLi2/DT_DialogueInfo_Yongqi_BHBJTC_KanDaoHuWanLi2	DT_DialogueInfo_Yongqi_BHBJTC_KanDaoHuWanLi2_InteractionDescribe_DialogueText	InteractionDescribe	占位描述游戏中不显示!
/Game/Data/ExportDialogues/Yongqi/Yongqi_BHBJTC/LiBaiDengDai/DT_DialogueInfo_Yongqi_BHBJTC_LiBaiDengDai	DT_DialogueInfo_Yongqi_BHBJTC_LiBaiDengDai_InteractionDescribe_DialogueText	InteractionDescribe	占位描述游戏中不显示!
/Game/Data/ExportDialogues/Yongqi/Yongqi_BHBJTC/LiBaiZhuJueHuiHe/DT_DialogueInfo_Yongqi_BHBJTC_LiBaiZhuJueHuiHe	DT_DialogueInfo_Yongqi_BHBJTC_LiBaiZhuJueHuiHe_InteractionDescribe_DialogueText	InteractionDescribe	占位描述游戏中不显示!
/Game/Data/ExportDialogues/Yongqi/Yongqi_BHBJTC/LiBaiZhuJueZhengChao/DT_DialogueInfo_Yongqi_BHBJTC_LiBaiZhuJueZhengChao	DT_DialogueInfo_Yongqi_BHBJTC_LiBaiZhuJueZhengChao_InteractionDescribe_DialogueText	InteractionDescribe	占位描述游戏中不显示!
/Game/Data/ExportDialogues/Yongqi/Yongqi_BHBJTC/LongYaZhuJuePengTou/DT_DialogueInfo_Yongqi_BHBJTC_LongYaZhuJuePengTou	DT_DialogueInfo_Yongqi_BHBJTC_LongYaZhuJuePengTou_InteractionDescribe_DialogueText	InteractionDescribe	占位描述游戏中不显示!
/Game/Data/ExportDialogues/Yongqi/Yongqi_BHBJTC/LuanDouShouWei2/DT_DialogueInfo_Yongqi_BHBJTC_LuanDouShouWei2	DT_DialogueInfo_Yongqi_BHBJTC_LuanDouShouWei2_InteractionDescribe_DialogueText	InteractionDescribe	占位描述游戏中不显示!
/Game/Data/ExportDialogues/Yongqi/Yongqi_BHBJTC/LuanDouShouWei3/DT_DialogueInfo_Yongqi_BHBJTC_LuanDouShouWei3	DT_DialogueInfo_Yongqi_BHBJTC_LuanDouShouWei3_InteractionDescribe_DialogueText	InteractionDescribe	占位描述游戏中不显示!
/Game/Data/ExportDialogues/Yongqi/Yongqi_BHBJTC/QingXingHouTaoLun/DT_DialogueInfo_Yongqi_BHBJTC_QingXingHouTaoLun	DT_DialogueInfo_Yongqi_BHBJTC_QingXingHouTaoLun_InteractionDescribe_DialogueText	InteractionDescribe	占位描述游戏中不显示!
/Game/Data/ExportDialogues/Yongqi/Yongqi_BHBJTC/QuanYuanHuiYi1/DT_DialogueInfo_Yongqi_BHBJTC_QuanYuanHuiYi1	DT_DialogueInfo_Yongqi_BHBJTC_QuanYuanHuiYi1_InteractionDescribe_DialogueText	InteractionDescribe	占位描述游戏中不显示!
/Game/Data/ExportDialogues/Yongqi/Yongqi_BHBJTC/QuanYuanHuiYi2/DT_DialogueInfo_Yongqi_BHBJTC_QuanYuanHuiYi2	DT_DialogueInfo_Yongqi_BHBJTC_QuanYuanHuiYi2_InteractionDescribe_DialogueText	InteractionDescribe	占位描述游戏中不显示!
/Game/Data/ExportDialogues/Yongqi/Yongqi_BHBJTC/SanRenGaoBie/DT_DialogueInfo_Yongqi_BHBJTC_SanRenGaoBie	DT_DialogueInfo_Yongqi_BHBJTC_SanRenGaoBie_InteractionDescribe_DialogueText	InteractionDescribe	占位描述游戏中不显示!
/Game/Data/ExportDialogues/Yongqi/Yongqi_BHBJTC/SanRenTaoLun/DT_DialogueInfo_Yongqi_BHBJTC_SanRenTaoLun	DT_DialogueInfo_Yongqi_BHBJTC_SanRenTaoLun_InteractionDescribe_DialogueText	InteractionDescribe	占位描述游戏中不显示!
/Game/Data/ExportDialogues/Yongqi/Yongqi_BHBJTC/WeiZhuZhuJue/DT_DialogueInfo_Yongqi_BHBJTC_WeiZhuZhuJue	DT_DialogueInfo_Yongqi_BHBJTC_WeiZhuZhuJue_InteractionDescribe_DialogueText	InteractionDescribe	占位描述游戏中不显示!
/Game/Data/ExportDialogues/Yongqi/Yongqi_BHBJTC/XunWenQingKuang/DT_DialogueInfo_Yongqi_BHBJTC_XunWenQingKuang	DT_DialogueInfo_Yongqi_BHBJTC_XunWenQingKuang_InteractionDescribe_DialogueText	InteractionDescribe	占位描述游戏中不显示!
/Game/Data/ExportDialogues/Yongqi/Yongqi_BHBJTC/YunGenDongTianRuKou/DT_DialogueInfo_Yongqi_BHBJTC_YunGenDongTianRuKou	DT_DialogueInfo_Yongqi_BHBJTC_YunGenDongTianRuKou_InteractionDescribe_DialogueText	InteractionDescribe	占位描述游戏中不显示!
/Game/Data/ExportDialogues/Yongqi/Yongqi_BHBJTC/ZhanShengHuWanLi/DT_DialogueInfo_Yongqi_BHBJTC_ZhanShengHuWanLi	DT_DialogueInfo_Yongqi_BHBJTC_ZhanShengHuWanLi_InteractionDescribe_DialogueText	InteractionDescribe	占位描述游戏中不显示!
/Game/Data/ExportDialogues/Yongqi/Yongqi_HRT/JiuGuan1/DT_DialogueInfo_Yongqi_HRT_JiuGuan1	DT_DialogueInfo_Yongqi_HRT_JiuGuan1_InteractionDescribe_DialogueText	InteractionDescribe	占位描述游戏中不显示!
/Game/Data/ExportDialogues/Yongqi/Yongqi_HRT/JiuGuan2/DT_DialogueInfo_Yongqi_HRT_JiuGuan2	DT_DialogueInfo_Yongqi_HRT_JiuGuan2_InteractionDescribe_DialogueText	InteractionDescribe	占位描述游戏中不显示!
/Game/Data/ExportDialogues/Yongqi/Yongqi_HRT/JiuGuan3/DT_DialogueInfo_Yongqi_HRT_JiuGuan3	DT_DialogueInfo_Yongqi_HRT_JiuGuan3_InteractionDescribe_DialogueText	InteractionDescribe	占位描述游戏中不显示!
/Game/Data/ExportDialogues/Yongqi/Yongqi_HRT/LeiTaiChu1/DT_DialogueInfo_Yongqi_HRT_LeiTaiChu1	DT_DialogueInfo_Yongqi_HRT_LeiTaiChu1_InteractionDescribe_DialogueText	InteractionDescribe	占位描述游戏中不显示!
/Game/Data/ExportDialogues/Yongqi/Yongqi_HRT/LeiTaiChu2/DT_DialogueInfo_Yongqi_HRT_LeiTaiChu2	DT_DialogueInfo_Yongqi_HRT_LeiTaiChu2_InteractionDescribe_DialogueText	InteractionDescribe	占位描述游戏中不显示!
/Game/Data/ExportDialogues/Yongqi/Yongqi_HRT/XueYuan1/DT_DialogueInfo_Yongqi_HRT_XueYuan1	DT_DialogueInfo_Yongqi_HRT_XueYuan1_InteractionDescribe_DialogueText	InteractionDescribe	占位描述游戏中不显示!
/Game/Data/ExportDialogues/Yongqi/Yongqi_HZDXQK/DongKouDuiHuaXin/DT_DialogueInfo_Yongqi_HZDXQK_DongKouDuiHuaXin	DT_DialogueInfo_Yongqi_HZDXQK_DongKouDuiHuaXin_InteractionDescribe_DialogueText	InteractionDescribe	占位描述游戏中不显示!
/Game/Data/ExportDialogues/Yongqi/Yongqi_HZDXQK/HuiDaoXianShiXin/DT_DialogueInfo_Yongqi_HZDXQK_HuiDaoXianShiXin	DT_DialogueInfo_Yongqi_HZDXQK_HuiDaoXianShiXin_InteractionDescribe_DialogueText	InteractionDescribe	占位描述游戏中不显示!
/Game/Data/ExportDialogues/Yongqi/Yongqi_HZDXQK/HuWanLiShouXi/DT_DialogueInfo_Yongqi_HZDXQK_HuWanLiShouXi	DT_DialogueInfo_Yongqi_HZDXQK_HuWanLiShouXi_InteractionDescribe_DialogueText	InteractionDescribe	占位描述游戏中不显示!
/Game/Data/ExportDialogues/Yongqi/Yongqi_HZDXQK/KanDaoEchoHou/DT_DialogueInfo_Yongqi_HZDXQK_KanDaoEchoHou	DT_DialogueInfo_Yongqi_HZDXQK_KanDaoEchoHou_InteractionDescribe_DialogueText	InteractionDescribe	占位描述游戏中不显示!
/Game/Data/ExportDialogues/Yongqi/Yongqi_HZDXQK/KanDaoXiuQuanKuXin/DT_DialogueInfo_Yongqi_HZDXQK_KanDaoXiuQuanKuXin	DT_DialogueInfo_Yongqi_HZDXQK_KanDaoXiuQuanKuXin_InteractionDescribe_DialogueText	InteractionDescribe	占位描述游戏中不显示!
/Game/Data/ExportDialogues/Yongqi/Yongqi_HZDXQK/LiBaiJiaoLiu/DT_DialogueInfo_Yongqi_HZDXQK_LiBaiJiaoLiu	DT_DialogueInfo_Yongqi_HZDXQK_LiBaiJiaoLiu_InteractionDescribe_DialogueText	InteractionDescribe	占位描述游戏中不显示!
/Game/Data/ExportDialogues/Yongqi/Yongqi_HZDXQK/LongYaJiaoLiu/DT_DialogueInfo_Yongqi_HZDXQK_LongYaJiaoLiu	DT_DialogueInfo_Yongqi_HZDXQK_LongYaJiaoLiu_InteractionDescribe_DialogueText	InteractionDescribe	占位描述游戏中不显示!
/Game/Data/ExportDialogues/Yongqi/Yongqi_HZDXQK/YuDaoDaJia/DT_DialogueInfo_Yongqi_HZDXQK_YuDaoDaJia	DT_DialogueInfo_Yongqi_HZDXQK_YuDaoDaJia_InteractionDescribe_DialogueText	InteractionDescribe	占位描述游戏中不显示!
/Game/Data/ExportDialogues/Yongqi/Yongqi_JGDYGZ/DaTanXiaoXi/DT_DialogueInfo_Yongqi_JGDYGZ_DaTanXiaoXi	DT_DialogueInfo_Yongqi_JGDYGZ_DaTanXiaoXi_InteractionDescribe_DialogueText	InteractionDescribe	占位描述游戏中不显示!
/Game/Data/ExportDialogues/Yongqi/Yongqi_JGDYGZ/DiaoChaMenKou/DT_DialogueInfo_Yongqi_JGDYGZ_DiaoChaMenKou	DT_DialogueInfo_Yongqi_JGDYGZ_DiaoChaMenKou_InteractionDescribe_DialogueText	InteractionDescribe	占位描述游戏中不显示!
/Game/Data/ExportDialogues/Yongqi/Yongqi_JGDYGZ/DiDaTaoLun/DT_DialogueInfo_Yongqi_JGDYGZ_DiDaTaoLun	DT_DialogueInfo_Yongqi_JGDYGZ_DiDaTaoLun_InteractionDescribe_DialogueText	InteractionDescribe	占位描述游戏中不显示!
/Game/Data/ExportDialogues/Yongqi/Yongqi_JGDYGZ/FenXiJieLun/DT_DialogueInfo_Yongqi_JGDYGZ_FenXiJieLun	DT_DialogueInfo_Yongqi_JGDYGZ_FenXiJieLun_InteractionDescribe_DialogueText	InteractionDescribe	占位描述游戏中不显示!
/Game/Data/ExportDialogues/Yongqi/Yongqi_JGDYGZ/GouTongXiaoXi/DT_DialogueInfo_Yongqi_JGDYGZ_GouTongXiaoXi	DT_DialogueInfo_Yongqi_JGDYGZ_GouTongXiaoXi_InteractionDescribe_DialogueText	InteractionDescribe	占位描述游戏中不显示!
/Game/Data/ExportDialogues/Yongqi/Yongqi_JGDYGZ/HuWanLiZhiRen3/DT_DialogueInfo_Yongqi_JGDYGZ_HuWanLiZhiRen3	DT_DialogueInfo_Yongqi_JGDYGZ_HuWanLiZhiRen3_InteractionDescribe_DialogueText	InteractionDescribe	占位描述游戏中不显示!
/Game/Data/ExportDialogues/Yongqi/Yongqi_JGDYGZ/HuWanLiZhiRenXin/DT_DialogueInfo_Yongqi_JGDYGZ_HuWanLiZhiRenXin	DT_DialogueInfo_Yongqi_JGDYGZ_HuWanLiZhiRenXin_InteractionDescribe_DialogueText	InteractionDescribe	占位描述游戏中不显示!
/Game/Data/ExportDialogues/Yongqi/Yongqi_JGDYGZ/JianDaoDongXi/DT_DialogueInfo_Yongqi_JGDYGZ_JianDaoDongXi	DT_DialogueInfo_Yongqi_JGDYGZ_JianDaoDongXi_InteractionDescribe_DialogueText	InteractionDescribe	占位描述游戏中不显示!
/Game/Data/ExportDialogues/Yongqi/Yongqi_JGDYGZ/JiBaiYiGuanZhong/DT_DialogueInfo_Yongqi_JGDYGZ_JiBaiYiGuanZhong	DT_DialogueInfo_Yongqi_JGDYGZ_JiBaiYiGuanZhong_InteractionDescribe_DialogueText	InteractionDescribe	占位描述游戏中不显示!
/Game/Data/ExportDialogues/Yongqi/Yongqi_JGDYGZ/JiShiHuiHe/DT_DialogueInfo_Yongqi_JGDYGZ_JiShiHuiHe	DT_DialogueInfo_Yongqi_JGDYGZ_JiShiHuiHe_InteractionDescribe_DialogueText	InteractionDescribe	占位描述游戏中不显示!
/Game/Data/ExportDialogues/Yongqi/Yongqi_JGDYGZ/JiuGuanHuiHe/DT_DialogueInfo_Yongqi_JGDYGZ_JiuGuanHuiHe	DT_DialogueInfo_Yongqi_JGDYGZ_JiuGuanHuiHe_InteractionDescribe_DialogueText	InteractionDescribe	占位描述游戏中不显示!
/Game/Data/ExportDialogues/Yongqi/Yongqi_JGDYGZ/JiuGuanLi1/DT_DialogueInfo_Yongqi_JGDYGZ_JiuGuanLi1	DT_DialogueInfo_Yongqi_JGDYGZ_JiuGuanLi1_InteractionDescribe_DialogueText	InteractionDescribe	占位描述游戏中不显示!
/Game/Data/ExportDialogues/Yongqi/Yongqi_JGDYGZ/JiuGuanLi2/DT_DialogueInfo_Yongqi_JGDYGZ_JiuGuanLi2	DT_DialogueInfo_Yongqi_JGDYGZ_JiuGuanLi2_InteractionDescribe_DialogueText	InteractionDescribe	占位描述游戏中不显示!
/Game/Data/ExportDialogues/Yongqi/Yongqi_JGDYGZ/JiuGuanLi3/DT_DialogueInfo_Yongqi_JGDYGZ_JiuGuanLi3	DT_DialogueInfo_Yongqi_JGDYGZ_JiuGuanLi3_InteractionDescribe_DialogueText	InteractionDescribe	占位描述游戏中不显示!
/Game/Data/ExportDialogues/Yongqi/Yongqi_JGDYGZ/JiuGuanLi4/DT_DialogueInfo_Yongqi_JGDYGZ_JiuGuanLi4	DT_DialogueInfo_Yongqi_JGDYGZ_JiuGuanLi4_InteractionDescribe_DialogueText	InteractionDescribe	占位描述游戏中不显示!
/Game/Data/ExportDialogues/Yongqi/Yongqi_JGDYGZ/JiuGuanQingJiu/DT_DialogueInfo_Yongqi_JGDYGZ_JiuGuanQingJiu	DT_DialogueInfo_Yongqi_JGDYGZ_JiuGuanQingJiu_InteractionDescribe_DialogueText	InteractionDescribe	占位描述游戏中不显示!
/Game/Data/ExportDialogues/Yongqi/Yongqi_JGDYGZ/JiuYouDuiHuaXin1/DT_DialogueInfo_Yongqi_JGDYGZ_JiuYouDuiHuaXin1	DT_DialogueInfo_Yongqi_JGDYGZ_JiuYouDuiHuaXin1_InteractionDescribe_DialogueText	InteractionDescribe	占位描述游戏中不显示!
/Game/Data/ExportDialogues/Yongqi/Yongqi_JGDYGZ/JiuYouDuiHuaXin2/DT_DialogueInfo_Yongqi_JGDYGZ_JiuYouDuiHuaXin2	DT_DialogueInfo_Yongqi_JGDYGZ_JiuYouDuiHuaXin2_InteractionDescribe_DialogueText	InteractionDescribe	占位描述游戏中不显示!
/Game/Data/ExportDialogues/Yongqi/Yongqi_JGDYGZ/JiuYouDuiHuaXin3/DT_DialogueInfo_Yongqi_JGDYGZ_JiuYouDuiHuaXin3	DT_DialogueInfo_Yongqi_JGDYGZ_JiuYouDuiHuaXin3_InteractionDescribe_DialogueText	InteractionDescribe	占位描述游戏中不显示!
/Game/Data/ExportDialogues/Yongqi/Yongqi_JGDYGZ/LiangRenDuiZhi/DT_DialogueInfo_Yongqi_JGDYGZ_LiangRenDuiZhi	DT_DialogueInfo_Yongqi_JGDYGZ_LiangRenDuiZhi_InteractionDescribe_DialogueText	InteractionDescribe	占位描述游戏中不显示!
/Game/Data/ExportDialogues/Yongqi/Yongqi_JGDYGZ/LiBaiHuanXiang7/DT_DialogueInfo_Yongqi_JGDYGZ_LiBaiHuanXiang7	DT_DialogueInfo_Yongqi_JGDYGZ_LiBaiHuanXiang7_InteractionDescribe_DialogueText	InteractionDescribe	占位描述游戏中不显示!
/Game/Data/ExportDialogues/Yongqi/Yongqi_JGDYGZ/LiBaiHuanXiangYinRu/DT_DialogueInfo_Yongqi_JGDYGZ_LiBaiHuanXiangYinRu	DT_DialogueInfo_Yongqi_JGDYGZ_LiBaiHuanXiangYinRu_InteractionDescribe_DialogueText	InteractionDescribe	占位描述游戏中不显示!
/Game/Data/ExportDialogues/Yongqi/Yongqi_JGDYGZ/LiBaiWenHuaFenWei/DT_DialogueInfo_Yongqi_JGDYGZ_LiBaiWenHuaFenWei	DT_DialogueInfo_Yongqi_JGDYGZ_LiBaiWenHuaFenWei_InteractionDescribe_DialogueText	InteractionDescribe	占位描述游戏中不显示!
/Game/Data/ExportDialogues/Yongqi/Yongqi_JGDYGZ/LingYunWeiDiaoChaDuiHua/DT_DialogueInfo_Yongqi_JGDYGZ_LingYunWeiDiaoChaDuiHua	DT_DialogueInfo_Yongqi_JGDYGZ_LingYunWeiDiaoChaDuiHua_InteractionDescribe_DialogueText	InteractionDescribe	占位描述游戏中不显示!
/Game/Data/ExportDialogues/Yongqi/Yongqi_JGDYGZ/LongYaWenHuaFenWei/DT_DialogueInfo_Yongqi_JGDYGZ_LongYaWenHuaFenWei	DT_DialogueInfo_Yongqi_JGDYGZ_LongYaWenHuaFenWei_InteractionDescribe_DialogueText	InteractionDescribe	占位描述游戏中不显示!
/Game/Data/ExportDialogues/Yongqi/Yongqi_JGDYGZ/LongYaYiHuo/DT_DialogueInfo_Yongqi_JGDYGZ_LongYaYiHuo	DT_DialogueInfo_Yongqi_JGDYGZ_LongYaYiHuo_InteractionDescribe_DialogueText	InteractionDescribe	占位描述游戏中不显示!
/Game/Data/ExportDialogues/Yongqi/Yongqi_JGDYGZ/NeiXinDuBai/DT_DialogueInfo_Yongqi_JGDYGZ_NeiXinDuBai	DT_DialogueInfo_Yongqi_JGDYGZ_NeiXinDuBai_InteractionDescribe_DialogueText	InteractionDescribe	占位描述游戏中不显示!
/Game/Data/ExportDialogues/Yongqi/Yongqi_JGDYGZ/QingXing1/DT_DialogueInfo_Yongqi_JGDYGZ_QingXing1	DT_DialogueInfo_Yongqi_JGDYGZ_QingXing1_InteractionDescribe_DialogueText	InteractionDescribe	占位描述游戏中不显示!
/Game/Data/ExportDialogues/Yongqi/Yongqi_JGDYGZ/QingXing2/DT_DialogueInfo_Yongqi_JGDYGZ_QingXing2	DT_DialogueInfo_Yongqi_JGDYGZ_QingXing2_InteractionDescribe_DialogueText	InteractionDescribe	占位描述游戏中不显示!
/Game/Data/ExportDialogues/Yongqi/Yongqi_JGDYGZ/QingXingHou1/DT_DialogueInfo_Yongqi_JGDYGZ_QingXingHou1	DT_DialogueInfo_Yongqi_JGDYGZ_QingXingHou1_InteractionDescribe_DialogueText	InteractionDescribe	占位描述游戏中不显示!
/Game/Data/ExportDialogues/Yongqi/Yongqi_JGDYGZ/QingXingHou2/DT_DialogueInfo_Yongqi_JGDYGZ_QingXingHou2	DT_DialogueInfo_Yongqi_JGDYGZ_QingXingHou2_InteractionDescribe_DialogueText	InteractionDescribe	占位描述游戏中不显示!
/Game/Data/ExportDialogues/Yongqi/Yongqi_JGDYGZ/QuanYuanDaiLu/DT_DialogueInfo_Yongqi_JGDYGZ_QuanYuanDaiLu	DT_DialogueInfo_Yongqi_JGDYGZ_QuanYuanDaiLu_InteractionDescribe_DialogueText	InteractionDescribe	占位描述游戏中不显示!
/Game/Data/ExportDialogues/Yongqi/Yongqi_JGDYGZ/QuQuZhuJue/DT_DialogueInfo_Yongqi_JGDYGZ_QuQuZhuJue	DT_DialogueInfo_Yongqi_JGDYGZ_QuQuZhuJue_InteractionDescribe_DialogueText	InteractionDescribe	占位描述游戏中不显示!
/Game/Data/ExportDialogues/Yongqi/Yongqi_JGDYGZ/SanRenZouChu/DT_DialogueInfo_Yongqi_JGDYGZ_SanRenZouChu	DT_DialogueInfo_Yongqi_JGDYGZ_SanRenZouChu_InteractionDescribe_DialogueText	InteractionDescribe	占位描述游戏中不显示!
/Game/Data/ExportDialogues/Yongqi/Yongqi_JGDYGZ/WenLaoBan/DT_DialogueInfo_Yongqi_JGDYGZ_WenLaoBan	DT_DialogueInfo_Yongqi_JGDYGZ_WenLaoBan_InteractionDescribe_DialogueText	InteractionDescribe	占位描述游戏中不显示!
/Game/Data/ExportDialogues/Yongqi/Yongqi_JGDYGZ/XueJiDiaoChaDuiHua/DT_DialogueInfo_Yongqi_JGDYGZ_XueJiDiaoChaDuiHua	DT_DialogueInfo_Yongqi_JGDYGZ_XueJiDiaoChaDuiHua_InteractionDescribe_DialogueText	InteractionDescribe	占位描述游戏中不显示!
/Game/Data/ExportDialogues/Yongqi/Yongqi_JGDYGZ/XunWenLvDian/DT_DialogueInfo_Yongqi_JGDYGZ_XunWenLvDian	DT_DialogueInfo_Yongqi_JGDYGZ_XunWenLvDian_InteractionDescribe_DialogueText	InteractionDescribe	占位描述游戏中不显示!
/Game/Data/ExportDialogues/Yongqi/Yongqi_JGDYGZ/YiGuanZhong1/DT_DialogueInfo_Yongqi_JGDYGZ_YiGuanZhong1	DT_DialogueInfo_Yongqi_JGDYGZ_YiGuanZhong1_InteractionDescribe_DialogueText	InteractionDescribe	占位描述游戏中不显示!
/Game/Data/ExportDialogues/Yongqi/Yongqi_JGDYGZ/YiGuanZhong2/DT_DialogueInfo_Yongqi_JGDYGZ_YiGuanZhong2	DT_DialogueInfo_Yongqi_JGDYGZ_YiGuanZhong2_InteractionDescribe_DialogueText	InteractionDescribe	占位描述游戏中不显示!
/Game/Data/ExportDialogues/Yongqi/Yongqi_JGDYGZ/YiGuanZhong3/DT_DialogueInfo_Yongqi_JGDYGZ_YiGuanZhong3	DT_DialogueInfo_Yongqi_JGDYGZ_YiGuanZhong3_InteractionDescribe_DialogueText	InteractionDescribe	占位描述游戏中不显示!
/Game/Data/ExportDialogues/Yongqi/Yongqi_JGDYGZ/ZhaoHuLiBai/DT_DialogueInfo_Yongqi_JGDYGZ_ZhaoHuLiBai	DT_DialogueInfo_Yongqi_JGDYGZ_ZhaoHuLiBai_InteractionDescribe_DialogueText	InteractionDescribe	占位描述游戏中不显示!
/Game/Data/ExportDialogues/Yongqi/Yongqi_JGDYGZ/ZouRuJiuJiao/DT_DialogueInfo_Yongqi_JGDYGZ_ZouRuJiuJiao	DT_DialogueInfo_Yongqi_JGDYGZ_ZouRuJiuJiao_InteractionDescribe_DialogueText	InteractionDescribe	占位描述游戏中不显示!
/Game/Data/ExportDialogues/Yongqi/Yongqi_LBFSYL/JinShanQian2/DT_DialogueInfo_Yongqi_LBFSYL_JinShanQian2	DT_DialogueInfo_Yongqi_LBFSYL_JinShanQian2_InteractionDescribe_DialogueText	InteractionDescribe	占位描述游戏中不显示!
/Game/Data/ExportDialogues/Yongqi/Yongqi_QWLZFW/DiDaLeiTaiShang/DT_DialogueInfo_Yongqi_QWLZFW_DiDaLeiTaiShang	DT_DialogueInfo_Yongqi_QWLZFW_DiDaLeiTaiShang_InteractionDescribe_DialogueText	InteractionDescribe	占位描述游戏中不显示!
/Game/Data/ExportDialogues/Yongqi/Yongqi_QWLZFW/GuanJingDianLongYaDuiHua/DT_DialogueInfo_Yongqi_QWLZFW_GuanJingDianLongYaDuiHua	DT_DialogueInfo_Yongqi_QWLZFW_GuanJingDianLongYaDuiHua_InteractionDescribe_DialogueText	InteractionDescribe	占位描述游戏中不显示!
/Game/Data/ExportDialogues/Yongqi/Yongqi_QWLZFW/LeiTaiZhengZhiXin/DT_DialogueInfo_Yongqi_QWLZFW_LeiTaiZhengZhiXin	DT_DialogueInfo_Yongqi_QWLZFW_LeiTaiZhengZhiXin_InteractionDescribe_DialogueText	InteractionDescribe	占位描述游戏中不显示!
/Game/Data/ExportDialogues/Yongqi/Yongqi_QWLZFW/LiBaiHuiHe1/DT_DialogueInfo_Yongqi_QWLZFW_LiBaiHuiHe1	DT_DialogueInfo_Yongqi_QWLZFW_LiBaiHuiHe1_InteractionDescribe_DialogueText	InteractionDescribe	占位描述游戏中不显示!
/Game/Data/ExportDialogues/Yongqi/Yongqi_QWLZFW/LiBaiHuiHe2/DT_DialogueInfo_Yongqi_QWLZFW_LiBaiHuiHe2	DT_DialogueInfo_Yongqi_QWLZFW_LiBaiHuiHe2_InteractionDescribe_DialogueText	InteractionDescribe	占位描述游戏中不显示!
/Game/Data/ExportDialogues/Yongqi/Yongqi_QWLZFW/ShiJian3DuiHua1/DT_DialogueInfo_Yongqi_QWLZFW_ShiJian3DuiHua1	DT_DialogueInfo_Yongqi_QWLZFW_ShiJian3DuiHua1_InteractionDescribe_DialogueText	InteractionDescribe	占位描述游戏中不显示!
/Game/Data/ExportDialogues/Yongqi/Yongqi_QWLZFW/ShiJian3DuiHua2/DT_DialogueInfo_Yongqi_QWLZFW_ShiJian3DuiHua2	DT_DialogueInfo_Yongqi_QWLZFW_ShiJian3DuiHua2_InteractionDescribe_DialogueText	InteractionDescribe	占位描述游戏中不显示!
/Game/Data/ExportDialogues/Yongqi/Yongqi_QWLZFW/XinDaShiJian1/DT_DialogueInfo_Yongqi_QWLZFW_XinDaShiJian1	DT_DialogueInfo_Yongqi_QWLZFW_XinDaShiJian1_InteractionDescribe_DialogueText	InteractionDescribe	占位描述游戏中不显示!
/Game/Data/ExportDialogues/Yongqi/Yongqi_QWLZFW/XinDaShiJian2/DT_DialogueInfo_Yongqi_QWLZFW_XinDaShiJian2	DT_DialogueInfo_Yongqi_QWLZFW_XinDaShiJian2_InteractionDescribe_DialogueText	InteractionDescribe	占位描述游戏中不显示!
/Game/Data/ExportDialogues/Yongqi/Yongqi_QWLZFW/XinDaShiJian3/DT_DialogueInfo_Yongqi_QWLZFW_XinDaShiJian3	DT_DialogueInfo_Yongqi_QWLZFW_XinDaShiJian3_InteractionDescribe_DialogueText	InteractionDescribe	占位描述游戏中不显示!
/Game/Data/ExportDialogues/Yongqi/Yongqi_QWLZFW/YuLiBaiHuiHeXin/DT_DialogueInfo_Yongqi_QWLZFW_YuLiBaiHuiHeXin	DT_DialogueInfo_Yongqi_QWLZFW_YuLiBaiHuiHeXin_InteractionDescribe_DialogueText	InteractionDescribe	占位描述游戏中不显示!
/Game/Data/ExportDialogues/Yongqi/Yongqi_QWLZFW/ZhaoHuLiBai3/DT_DialogueInfo_Yongqi_QWLZFW_ZhaoHuLiBai3	DT_DialogueInfo_Yongqi_QWLZFW_ZhaoHuLiBai3_InteractionDescribe_DialogueText	InteractionDescribe	占位描述游戏中不显示!
/Game/Data/ExportDialogues/Yongqi/Yongqi_QWLZFW/ZhaoHuLiBai4/DT_DialogueInfo_Yongqi_QWLZFW_ZhaoHuLiBai4	DT_DialogueInfo_Yongqi_QWLZFW_ZhaoHuLiBai4_InteractionDescribe_DialogueText	InteractionDescribe	占位描述游戏中不显示!
/Game/Data/ExportDialogues/Yongqi/Yongqi_YZZFW/FuKanWuLianZhen/DT_DialogueInfo_Yongqi_YZZFW_FuKanWuLianZhen	DT_DialogueInfo_Yongqi_YZZFW_FuKanWuLianZhen_InteractionDescribe_DialogueText	InteractionDescribe	占位描述游戏中不显示!
/Game/Data/ExportDialogues/Yongqi/Yongqi_YZZFW/JieYan2/DT_DialogueInfo_Yongqi_YZZFW_JieYan2	DT_DialogueInfo_Yongqi_YZZFW_JieYan2_InteractionDescribe_DialogueText	InteractionDescribe	占位描述游戏中不显示!
/Game/Data/ExportDialogues/Yongqi/Yongqi_YZZFW/LeiTaiZhengZhi/DT_DialogueInfo_Yongqi_YZZFW_LeiTaiZhengZhi	DT_DialogueInfo_Yongqi_YZZFW_LeiTaiZhengZhi_InteractionDescribe_DialogueText	InteractionDescribe	占位描述游戏中不显示!
/Game/Data/ExportDialogues/Yongqi/Yongqi_YZZFW/LiBaiHuiHe/DT_DialogueInfo_Yongqi_YZZFW_LiBaiHuiHe	DT_DialogueInfo_Yongqi_YZZFW_LiBaiHuiHe_InteractionDescribe_DialogueText	InteractionDescribe	占位描述游戏中不显示!
/Game/Data/ExportDialogues/Yongqi/Yongqi_YZZFW/LingYunWeiJiaoTan/DT_DialogueInfo_Yongqi_YZZFW_LingYunWeiJiaoTan	DT_DialogueInfo_Yongqi_YZZFW_LingYunWeiJiaoTan_InteractionDescribe_DialogueText	InteractionDescribe	占位描述游戏中不显示!
/Game/Data/ExportDialogues/Yongqi/Yongqi_YZZFW/LingYunWeiJiaoTanXin/DT_DialogueInfo_Yongqi_YZZFW_LingYunWeiJiaoTanXin	DT_DialogueInfo_Yongqi_YZZFW_LingYunWeiJiaoTanXin_InteractionDescribe_DialogueText	InteractionDescribe	占位描述游戏中不显示!
/Game/Data/ExportDialogues/Yongqi/Yongqi_YZZFW/LongYaHuiHe/DT_DialogueInfo_Yongqi_YZZFW_LongYaHuiHe	DT_DialogueInfo_Yongqi_YZZFW_LongYaHuiHe_InteractionDescribe_DialogueText	InteractionDescribe	占位描述游戏中不显示!
/Game/Data/ExportDialogues/Yongqi/Yongqi_YZZFW/LuYuShangRen/DT_DialogueInfo_Yongqi_YZZFW_LuYuShangRen	DT_DialogueInfo_Yongqi_YZZFW_LuYuShangRen_InteractionDescribe_DialogueText	InteractionDescribe	占位描述游戏中不显示!
/Game/Data/ExportDialogues/Yongqi/Yongqi_YZZFW/YouRenBeiXiJi/DT_DialogueInfo_Yongqi_YZZFW_YouRenBeiXiJi	DT_DialogueInfo_Yongqi_YZZFW_YouRenBeiXiJi_InteractionDescribe_DialogueText	InteractionDescribe	占位描述游戏中不显示!
/Game/Data/ExportDialogues/Yongqi/Yongqi_YZZFW/YunZhouZhanShiJian1/DT_DialogueInfo_Yongqi_YZZFW_YunZhouZhanShiJian1	DT_DialogueInfo_Yongqi_YZZFW_YunZhouZhanShiJian1_InteractionDescribe_DialogueText	InteractionDescribe	占位描述游戏中不显示!
/Game/Data/ExportDialogues/Yongqi/Yongqi_YZZFW/YunZhouZhanShiJian2/DT_DialogueInfo_Yongqi_YZZFW_YunZhouZhanShiJian2	DT_DialogueInfo_Yongqi_YZZFW_YunZhouZhanShiJian2_InteractionDescribe_DialogueText	InteractionDescribe	占位描述游戏中不显示!
/Game/Data/ExportDialogues/Yongqi/Yongqi_YZZFW/ZouXiangLeiTai/DT_DialogueInfo_Yongqi_YZZFW_ZouXiangLeiTai	DT_DialogueInfo_Yongqi_YZZFW_ZouXiangLeiTai_InteractionDescribe_DialogueText	InteractionDescribe	占位描述游戏中不显示!
/Game/Data/ExportDialogues/Yuhongyu/Yuhongyu_DJZCS/YiQiFuZi/DT_DialogueInfo_Yuhongyu_DJZCS_YiQiFuZi	DT_DialogueInfo_Yuhongyu_DJZCS_YiQiFuZi_InteractionDescribe_DialogueText	InteractionDescribe	占位描述游戏中不显示!
/Game/Data/ExportDialogues/Zmtest/Zmtest_MDXY/RuMiaoHangTing/DT_DialogueInfo_Zmtest_MDXY_RuMiaoHangTing	DT_DialogueInfo_Zmtest_MDXY_RuMiaoHangTing_InteractionDescribe_DialogueText	InteractionDescribe	占位描述游戏中不显示!
